{"type":"FeatureCollection","features":[{"type":"Feature","geometry":{"type":"Point","coordinates":[160.054993,-9.428]},"properties":{"icao_code":"AGGH","name":"","location":"","country":""}},{"type":"Feature","geometry":{"type":"Point","coordinates":[157.263,-8.32797]},"properties":{"icao_code":"AGGM","name":"","location":"","country":""}},{"type":"Feature","geometry":{"type":"Point","coordinates":[166.919006,-0.547458]},"properties":{"icao_code":"ANYN","name":"","location":"","country":""}},{"type":"Feature","geometry":{"type":"Point","coordinates":[105.58858,38.74831]},"properties":{"icao_code":"ZBAL","name":"","location":"","country":""}},{"type":"Feature","geometry":{"type":"Point","coordinates":[144.819901,-7.49686]},"properties":{"icao_code":"AYBA","name":"","location":"","country":""}},{"type":"Feature","geometry":{"type":"Point","coordinates":[154.673004,-5.42232]},"properties":{"icao_code":"AYBK","name":"","location":"","country":""}},{"type":"Feature","geometry":{"type":"Point","coordinates":[142.932999,-8.05]},"properties":{"icao_code":"AYBM","name":"","location":"","country":""}},{"type":"Feature","geometry":{"type":"Point","coordinates":[144.970993,-6.02429]},"properties":{"icao_code":"AYCH","name":"","location":"","country":""}},{"type":"Feature","geometry":{"type":"Point","coordinates":[143.207993,-9.08676]},"properties":{"icao_code":"AYDU","name":"","location":"","country":""}},{"type":"Feature","geometry":{"type":"Point","coordinates":[145.391998,-6.08169]},"properties":{"icao_code":"AYGA","name":"","location":"","country":""}},{"type":"Feature","geometry":{"type":"Point","coordinates":[150.334,-10.3115]},"properties":{"icao_code":"AYGN","name":"","location":"","country":""}},{"type":"Feature","geometry":{"type":"Point","coordinates":[148.309006,-8.80454]},"properties":{"icao_code":"AYGR","name":"","location":"","country":""}},{"type":"Feature","geometry":{"type":"Point","coordinates":[150.407327,-5.463846]},"properties":{"icao_code":"AYHK","name":"","location":"","country":""}},{"type":"Feature","geometry":{"type":"Point","coordinates":[145.770996,-7.96361]},"properties":{"icao_code":"AYKM","name":"","location":"","country":""}},{"type":"Feature","geometry":{"type":"Point","coordinates":[150.807999,-2.5794]},"properties":{"icao_code":"AYKV","name":"","location":"","country":""}},{"type":"Feature","geometry":{"type":"Point","coordinates":[145.789001,-5.20708]},"properties":{"icao_code":"AYMD","name":"","location":"","country":""}},{"type":"Feature","geometry":{"type":"Point","coordinates":[144.299412,-5.828212]},"properties":{"icao_code":"AYMH","name":"","location":"","country":""}},{"type":"Feature","geometry":{"type":"Point","coordinates":[143.656998,-6.14774]},"properties":{"icao_code":"AYMN","name":"","location":"","country":""}},{"type":"Feature","geometry":{"type":"Point","coordinates":[147.423996,-2.06189]},"properties":{"icao_code":"AYMO","name":"","location":"","country":""}},{"type":"Feature","geometry":{"type":"Point","coordinates":[146.725977,-6.569803]},"properties":{"icao_code":"AYNZ","name":"","location":"","country":""}},{"type":"Feature","geometry":{"type":"Point","coordinates":[147.220001,-9.44338]},"properties":{"icao_code":"AYPY","name":"","location":"","country":""}},{"type":"Feature","geometry":{"type":"Point","coordinates":[152.380005,-4.34046]},"properties":{"icao_code":"AYTK","name":"","location":"","country":""}},{"type":"Feature","geometry":{"type":"Point","coordinates":[141.3028,-2.6926]},"properties":{"icao_code":"AYVN","name":"","location":"","country":""}},{"type":"Feature","geometry":{"type":"Point","coordinates":[143.892231,-5.635293]},"properties":{"icao_code":"AYWD","name":"","location":"","country":""}},{"type":"Feature","geometry":{"type":"Point","coordinates":[143.669006,-3.58383]},"properties":{"icao_code":"AYWK","name":"","location":"","country":""}},{"type":"Feature","geometry":{"type":"Point","coordinates":[49.977065,40.494884]},"properties":{"icao_code":"UBTT","name":"","location":"","country":""}},{"type":"Feature","geometry":{"type":"Point","coordinates":[-52.784698,68.721802]},"properties":{"icao_code":"BGAA","name":"","location":"","country":""}},{"type":"Feature","geometry":{"type":"Point","coordinates":[-45.425999,61.1605]},"properties":{"icao_code":"BGBW","name":"","location":"","country":""}},{"type":"Feature","geometry":{"type":"Point","coordinates":[-51.67914,64.191066]},"properties":{"icao_code":"BGGH","name":"","location":"","country":""}},{"type":"Feature","geometry":{"type":"Point","coordinates":[-51.057098,69.243202]},"properties":{"icao_code":"BGJN","name":"","location":"","country":""}},{"type":"Feature","geometry":{"type":"Point","coordinates":[-37.1236,65.573601]},"properties":{"icao_code":"BGKK","name":"","location":"","country":""}},{"type":"Feature","geometry":{"type":"Point","coordinates":[-50.715294,67.010446]},"properties":{"icao_code":"BGSF","name":"","location":"","country":""}},{"type":"Feature","geometry":{"type":"Point","coordinates":[-53.729301,66.951302]},"properties":{"icao_code":"BGSS","name":"","location":"","country":""}},{"type":"Feature","geometry":{"type":"Point","coordinates":[-68.703201,76.531197]},"properties":{"icao_code":"BGTL","name":"","location":"","country":""}},{"type":"Feature","geometry":{"type":"Point","coordinates":[-18.072018,65.656573]},"properties":{"icao_code":"BIAR","name":"","location":"","country":""}},{"type":"Feature","geometry":{"type":"Point","coordinates":[-14.4014,65.283302]},"properties":{"icao_code":"BIEG","name":"","location":"","country":""}},{"type":"Feature","geometry":{"type":"Point","coordinates":[-15.2272,64.295601]},"properties":{"icao_code":"BIHN","name":"","location":"","country":""}},{"type":"Feature","geometry":{"type":"Point","coordinates":[-17.426001,65.952301]},"properties":{"icao_code":"BIHU","name":"","location":"","country":""}},{"type":"Feature","geometry":{"type":"Point","coordinates":[-23.1353,66.058098]},"properties":{"icao_code":"BIIS","name":"","location":"","country":""}},{"type":"Feature","geometry":{"type":"Point","coordinates":[-22.6056,63.985001]},"properties":{"icao_code":"BIKF","name":"","location":"","country":""}},{"type":"Feature","geometry":{"type":"Point","coordinates":[-21.93759,64.128732]},"properties":{"icao_code":"BIRK","name":"","location":"","country":""}},{"type":"Feature","geometry":{"type":"Point","coordinates":[-18.908157,66.137847]},"properties":{"icao_code":"BISI","name":"","location":"","country":""}},{"type":"Feature","geometry":{"type":"Point","coordinates":[-20.2789,63.424301]},"properties":{"icao_code":"BIVM","name":"","location":"","country":""}},{"type":"Feature","geometry":{"type":"Point","coordinates":[21.035801,42.5728]},"properties":{"icao_code":"BKPR","name":"","location":"","country":""}},{"type":"Feature","geometry":{"type":"Point","coordinates":[-128.156994,52.185001]},"properties":{"icao_code":"CBBC","name":"","location":"","country":""}},{"type":"Feature","geometry":{"type":"Point","coordinates":[113.420998,24.9786]},"properties":{"icao_code":"ZGSG","name":"","location":"","country":""}},{"type":"Feature","geometry":{"type":"Point","coordinates":[114.737,26.856899]},"properties":{"icao_code":"ZSGS","name":"","location":"","country":""}},{"type":"Feature","geometry":{"type":"Point","coordinates":[86.798,28.604567]},"properties":{"icao_code":"ZUDR","name":"","location":"","country":""}},{"type":"Feature","geometry":{"type":"Point","coordinates":[75.288877,37.661333]},"properties":{"icao_code":"ZWTK","name":"","location":"","country":""}},{"type":"Feature","geometry":{"type":"Point","coordinates":[81.138611,30.3975]},"properties":{"icao_code":"ZUPL","name":"","location":"","country":""}},{"type":"Feature","geometry":{"type":"Point","coordinates":[-93.44349,48.655749]},"properties":{"icao_code":"CYAG","name":"","location":"","country":""}},{"type":"Feature","geometry":{"type":"Point","coordinates":[-73.675301,53.7547]},"properties":{"icao_code":"CYAH","name":"","location":"","country":""}},{"type":"Feature","geometry":{"type":"Point","coordinates":[-84.508467,46.483216]},"properties":{"icao_code":"CYAM","name":"","location":"","country":""}},{"type":"Feature","geometry":{"type":"Point","coordinates":[-88.642799,53.5247]},"properties":{"icao_code":"CYAQ","name":"","location":"","country":""}},{"type":"Feature","geometry":{"type":"Point","coordinates":[-97.032501,50.0564]},"properties":{"icao_code":"CYAV","name":"","location":"","country":""}},{"type":"Feature","geometry":{"type":"Point","coordinates":[-96.010002,50.294399]},"properties":{"icao_code":"CYAX","name":"","location":"","country":""}},{"type":"Feature","geometry":{"type":"Point","coordinates":[-56.08321,51.391909]},"properties":{"icao_code":"CYAY","name":"","location":"","country":""}},{"type":"Feature","geometry":{"type":"Point","coordinates":[-125.775583,49.079833]},"properties":{"icao_code":"CYAZ","name":"","location":"","country":""}},{"type":"Feature","geometry":{"type":"Point","coordinates":[-68.204399,49.1325]},"properties":{"icao_code":"CYBC","name":"","location":"","country":""}},{"type":"Feature","geometry":{"type":"Point","coordinates":[-126.596001,52.387501]},"properties":{"icao_code":"CYBD","name":"","location":"","country":""}},{"type":"Feature","geometry":{"type":"Point","coordinates":[-110.744003,54.304199]},"properties":{"icao_code":"CYBF","name":"","location":"","country":""}},{"type":"Feature","geometry":{"type":"Point","coordinates":[-70.992909,48.331908]},"properties":{"icao_code":"CYBG","name":"","location":"","country":""}},{"type":"Feature","geometry":{"type":"Point","coordinates":[-96.077797,64.298897]},"properties":{"icao_code":"CYBK","name":"","location":"","country":""}},{"type":"Feature","geometry":{"type":"Point","coordinates":[-125.271004,49.950802]},"properties":{"icao_code":"CYBL","name":"","location":"","country":""}},{"type":"Feature","geometry":{"type":"Point","coordinates":[-99.951897,49.91]},"properties":{"icao_code":"CYBR","name":"","location":"","country":""}},{"type":"Feature","geometry":{"type":"Point","coordinates":[-57.185299,51.4436]},"properties":{"icao_code":"CYBX","name":"","location":"","country":""}},{"type":"Feature","geometry":{"type":"Point","coordinates":[-105.138,69.108101]},"properties":{"icao_code":"CYCB","name":"","location":"","country":""}},{"type":"Feature","geometry":{"type":"Point","coordinates":[-74.567724,45.092637]},"properties":{"icao_code":"CYCC","name":"","location":"","country":""}},{"type":"Feature","geometry":{"type":"Point","coordinates":[-123.869863,49.05497]},"properties":{"icao_code":"CYCD","name":"","location":"","country":""}},{"type":"Feature","geometry":{"type":"Point","coordinates":[-81.508301,43.285599]},"properties":{"icao_code":"CYCE","name":"","location":"","country":""}},{"type":"Feature","geometry":{"type":"Point","coordinates":[-117.632004,49.296398]},"properties":{"icao_code":"CYCG","name":"","location":"","country":""}},{"type":"Feature","geometry":{"type":"Point","coordinates":[-65.449203,47.007801]},"properties":{"icao_code":"CYCH","name":"","location":"","country":""}},{"type":"Feature","geometry":{"type":"Point","coordinates":[-66.330299,47.990799]},"properties":{"icao_code":"CYCL","name":"","location":"","country":""}},{"type":"Feature","geometry":{"type":"Point","coordinates":[-81.013603,49.105598]},"properties":{"icao_code":"CYCN","name":"","location":"","country":""}},{"type":"Feature","geometry":{"type":"Point","coordinates":[-121.626999,55.687199]},"properties":{"icao_code":"CYCQ","name":"","location":"","country":""}},{"type":"Feature","geometry":{"type":"Point","coordinates":[-139.128006,64.043098]},"properties":{"icao_code":"CYDA","name":"","location":"","country":""}},{"type":"Feature","geometry":{"type":"Point","coordinates":[-139.041,61.371101]},"properties":{"icao_code":"CYDB","name":"","location":"","country":""}},{"type":"Feature","geometry":{"type":"Point","coordinates":[-57.391399,49.2108]},"properties":{"icao_code":"CYDF","name":"","location":"","country":""}},{"type":"Feature","geometry":{"type":"Point","coordinates":[-132.423004,61.9706]},"properties":{"icao_code":"CYDM","name":"","location":"","country":""}},{"type":"Feature","geometry":{"type":"Point","coordinates":[-100.052002,51.1008]},"properties":{"icao_code":"CYDN","name":"","location":"","country":""}},{"type":"Feature","geometry":{"type":"Point","coordinates":[-72.375,48.7785]},"properties":{"icao_code":"CYDO","name":"","location":"","country":""}},{"type":"Feature","geometry":{"type":"Point","coordinates":[-120.183263,55.741245]},"properties":{"icao_code":"CYDQ","name":"","location":"","country":""}},{"type":"Feature","geometry":{"type":"Point","coordinates":[-113.580002,53.3097]},"properties":{"icao_code":"CYEG","name":"","location":"","country":""}},{"type":"Feature","geometry":{"type":"Point","coordinates":[-82.561401,46.351398]},"properties":{"icao_code":"CYEL","name":"","location":"","country":""}},{"type":"Feature","geometry":{"type":"Point","coordinates":[-81.857595,45.842435]},"properties":{"icao_code":"CYEM","name":"","location":"","country":""}},{"type":"Feature","geometry":{"type":"Point","coordinates":[-102.966003,49.2103]},"properties":{"icao_code":"CYEN","name":"","location":"","country":""}},{"type":"Feature","geometry":{"type":"Point","coordinates":[-116.464996,53.578899]},"properties":{"icao_code":"CYET","name":"","location":"","country":""}},{"type":"Feature","geometry":{"type":"Point","coordinates":[-133.483002,68.304199]},"properties":{"icao_code":"CYEV","name":"","location":"","country":""}},{"type":"Feature","geometry":{"type":"Point","coordinates":[-78.249702,48.563903]},"properties":{"icao_code":"CYEY","name":"","location":"","country":""}},{"type":"Feature","geometry":{"type":"Point","coordinates":[-68.555801,63.756402]},"properties":{"icao_code":"CYFB","name":"","location":"","country":""}},{"type":"Feature","geometry":{"type":"Point","coordinates":[-66.537201,45.8689]},"properties":{"icao_code":"CYFC","name":"","location":"","country":""}},{"type":"Feature","geometry":{"type":"Point","coordinates":[-69.097198,48.746101]},"properties":{"icao_code":"CYFE","name":"","location":"","country":""}},{"type":"Feature","geometry":{"type":"Point","coordinates":[-74.779999,46.409401]},"properties":{"icao_code":"CYFJ","name":"","location":"","country":""}},{"type":"Feature","geometry":{"type":"Point","coordinates":[-113.690002,61.180801]},"properties":{"icao_code":"CYFR","name":"","location":"","country":""}},{"type":"Feature","geometry":{"type":"Point","coordinates":[-121.237,61.760201]},"properties":{"icao_code":"CYFS","name":"","location":"","country":""}},{"type":"Feature","geometry":{"type":"Point","coordinates":[-76.596901,44.2253]},"properties":{"icao_code":"CYGK","name":"","location":"","country":""}},{"type":"Feature","geometry":{"type":"Point","coordinates":[-77.704201,53.625301]},"properties":{"icao_code":"CYGL","name":"","location":"","country":""}},{"type":"Feature","geometry":{"type":"Point","coordinates":[-97.043297,50.628101]},"properties":{"icao_code":"CYGM","name":"","location":"","country":""}},{"type":"Feature","geometry":{"type":"Point","coordinates":[-64.481893,48.774915]},"properties":{"icao_code":"CYGP","name":"","location":"","country":""}},{"type":"Feature","geometry":{"type":"Point","coordinates":[-86.9394,49.778301]},"properties":{"icao_code":"CYGQ","name":"","location":"","country":""}},{"type":"Feature","geometry":{"type":"Point","coordinates":[-61.778612,47.425242]},"properties":{"icao_code":"CYGR","name":"","location":"","country":""}},{"type":"Feature","geometry":{"type":"Point","coordinates":[-63.611401,50.281898]},"properties":{"icao_code":"CYGV","name":"","location":"","country":""}},{"type":"Feature","geometry":{"type":"Point","coordinates":[-77.765297,55.281898]},"properties":{"icao_code":"CYGW","name":"","location":"","country":""}},{"type":"Feature","geometry":{"type":"Point","coordinates":[-92.744202,49.831699]},"properties":{"icao_code":"CYHD","name":"","location":"","country":""}},{"type":"Feature","geometry":{"type":"Point","coordinates":[-83.686096,49.714199]},"properties":{"icao_code":"CYHF","name":"","location":"","country":""}},{"type":"Feature","geometry":{"type":"Point","coordinates":[-79.934998,43.173599]},"properties":{"icao_code":"CYHM","name":"","location":"","country":""}},{"type":"Feature","geometry":{"type":"Point","coordinates":[-84.758904,49.1931]},"properties":{"icao_code":"CYHN","name":"","location":"","country":""}},{"type":"Feature","geometry":{"type":"Point","coordinates":[-137.546005,60.7892]},"properties":{"icao_code":"CYHT","name":"","location":"","country":""}},{"type":"Feature","geometry":{"type":"Point","coordinates":[-73.416901,45.517502]},"properties":{"icao_code":"CYHU","name":"","location":"","country":""}},{"type":"Feature","geometry":{"type":"Point","coordinates":[-115.782997,60.839699]},"properties":{"icao_code":"CYHY","name":"","location":"","country":""}},{"type":"Feature","geometry":{"type":"Point","coordinates":[-63.508598,44.880798]},"properties":{"icao_code":"CYHZ","name":"","location":"","country":""}},{"type":"Feature","geometry":{"type":"Point","coordinates":[-91.638603,48.773899]},"properties":{"icao_code":"CYIB","name":"","location":"","country":""}},{"type":"Feature","geometry":{"type":"Point","coordinates":[-65.785425,44.545845]},"properties":{"icao_code":"CYID","name":"","location":"","country":""}},{"type":"Feature","geometry":{"type":"Point","coordinates":[-58.658298,51.2117]},"properties":{"icao_code":"CYIF","name":"","location":"","country":""}},{"type":"Feature","geometry":{"type":"Point","coordinates":[-94.653603,53.857201]},"properties":{"icao_code":"CYIV","name":"","location":"","country":""}},{"type":"Feature","geometry":{"type":"Point","coordinates":[-123.469002,60.235802]},"properties":{"icao_code":"CYJF","name":"","location":"","country":""}},{"type":"Feature","geometry":{"type":"Point","coordinates":[-73.281097,45.294399]},"properties":{"icao_code":"CYJN","name":"","location":"","country":""}},{"type":"Feature","geometry":{"type":"Point","coordinates":[-58.549999,48.544201]},"properties":{"icao_code":"CYJT","name":"","location":"","country":""}},{"type":"Feature","geometry":{"type":"Point","coordinates":[-120.448641,50.703038]},"properties":{"icao_code":"CYKA","name":"","location":"","country":""}},{"type":"Feature","geometry":{"type":"Point","coordinates":[-80.378601,43.4608]},"properties":{"icao_code":"CYKF","name":"","location":"","country":""}},{"type":"Feature","geometry":{"type":"Point","coordinates":[-105.617996,57.2561]},"properties":{"icao_code":"CYKJ","name":"","location":"","country":""}},{"type":"Feature","geometry":{"type":"Point","coordinates":[-66.805298,54.805302]},"properties":{"icao_code":"CYKL","name":"","location":"","country":""}},{"type":"Feature","geometry":{"type":"Point","coordinates":[-81.606697,44.201401]},"properties":{"icao_code":"CYKM","name":"","location":"","country":""}},{"type":"Feature","geometry":{"type":"Point","coordinates":[-79.9814,48.2103]},"properties":{"icao_code":"CYKX","name":"","location":"","country":""}},{"type":"Feature","geometry":{"type":"Point","coordinates":[-109.181,51.517502]},"properties":{"icao_code":"CYKY","name":"","location":"","country":""}},{"type":"Feature","geometry":{"type":"Point","coordinates":[-83.346703,47.82]},"properties":{"icao_code":"CYLD","name":"","location":"","country":""}},{"type":"Feature","geometry":{"type":"Point","coordinates":[-108.523003,54.125301]},"properties":{"icao_code":"CYLJ","name":"","location":"","country":""}},{"type":"Feature","geometry":{"type":"Point","coordinates":[-110.072998,53.3092]},"properties":{"icao_code":"CYLL","name":"","location":"","country":""}},{"type":"Feature","geometry":{"type":"Point","coordinates":[-99.985298,56.513302]},"properties":{"icao_code":"CYLR","name":"","location":"","country":""}},{"type":"Feature","geometry":{"type":"Point","coordinates":[-79.554663,44.485056]},"properties":{"icao_code":"CYLS","name":"","location":"","country":""}},{"type":"Feature","geometry":{"type":"Point","coordinates":[-62.280602,82.517799]},"properties":{"icao_code":"CYLT","name":"","location":"","country":""}},{"type":"Feature","geometry":{"type":"Point","coordinates":[-119.377998,49.9561]},"properties":{"icao_code":"CYLW","name":"","location":"","country":""}},{"type":"Feature","geometry":{"type":"Point","coordinates":[-135.867996,63.616402]},"properties":{"icao_code":"CYMA","name":"","location":"","country":""}},{"type":"Feature","geometry":{"type":"Point","coordinates":[-67.4533,48.856899]},"properties":{"icao_code":"CYME","name":"","location":"","country":""}},{"type":"Feature","geometry":{"type":"Point","coordinates":[-85.860603,49.0839]},"properties":{"icao_code":"CYMG","name":"","location":"","country":""}},{"type":"Feature","geometry":{"type":"Point","coordinates":[-105.558998,50.330299]},"properties":{"icao_code":"CYMJ","name":"","location":"","country":""}},{"type":"Feature","geometry":{"type":"Point","coordinates":[-70.2239,47.5975]},"properties":{"icao_code":"CYML","name":"","location":"","country":""}},{"type":"Feature","geometry":{"type":"Point","coordinates":[-111.222,56.653301]},"properties":{"icao_code":"CYMM","name":"","location":"","country":""}},{"type":"Feature","geometry":{"type":"Point","coordinates":[-80.607803,51.2911]},"properties":{"icao_code":"CYMO","name":"","location":"","country":""}},{"type":"Feature","geometry":{"type":"Point","coordinates":[-74.528099,49.7719]},"properties":{"icao_code":"CYMT","name":"","location":"","country":""}},{"type":"Feature","geometry":{"type":"Point","coordinates":[-74.038696,45.679501]},"properties":{"icao_code":"CYMX","name":"","location":"","country":""}},{"type":"Feature","geometry":{"type":"Point","coordinates":[-61.78898,50.190114]},"properties":{"icao_code":"CYNA","name":"","location":"","country":""}},{"type":"Feature","geometry":{"type":"Point","coordinates":[-75.563599,45.521702]},"properties":{"icao_code":"CYND","name":"","location":"","country":""}},{"type":"Feature","geometry":{"type":"Point","coordinates":[-122.630997,49.1008]},"properties":{"icao_code":"CYNJ","name":"","location":"","country":""}},{"type":"Feature","geometry":{"type":"Point","coordinates":[-104.082001,58.276699]},"properties":{"icao_code":"CYNL","name":"","location":"","country":""}},{"type":"Feature","geometry":{"type":"Point","coordinates":[-77.802803,49.7617]},"properties":{"icao_code":"CYNM","name":"","location":"","country":""}},{"type":"Feature","geometry":{"type":"Point","coordinates":[-110.614998,64.698898]},"properties":{"icao_code":"CYOA","name":"","location":"","country":""}},{"type":"Feature","geometry":{"type":"Point","coordinates":[-110.278999,54.404999]},"properties":{"icao_code":"CYOD","name":"","location":"","country":""}},{"type":"Feature","geometry":{"type":"Point","coordinates":[-117.165001,58.621399]},"properties":{"icao_code":"CYOJ","name":"","location":"","country":""}},{"type":"Feature","geometry":{"type":"Point","coordinates":[-78.894997,43.922798]},"properties":{"icao_code":"CYOO","name":"","location":"","country":""}},{"type":"Feature","geometry":{"type":"Point","coordinates":[-119.407997,58.491402]},"properties":{"icao_code":"CYOP","name":"","location":"","country":""}},{"type":"Feature","geometry":{"type":"Point","coordinates":[-80.837502,44.590302]},"properties":{"icao_code":"CYOS","name":"","location":"","country":""}},{"type":"Feature","geometry":{"type":"Point","coordinates":[-75.669197,45.322498]},"properties":{"icao_code":"CYOW","name":"","location":"","country":""}},{"type":"Feature","geometry":{"type":"Point","coordinates":[-105.672997,53.214199]},"properties":{"icao_code":"CYPA","name":"","location":"","country":""}},{"type":"Feature","geometry":{"type":"Point","coordinates":[-61.368099,45.6567]},"properties":{"icao_code":"CYPD","name":"","location":"","country":""}},{"type":"Feature","geometry":{"type":"Point","coordinates":[-117.446999,56.226898]},"properties":{"icao_code":"CYPE","name":"","location":"","country":""}},{"type":"Feature","geometry":{"type":"Point","coordinates":[-98.273817,49.903099]},"properties":{"icao_code":"CYPG","name":"","location":"","country":""}},{"type":"Feature","geometry":{"type":"Point","coordinates":[-122.709999,49.216099]},"properties":{"icao_code":"CYPK","name":"","location":"","country":""}},{"type":"Feature","geometry":{"type":"Point","coordinates":[-90.214203,51.4464]},"properties":{"icao_code":"CYPL","name":"","location":"","country":""}},{"type":"Feature","geometry":{"type":"Point","coordinates":[-64.288597,49.836399]},"properties":{"icao_code":"CYPN","name":"","location":"","country":""}},{"type":"Feature","geometry":{"type":"Point","coordinates":[-78.363297,44.23]},"properties":{"icao_code":"CYPQ","name":"","location":"","country":""}},{"type":"Feature","geometry":{"type":"Point","coordinates":[-130.445007,54.286098]},"properties":{"icao_code":"CYPR","name":"","location":"","country":""}},{"type":"Feature","geometry":{"type":"Point","coordinates":[-124.5,49.834202]},"properties":{"icao_code":"CYPW","name":"","location":"","country":""}},{"type":"Feature","geometry":{"type":"Point","coordinates":[-77.286903,60.050598]},"properties":{"icao_code":"CYPX","name":"","location":"","country":""}},{"type":"Feature","geometry":{"type":"Point","coordinates":[-111.116997,58.7672]},"properties":{"icao_code":"CYPY","name":"","location":"","country":""}},{"type":"Feature","geometry":{"type":"Point","coordinates":[-125.950996,54.3764]},"properties":{"icao_code":"CYPZ","name":"","location":"","country":""}},{"type":"Feature","geometry":{"type":"Point","coordinates":[-79.306546,44.975376]},"properties":{"icao_code":"CYQA","name":"","location":"","country":""}},{"type":"Feature","geometry":{"type":"Point","coordinates":[-71.393303,46.7911]},"properties":{"icao_code":"CYQB","name":"","location":"","country":""}},{"type":"Feature","geometry":{"type":"Point","coordinates":[-101.091003,53.971401]},"properties":{"icao_code":"CYQD","name":"","location":"","country":""}},{"type":"Feature","geometry":{"type":"Point","coordinates":[-113.893997,52.182201]},"properties":{"icao_code":"CYQF","name":"","location":"","country":""}},{"type":"Feature","geometry":{"type":"Point","coordinates":[-82.955597,42.2756]},"properties":{"icao_code":"CYQG","name":"","location":"","country":""}},{"type":"Feature","geometry":{"type":"Point","coordinates":[-128.821993,60.116839]},"properties":{"icao_code":"CYQH","name":"","location":"","country":""}},{"type":"Feature","geometry":{"type":"Point","coordinates":[-66.088097,43.8269]},"properties":{"icao_code":"CYQI","name":"","location":"","country":""}},{"type":"Feature","geometry":{"type":"Point","coordinates":[-94.363098,49.7883]},"properties":{"icao_code":"CYQK","name":"","location":"","country":""}},{"type":"Feature","geometry":{"type":"Point","coordinates":[-112.800003,49.630299]},"properties":{"icao_code":"CYQL","name":"","location":"","country":""}},{"type":"Feature","geometry":{"type":"Point","coordinates":[-64.678596,46.112202]},"properties":{"icao_code":"CYQM","name":"","location":"","country":""}},{"type":"Feature","geometry":{"type":"Point","coordinates":[-86.696404,50.1828]},"properties":{"icao_code":"CYQN","name":"","location":"","country":""}},{"type":"Feature","geometry":{"type":"Point","coordinates":[-124.887001,49.7108]},"properties":{"icao_code":"CYQQ","name":"","location":"","country":""}},{"type":"Feature","geometry":{"type":"Point","coordinates":[-104.666,50.4319]},"properties":{"icao_code":"CYQR","name":"","location":"","country":""}},{"type":"Feature","geometry":{"type":"Point","coordinates":[-81.110802,42.77]},"properties":{"icao_code":"CYQS","name":"","location":"","country":""}},{"type":"Feature","geometry":{"type":"Point","coordinates":[-89.323898,48.371899]},"properties":{"icao_code":"CYQT","name":"","location":"","country":""}},{"type":"Feature","geometry":{"type":"Point","coordinates":[-118.885002,55.179699]},"properties":{"icao_code":"CYQU","name":"","location":"","country":""}},{"type":"Feature","geometry":{"type":"Point","coordinates":[-102.461998,51.264702]},"properties":{"icao_code":"CYQV","name":"","location":"","country":""}},{"type":"Feature","geometry":{"type":"Point","coordinates":[-108.243742,52.769409]},"properties":{"icao_code":"CYQW","name":"","location":"","country":""}},{"type":"Feature","geometry":{"type":"Point","coordinates":[-54.567719,48.936258]},"properties":{"icao_code":"CYQX","name":"","location":"","country":""}},{"type":"Feature","geometry":{"type":"Point","coordinates":[-60.047798,46.1614]},"properties":{"icao_code":"CYQY","name":"","location":"","country":""}},{"type":"Feature","geometry":{"type":"Point","coordinates":[-122.510002,53.0261]},"properties":{"icao_code":"CYQZ","name":"","location":"","country":""}},{"type":"Feature","geometry":{"type":"Point","coordinates":[-94.969398,74.716904]},"properties":{"icao_code":"CYRB","name":"","location":"","country":""}},{"type":"Feature","geometry":{"type":"Point","coordinates":[-69.584702,47.7644]},"properties":{"icao_code":"CYRI","name":"","location":"","country":""}},{"type":"Feature","geometry":{"type":"Point","coordinates":[-72.265735,48.519665]},"properties":{"icao_code":"CYRJ","name":"","location":"","country":""}},{"type":"Feature","geometry":{"type":"Point","coordinates":[-93.793098,51.066898]},"properties":{"icao_code":"CYRL","name":"","location":"","country":""}},{"type":"Feature","geometry":{"type":"Point","coordinates":[-75.646103,45.4603]},"properties":{"icao_code":"CYRO","name":"","location":"","country":""}},{"type":"Feature","geometry":{"type":"Point","coordinates":[-72.679398,46.352798]},"properties":{"icao_code":"CYRQ","name":"","location":"","country":""}},{"type":"Feature","geometry":{"type":"Point","coordinates":[-92.115799,62.811401]},"properties":{"icao_code":"CYRT","name":"","location":"","country":""}},{"type":"Feature","geometry":{"type":"Point","coordinates":[-118.184258,50.962245]},"properties":{"icao_code":"CYRV","name":"","location":"","country":""}},{"type":"Feature","geometry":{"type":"Point","coordinates":[-80.798897,46.625]},"properties":{"icao_code":"CYSB","name":"","location":"","country":""}},{"type":"Feature","geometry":{"type":"Point","coordinates":[-71.691399,45.438599]},"properties":{"icao_code":"CYSC","name":"","location":"","country":""}},{"type":"Feature","geometry":{"type":"Point","coordinates":[-105.841003,59.250301]},"properties":{"icao_code":"CYSF","name":"","location":"","country":""}},{"type":"Feature","geometry":{"type":"Point","coordinates":[-75.940598,44.945801]},"properties":{"icao_code":"CYSH","name":"","location":"","country":""}},{"type":"Feature","geometry":{"type":"Point","coordinates":[-65.890297,45.316101]},"properties":{"icao_code":"CYSJ","name":"","location":"","country":""}},{"type":"Feature","geometry":{"type":"Point","coordinates":[-67.836242,47.157097]},"properties":{"icao_code":"CYSL","name":"","location":"","country":""}},{"type":"Feature","geometry":{"type":"Point","coordinates":[-111.961998,60.020302]},"properties":{"icao_code":"CYSM","name":"","location":"","country":""}},{"type":"Feature","geometry":{"type":"Point","coordinates":[-79.171686,43.191598]},"properties":{"icao_code":"CYSN","name":"","location":"","country":""}},{"type":"Feature","geometry":{"type":"Point","coordinates":[-86.344398,48.755299]},"properties":{"icao_code":"CYSP","name":"","location":"","country":""}},{"type":"Feature","geometry":{"type":"Point","coordinates":[-63.833599,46.440601]},"properties":{"icao_code":"CYSU","name":"","location":"","country":""}},{"type":"Feature","geometry":{"type":"Point","coordinates":[-77.251701,45.864399]},"properties":{"icao_code":"CYTA","name":"","location":"","country":""}},{"type":"Feature","geometry":{"type":"Point","coordinates":[-71.641899,48.5089]},"properties":{"icao_code":"CYTF","name":"","location":"","country":""}},{"type":"Feature","geometry":{"type":"Point","coordinates":[-97.864197,55.801102]},"properties":{"icao_code":"CYTH","name":"","location":"","country":""}},{"type":"Feature","geometry":{"type":"Point","coordinates":[-77.528099,44.1189]},"properties":{"icao_code":"CYTR","name":"","location":"","country":""}},{"type":"Feature","geometry":{"type":"Point","coordinates":[-81.376701,48.569698]},"properties":{"icao_code":"CYTS","name":"","location":"","country":""}},{"type":"Feature","geometry":{"type":"Point","coordinates":[-79.396202,43.627499]},"properties":{"icao_code":"CYTZ","name":"","location":"","country":""}},{"type":"Feature","geometry":{"type":"Point","coordinates":[-73.742294,45.467837]},"properties":{"icao_code":"CYUL","name":"","location":"","country":""}},{"type":"Feature","geometry":{"type":"Point","coordinates":[-81.2425,68.7761]},"properties":{"icao_code":"CYUX","name":"","location":"","country":""}},{"type":"Feature","geometry":{"type":"Point","coordinates":[-78.835602,48.2061]},"properties":{"icao_code":"CYUY","name":"","location":"","country":""}},{"type":"Feature","geometry":{"type":"Point","coordinates":[-65.460297,48.071098]},"properties":{"icao_code":"CYVB","name":"","location":"","country":""}},{"type":"Feature","geometry":{"type":"Point","coordinates":[-105.262001,55.151402]},"properties":{"icao_code":"CYVC","name":"","location":"","country":""}},{"type":"Feature","geometry":{"type":"Point","coordinates":[-119.330963,50.246163]},"properties":{"icao_code":"CYVK","name":"","location":"","country":""}},{"type":"Feature","geometry":{"type":"Point","coordinates":[-77.782799,48.053299]},"properties":{"icao_code":"CYVO","name":"","location":"","country":""}},{"type":"Feature","geometry":{"type":"Point","coordinates":[-68.426903,58.0961]},"properties":{"icao_code":"CYVP","name":"","location":"","country":""}},{"type":"Feature","geometry":{"type":"Point","coordinates":[-126.797997,65.281601]},"properties":{"icao_code":"CYVQ","name":"","location":"","country":""}},{"type":"Feature","geometry":{"type":"Point","coordinates":[-123.183998,49.193901]},"properties":{"icao_code":"CYVR","name":"","location":"","country":""}},{"type":"Feature","geometry":{"type":"Point","coordinates":[-81.107201,44.7458]},"properties":{"icao_code":"CYVV","name":"","location":"","country":""}},{"type":"Feature","geometry":{"type":"Point","coordinates":[-97.239899,49.91]},"properties":{"icao_code":"CYWG","name":"","location":"","country":""}},{"type":"Feature","geometry":{"type":"Point","coordinates":[-66.864403,52.921902]},"properties":{"icao_code":"CYWK","name":"","location":"","country":""}},{"type":"Feature","geometry":{"type":"Point","coordinates":[-122.054001,52.183102]},"properties":{"icao_code":"CYWL","name":"","location":"","country":""}},{"type":"Feature","geometry":{"type":"Point","coordinates":[-123.436996,63.2094]},"properties":{"icao_code":"CYWY","name":"","location":"","country":""}},{"type":"Feature","geometry":{"type":"Point","coordinates":[-115.781998,49.610802]},"properties":{"icao_code":"CYXC","name":"","location":"","country":""}},{"type":"Feature","geometry":{"type":"Point","coordinates":[-106.699997,52.170799]},"properties":{"icao_code":"CYXE","name":"","location":"","country":""}},{"type":"Feature","geometry":{"type":"Point","coordinates":[-110.721001,50.018902]},"properties":{"icao_code":"CYXH","name":"","location":"","country":""}},{"type":"Feature","geometry":{"type":"Point","coordinates":[-120.739998,56.238098]},"properties":{"icao_code":"CYXJ","name":"","location":"","country":""}},{"type":"Feature","geometry":{"type":"Point","coordinates":[-68.496323,48.477644]},"properties":{"icao_code":"CYXK","name":"","location":"","country":""}},{"type":"Feature","geometry":{"type":"Point","coordinates":[-91.905296,50.113899]},"properties":{"icao_code":"CYXL","name":"","location":"","country":""}},{"type":"Feature","geometry":{"type":"Point","coordinates":[-140.867004,62.410301]},"properties":{"icao_code":"CYXQ","name":"","location":"","country":""}},{"type":"Feature","geometry":{"type":"Point","coordinates":[-79.847345,47.697401]},"properties":{"icao_code":"CYXR","name":"","location":"","country":""}},{"type":"Feature","geometry":{"type":"Point","coordinates":[-122.666554,53.884311]},"properties":{"icao_code":"CYXS","name":"","location":"","country":""}},{"type":"Feature","geometry":{"type":"Point","coordinates":[-128.576009,54.468498]},"properties":{"icao_code":"CYXT","name":"","location":"","country":""}},{"type":"Feature","geometry":{"type":"Point","coordinates":[-81.1539,43.035599]},"properties":{"icao_code":"CYXU","name":"","location":"","country":""}},{"type":"Feature","geometry":{"type":"Point","coordinates":[-122.361,49.025299]},"properties":{"icao_code":"CYXX","name":"","location":"","country":""}},{"type":"Feature","geometry":{"type":"Point","coordinates":[-135.067001,60.709599]},"properties":{"icao_code":"CYXY","name":"","location":"","country":""}},{"type":"Feature","geometry":{"type":"Point","coordinates":[-84.786697,47.966702]},"properties":{"icao_code":"CYXZ","name":"","location":"","country":""}},{"type":"Feature","geometry":{"type":"Point","coordinates":[-79.422798,46.363602]},"properties":{"icao_code":"CYYB","name":"","location":"","country":""}},{"type":"Feature","geometry":{"type":"Point","coordinates":[-114.009933,51.118822]},"properties":{"icao_code":"CYYC","name":"","location":"","country":""}},{"type":"Feature","geometry":{"type":"Point","coordinates":[-127.182999,54.824699]},"properties":{"icao_code":"CYYD","name":"","location":"","country":""}},{"type":"Feature","geometry":{"type":"Point","coordinates":[-122.597,58.836399]},"properties":{"icao_code":"CYYE","name":"","location":"","country":""}},{"type":"Feature","geometry":{"type":"Point","coordinates":[-119.601997,49.4631]},"properties":{"icao_code":"CYYF","name":"","location":"","country":""}},{"type":"Feature","geometry":{"type":"Point","coordinates":[-63.121101,46.290001]},"properties":{"icao_code":"CYYG","name":"","location":"","country":""}},{"type":"Feature","geometry":{"type":"Point","coordinates":[-123.427792,48.647201]},"properties":{"icao_code":"CYYJ","name":"","location":"","country":""}},{"type":"Feature","geometry":{"type":"Point","coordinates":[-101.075996,56.863899]},"properties":{"icao_code":"CYYL","name":"","location":"","country":""}},{"type":"Feature","geometry":{"type":"Point","coordinates":[-107.691002,50.291901]},"properties":{"icao_code":"CYYN","name":"","location":"","country":""}},{"type":"Feature","geometry":{"type":"Point","coordinates":[-94.065002,58.739201]},"properties":{"icao_code":"CYYQ","name":"","location":"","country":""}},{"type":"Feature","geometry":{"type":"Point","coordinates":[-60.4258,53.319199]},"properties":{"icao_code":"CYYR","name":"","location":"","country":""}},{"type":"Feature","geometry":{"type":"Point","coordinates":[-52.7519,47.618599]},"properties":{"icao_code":"CYYT","name":"","location":"","country":""}},{"type":"Feature","geometry":{"type":"Point","coordinates":[-82.469645,49.411587]},"properties":{"icao_code":"CYYU","name":"","location":"","country":""}},{"type":"Feature","geometry":{"type":"Point","coordinates":[-88.909698,50.290298]},"properties":{"icao_code":"CYYW","name":"","location":"","country":""}},{"type":"Feature","geometry":{"type":"Point","coordinates":[-68.208099,48.608601]},"properties":{"icao_code":"CYYY","name":"","location":"","country":""}},{"type":"Feature","geometry":{"type":"Point","coordinates":[-79.6306,43.6772]},"properties":{"icao_code":"CYYZ","name":"","location":"","country":""}},{"type":"Feature","geometry":{"type":"Point","coordinates":[-82.567802,45.8853]},"properties":{"icao_code":"CYZE","name":"","location":"","country":""}},{"type":"Feature","geometry":{"type":"Point","coordinates":[-114.440002,62.462799]},"properties":{"icao_code":"CYZF","name":"","location":"","country":""}},{"type":"Feature","geometry":{"type":"Point","coordinates":[-114.777276,55.292945]},"properties":{"icao_code":"CYZH","name":"","location":"","country":""}},{"type":"Feature","geometry":{"type":"Point","coordinates":[-131.813995,53.254299]},"properties":{"icao_code":"CYZP","name":"","location":"","country":""}},{"type":"Feature","geometry":{"type":"Point","coordinates":[-82.308899,42.999401]},"properties":{"icao_code":"CYZR","name":"","location":"","country":""}},{"type":"Feature","geometry":{"type":"Point","coordinates":[-83.359398,64.193298]},"properties":{"icao_code":"CYZS","name":"","location":"","country":""}},{"type":"Feature","geometry":{"type":"Point","coordinates":[-127.366997,50.680599]},"properties":{"icao_code":"CYZT","name":"","location":"","country":""}},{"type":"Feature","geometry":{"type":"Point","coordinates":[-115.787003,54.143902]},"properties":{"icao_code":"CYZU","name":"","location":"","country":""}},{"type":"Feature","geometry":{"type":"Point","coordinates":[-66.265602,50.223301]},"properties":{"icao_code":"CYZV","name":"","location":"","country":""}},{"type":"Feature","geometry":{"type":"Point","coordinates":[-132.742996,60.172798]},"properties":{"icao_code":"CYZW","name":"","location":"","country":""}},{"type":"Feature","geometry":{"type":"Point","coordinates":[-64.916901,44.984402]},"properties":{"icao_code":"CYZX","name":"","location":"","country":""}},{"type":"Feature","geometry":{"type":"Point","coordinates":[-119.228996,50.682802]},"properties":{"icao_code":"CZAM","name":"","location":"","country":""}},{"type":"Feature","geometry":{"type":"Point","coordinates":[-123.012001,49.0742]},"properties":{"icao_code":"CZBB","name":"","location":"","country":""}},{"type":"Feature","geometry":{"type":"Point","coordinates":[-65.738899,47.6297]},"properties":{"icao_code":"CZBF","name":"","location":"","country":""}},{"type":"Feature","geometry":{"type":"Point","coordinates":[-72.741402,45.290798]},"properties":{"icao_code":"CZBM","name":"","location":"","country":""}},{"type":"Feature","geometry":{"type":"Point","coordinates":[-96.509697,56.037498]},"properties":{"icao_code":"CZEE","name":"","location":"","country":""}},{"type":"Feature","geometry":{"type":"Point","coordinates":[-133.376007,62.2075]},"properties":{"icao_code":"CZFA","name":"","location":"","country":""}},{"type":"Feature","geometry":{"type":"Point","coordinates":[-118.431,49.015598]},"properties":{"icao_code":"CZGF","name":"","location":"","country":""}},{"type":"Feature","geometry":{"type":"Point","coordinates":[-98.046097,54.518902]},"properties":{"icao_code":"CZJG","name":"","location":"","country":""}},{"type":"Feature","geometry":{"type":"Point","coordinates":[-101.236,52.120602]},"properties":{"icao_code":"CZJN","name":"","location":"","country":""}},{"type":"Feature","geometry":{"type":"Point","coordinates":[-97.707802,55.318901]},"properties":{"icao_code":"CZLQ","name":"","location":"","country":""}},{"type":"Feature","geometry":{"type":"Point","coordinates":[-97.1642,55.588902]},"properties":{"icao_code":"CZMN","name":"","location":"","country":""}},{"type":"Feature","geometry":{"type":"Point","coordinates":[-132.125,54.0275]},"properties":{"icao_code":"CZMT","name":"","location":"","country":""}},{"type":"Feature","geometry":{"type":"Point","coordinates":[-113.997002,49.520429]},"properties":{"icao_code":"CZPC","name":"","location":"","country":""}},{"type":"Feature","geometry":{"type":"Point","coordinates":[-93.344398,53.064201]},"properties":{"icao_code":"CZSJ","name":"","location":"","country":""}},{"type":"Feature","geometry":{"type":"Point","coordinates":[-129.982435,55.93541]},"properties":{"icao_code":"CZST","name":"","location":"","country":""}},{"type":"Feature","geometry":{"type":"Point","coordinates":[-91.720418,49.428204]},"properties":{"icao_code":"CZUC","name":"","location":"","country":""}},{"type":"Feature","geometry":{"type":"Point","coordinates":[2.81417,36.503601]},"properties":{"icao_code":"DAAB","name":"","location":"","country":""}},{"type":"Feature","geometry":{"type":"Point","coordinates":[4.20639,35.3325]},"properties":{"icao_code":"DAAD","name":"","location":"","country":""}},{"type":"Feature","geometry":{"type":"Point","coordinates":[5.069804,36.711952]},"properties":{"icao_code":"DAAE","name":"","location":"","country":""}},{"type":"Feature","geometry":{"type":"Point","coordinates":[3.214531,36.693886]},"properties":{"icao_code":"DAAG","name":"","location":"","country":""}},{"type":"Feature","geometry":{"type":"Point","coordinates":[9.45244,24.292801]},"properties":{"icao_code":"DAAJ","name":"","location":"","country":""}},{"type":"Feature","geometry":{"type":"Point","coordinates":[2.87611,36.545799]},"properties":{"icao_code":"DAAK","name":"","location":"","country":""}},{"type":"Feature","geometry":{"type":"Point","coordinates":[8.62265,26.723499]},"properties":{"icao_code":"DAAP","name":"","location":"","country":""}},{"type":"Feature","geometry":{"type":"Point","coordinates":[5.32449,36.178101]},"properties":{"icao_code":"DAAS","name":"","location":"","country":""}},{"type":"Feature","geometry":{"type":"Point","coordinates":[5.45108,22.811501]},"properties":{"icao_code":"DAAT","name":"","location":"","country":""}},{"type":"Feature","geometry":{"type":"Point","coordinates":[5.87361,36.795101]},"properties":{"icao_code":"DAAV","name":"","location":"","country":""}},{"type":"Feature","geometry":{"type":"Point","coordinates":[-0.242353,33.5359]},"properties":{"icao_code":"DAAY","name":"","location":"","country":""}},{"type":"Feature","geometry":{"type":"Point","coordinates":[0.625877,35.752955]},"properties":{"icao_code":"DAAZ","name":"","location":"","country":""}},{"type":"Feature","geometry":{"type":"Point","coordinates":[7.81334,36.826781]},"properties":{"icao_code":"DABB","name":"","location":"","country":""}},{"type":"Feature","geometry":{"type":"Point","coordinates":[6.62039,36.276001]},"properties":{"icao_code":"DABC","name":"","location":"","country":""}},{"type":"Feature","geometry":{"type":"Point","coordinates":[8.12072,35.431599]},"properties":{"icao_code":"DABS","name":"","location":"","country":""}},{"type":"Feature","geometry":{"type":"Point","coordinates":[6.30859,35.752102]},"properties":{"icao_code":"DABT","name":"","location":"","country":""}},{"type":"Feature","geometry":{"type":"Point","coordinates":[3.31154,32.930401]},"properties":{"icao_code":"DAFH","name":"","location":"","country":""}},{"type":"Feature","geometry":{"type":"Point","coordinates":[1.46315,35.341099]},"properties":{"icao_code":"DAOB","name":"","location":"","country":""}},{"type":"Feature","geometry":{"type":"Point","coordinates":[-8.1671,27.700399]},"properties":{"icao_code":"DAOF","name":"","location":"","country":""}},{"type":"Feature","geometry":{"type":"Point","coordinates":[1.342237,36.217166]},"properties":{"icao_code":"DAOI","name":"","location":"","country":""}},{"type":"Feature","geometry":{"type":"Point","coordinates":[-0.532278,35.5424]},"properties":{"icao_code":"DAOL","name":"","location":"","country":""}},{"type":"Feature","geometry":{"type":"Point","coordinates":[-1.457191,35.013426]},"properties":{"icao_code":"DAON","name":"","location":"","country":""}},{"type":"Feature","geometry":{"type":"Point","coordinates":[-0.621183,35.623901]},"properties":{"icao_code":"DAOO","name":"","location":"","country":""}},{"type":"Feature","geometry":{"type":"Point","coordinates":[-2.26986,31.6457]},"properties":{"icao_code":"DAOR","name":"","location":"","country":""}},{"type":"Feature","geometry":{"type":"Point","coordinates":[0.147142,35.207699]},"properties":{"icao_code":"DAOV","name":"","location":"","country":""}},{"type":"Feature","geometry":{"type":"Point","coordinates":[-0.186414,27.837601]},"properties":{"icao_code":"DAUA","name":"","location":"","country":""}},{"type":"Feature","geometry":{"type":"Point","coordinates":[5.73823,34.793301]},"properties":{"icao_code":"DAUB","name":"","location":"","country":""}},{"type":"Feature","geometry":{"type":"Point","coordinates":[2.861595,30.580732]},"properties":{"icao_code":"DAUE","name":"","location":"","country":""}},{"type":"Feature","geometry":{"type":"Point","coordinates":[3.79411,32.384102]},"properties":{"icao_code":"DAUG","name":"","location":"","country":""}},{"type":"Feature","geometry":{"type":"Point","coordinates":[6.14044,31.673]},"properties":{"icao_code":"DAUH","name":"","location":"","country":""}},{"type":"Feature","geometry":{"type":"Point","coordinates":[2.51202,27.250999]},"properties":{"icao_code":"DAUI","name":"","location":"","country":""}},{"type":"Feature","geometry":{"type":"Point","coordinates":[6.08867,33.067799]},"properties":{"icao_code":"DAUK","name":"","location":"","country":""}},{"type":"Feature","geometry":{"type":"Point","coordinates":[2.92834,33.7644]},"properties":{"icao_code":"DAUL","name":"","location":"","country":""}},{"type":"Feature","geometry":{"type":"Point","coordinates":[6.77679,33.511398]},"properties":{"icao_code":"DAUO","name":"","location":"","country":""}},{"type":"Feature","geometry":{"type":"Point","coordinates":[0.276033,29.237101]},"properties":{"icao_code":"DAUT","name":"","location":"","country":""}},{"type":"Feature","geometry":{"type":"Point","coordinates":[5.41278,31.9172]},"properties":{"icao_code":"DAUU","name":"","location":"","country":""}},{"type":"Feature","geometry":{"type":"Point","coordinates":[9.64291,28.0515]},"properties":{"icao_code":"DAUZ","name":"","location":"","country":""}},{"type":"Feature","geometry":{"type":"Point","coordinates":[2.38435,6.35723]},"properties":{"icao_code":"DBBB","name":"","location":"","country":""}},{"type":"Feature","geometry":{"type":"Point","coordinates":[-1.51242,12.3532]},"properties":{"icao_code":"DFFD","name":"","location":"","country":""}},{"type":"Feature","geometry":{"type":"Point","coordinates":[-4.33097,11.1601]},"properties":{"icao_code":"DFOO","name":"","location":"","country":""}},{"type":"Feature","geometry":{"type":"Point","coordinates":[-0.166786,5.60519]},"properties":{"icao_code":"DGAA","name":"","location":"","country":""}},{"type":"Feature","geometry":{"type":"Point","coordinates":[0.532547,6.579691]},"properties":{"icao_code":"DGAH","name":"","location":"","country":""}},{"type":"Feature","geometry":{"type":"Point","coordinates":[-0.863214,9.55719]},"properties":{"icao_code":"DGLE","name":"","location":"","country":""}},{"type":"Feature","geometry":{"type":"Point","coordinates":[-1.59082,6.71456]},"properties":{"icao_code":"DGSI","name":"","location":"","country":""}},{"type":"Feature","geometry":{"type":"Point","coordinates":[-2.32876,7.36183]},"properties":{"icao_code":"DGSN","name":"","location":"","country":""}},{"type":"Feature","geometry":{"type":"Point","coordinates":[-1.77476,4.89606]},"properties":{"icao_code":"DGTK","name":"","location":"","country":""}},{"type":"Feature","geometry":{"type":"Point","coordinates":[-3.92629,5.26139]},"properties":{"icao_code":"DIAP","name":"","location":"","country":""}},{"type":"Feature","geometry":{"type":"Point","coordinates":[-5.07367,7.7388]},"properties":{"icao_code":"DIBK","name":"","location":"","country":""}},{"type":"Feature","geometry":{"type":"Point","coordinates":[-6.47319,6.79281]},"properties":{"icao_code":"DIDL","name":"","location":"","country":""}},{"type":"Feature","geometry":{"type":"Point","coordinates":[-5.55666,9.38718]},"properties":{"icao_code":"DIKO","name":"","location":"","country":""}},{"type":"Feature","geometry":{"type":"Point","coordinates":[-7.58736,7.27207]},"properties":{"icao_code":"DIMN","name":"","location":"","country":""}},{"type":"Feature","geometry":{"type":"Point","coordinates":[-6.66082,4.74672]},"properties":{"icao_code":"DISP","name":"","location":"","country":""}},{"type":"Feature","geometry":{"type":"Point","coordinates":[-5.36558,6.90317]},"properties":{"icao_code":"DIYO","name":"","location":"","country":""}},{"type":"Feature","geometry":{"type":"Point","coordinates":[7.26317,9.00679]},"properties":{"icao_code":"DNAA","name":"","location":"","country":""}},{"type":"Feature","geometry":{"type":"Point","coordinates":[8.093,4.8725]},"properties":{"icao_code":"DNAI","name":"","location":"","country":""}},{"type":"Feature","geometry":{"type":"Point","coordinates":[5.30101,7.24674]},"properties":{"icao_code":"DNAK","name":"","location":"","country":""}},{"type":"Feature","geometry":{"type":"Point","coordinates":[6.665278,6.204167]},"properties":{"icao_code":"DNAS","name":"","location":"","country":""}},{"type":"Feature","geometry":{"type":"Point","coordinates":[9.744,10.482833]},"properties":{"icao_code":"DNBC","name":"","location":"","country":""}},{"type":"Feature","geometry":{"type":"Point","coordinates":[5.5995,6.31698]},"properties":{"icao_code":"DNBE","name":"","location":"","country":""}},{"type":"Feature","geometry":{"type":"Point","coordinates":[8.3472,4.97602]},"properties":{"icao_code":"DNCA","name":"","location":"","country":""}},{"type":"Feature","geometry":{"type":"Point","coordinates":[7.56196,6.47427]},"properties":{"icao_code":"DNEN","name":"","location":"","country":""}},{"type":"Feature","geometry":{"type":"Point","coordinates":[10.9,10.298889]},"properties":{"icao_code":"DNGO","name":"","location":"","country":""}},{"type":"Feature","geometry":{"type":"Point","coordinates":[6.696136,12.17286]},"properties":{"icao_code":"DNGU","name":"","location":"","country":""}},{"type":"Feature","geometry":{"type":"Point","coordinates":[3.97833,7.36246]},"properties":{"icao_code":"DNIB","name":"","location":"","country":""}},{"type":"Feature","geometry":{"type":"Point","coordinates":[4.49392,8.44021]},"properties":{"icao_code":"DNIL","name":"","location":"","country":""}},{"type":"Feature","geometry":{"type":"Point","coordinates":[7.20603,5.42706]},"properties":{"icao_code":"DNIM","name":"","location":"","country":""}},{"type":"Feature","geometry":{"type":"Point","coordinates":[8.86905,9.63983]},"properties":{"icao_code":"DNJO","name":"","location":"","country":""}},{"type":"Feature","geometry":{"type":"Point","coordinates":[7.32011,10.696]},"properties":{"icao_code":"DNKA","name":"","location":"","country":""}},{"type":"Feature","geometry":{"type":"Point","coordinates":[8.52462,12.0476]},"properties":{"icao_code":"DNKN","name":"","location":"","country":""}},{"type":"Feature","geometry":{"type":"Point","coordinates":[13.0809,11.8553]},"properties":{"icao_code":"DNMA","name":"","location":"","country":""}},{"type":"Feature","geometry":{"type":"Point","coordinates":[8.61394,7.70388]},"properties":{"icao_code":"DNMK","name":"","location":"","country":""}},{"type":"Feature","geometry":{"type":"Point","coordinates":[3.32116,6.57737]},"properties":{"icao_code":"DNMM","name":"","location":"","country":""}},{"type":"Feature","geometry":{"type":"Point","coordinates":[6.46226,9.65217]},"properties":{"icao_code":"DNMN","name":"","location":"","country":""}},{"type":"Feature","geometry":{"type":"Point","coordinates":[6.94959,5.01549]},"properties":{"icao_code":"DNPO","name":"","location":"","country":""}},{"type":"Feature","geometry":{"type":"Point","coordinates":[5.20719,12.9163]},"properties":{"icao_code":"DNSO","name":"","location":"","country":""}},{"type":"Feature","geometry":{"type":"Point","coordinates":[5.8187,5.59821]},"properties":{"icao_code":"DNSU","name":"","location":"","country":""}},{"type":"Feature","geometry":{"type":"Point","coordinates":[12.4304,9.25755]},"properties":{"icao_code":"DNYO","name":"","location":"","country":""}},{"type":"Feature","geometry":{"type":"Point","coordinates":[7.68581,11.1302]},"properties":{"icao_code":"DNZA","name":"","location":"","country":""}},{"type":"Feature","geometry":{"type":"Point","coordinates":[7.12675,13.5025]},"properties":{"icao_code":"DRRM","name":"","location":"","country":""}},{"type":"Feature","geometry":{"type":"Point","coordinates":[2.18361,13.4815]},"properties":{"icao_code":"DRRN","name":"","location":"","country":""}},{"type":"Feature","geometry":{"type":"Point","coordinates":[5.26536,14.8757]},"properties":{"icao_code":"DRRT","name":"","location":"","country":""}},{"type":"Feature","geometry":{"type":"Point","coordinates":[8.00011,16.966]},"properties":{"icao_code":"DRZA","name":"","location":"","country":""}},{"type":"Feature","geometry":{"type":"Point","coordinates":[8.98376,13.779]},"properties":{"icao_code":"DRZR","name":"","location":"","country":""}},{"type":"Feature","geometry":{"type":"Point","coordinates":[8.87694,36.98]},"properties":{"icao_code":"DTKA","name":"","location":"","country":""}},{"type":"Feature","geometry":{"type":"Point","coordinates":[10.7547,35.758099]},"properties":{"icao_code":"DTMB","name":"","location":"","country":""}},{"type":"Feature","geometry":{"type":"Point","coordinates":[10.438611,36.075833]},"properties":{"icao_code":"DTNH","name":"","location":"","country":""}},{"type":"Feature","geometry":{"type":"Point","coordinates":[10.2272,36.851002]},"properties":{"icao_code":"DTTA","name":"","location":"","country":""}},{"type":"Feature","geometry":{"type":"Point","coordinates":[9.787016,37.242356]},"properties":{"icao_code":"DTTB","name":"","location":"","country":""}},{"type":"Feature","geometry":{"type":"Point","coordinates":[8.8225,34.422001]},"properties":{"icao_code":"DTTF","name":"","location":"","country":""}},{"type":"Feature","geometry":{"type":"Point","coordinates":[9.91941,33.733691]},"properties":{"icao_code":"DTTG","name":"","location":"","country":""}},{"type":"Feature","geometry":{"type":"Point","coordinates":[10.7755,33.875]},"properties":{"icao_code":"DTTJ","name":"","location":"","country":""}},{"type":"Feature","geometry":{"type":"Point","coordinates":[9.25462,31.7043]},"properties":{"icao_code":"DTTR","name":"","location":"","country":""}},{"type":"Feature","geometry":{"type":"Point","coordinates":[10.691,34.717999]},"properties":{"icao_code":"DTTX","name":"","location":"","country":""}},{"type":"Feature","geometry":{"type":"Point","coordinates":[8.11056,33.939701]},"properties":{"icao_code":"DTTZ","name":"","location":"","country":""}},{"type":"Feature","geometry":{"type":"Point","coordinates":[1.09125,9.76733]},"properties":{"icao_code":"DXNG","name":"","location":"","country":""}},{"type":"Feature","geometry":{"type":"Point","coordinates":[1.25451,6.16561]},"properties":{"icao_code":"DXXX","name":"","location":"","country":""}},{"type":"Feature","geometry":{"type":"Point","coordinates":[4.463153,51.190667]},"properties":{"icao_code":"EBAW","name":"","location":"","country":""}},{"type":"Feature","geometry":{"type":"Point","coordinates":[4.48444,50.901402]},"properties":{"icao_code":"EBBR","name":"","location":"","country":""}},{"type":"Feature","geometry":{"type":"Point","coordinates":[4.457158,50.460982]},"properties":{"icao_code":"EBCI","name":"","location":"","country":""}},{"type":"Feature","geometry":{"type":"Point","coordinates":[3.209551,50.818878]},"properties":{"icao_code":"EBKT","name":"","location":"","country":""}},{"type":"Feature","geometry":{"type":"Point","coordinates":[5.443897,50.638574]},"properties":{"icao_code":"EBLG","name":"","location":"","country":""}},{"type":"Feature","geometry":{"type":"Point","coordinates":[2.874673,51.1998]},"properties":{"icao_code":"EBOS","name":"","location":"","country":""}},{"type":"Feature","geometry":{"type":"Point","coordinates":[12.506389,50.981945]},"properties":{"icao_code":"EDAC","name":"","location":"","country":""}},{"type":"Feature","geometry":{"type":"Point","coordinates":[14.1523,53.8787]},"properties":{"icao_code":"EDAH","name":"","location":"","country":""}},{"type":"Feature","geometry":{"type":"Point","coordinates":[13.306,53.6022]},"properties":{"icao_code":"EDBN","name":"","location":"","country":""}},{"type":"Feature","geometry":{"type":"Point","coordinates":[13.500672,52.362247]},"properties":{"icao_code":"EDDB","name":"","location":"","country":""}},{"type":"Feature","geometry":{"type":"Point","coordinates":[13.767831,51.134123]},"properties":{"icao_code":"EDDC","name":"","location":"","country":""}},{"type":"Feature","geometry":{"type":"Point","coordinates":[10.9581,50.979801]},"properties":{"icao_code":"EDDE","name":"","location":"","country":""}},{"type":"Feature","geometry":{"type":"Point","coordinates":[8.561096,50.030241]},"properties":{"icao_code":"EDDF","name":"","location":"","country":""}},{"type":"Feature","geometry":{"type":"Point","coordinates":[7.68483,52.134602]},"properties":{"icao_code":"EDDG","name":"","location":"","country":""}},{"type":"Feature","geometry":{"type":"Point","coordinates":[9.98823,53.630402]},"properties":{"icao_code":"EDDH","name":"","location":"","country":""}},{"type":"Feature","geometry":{"type":"Point","coordinates":[7.14274,50.865898]},"properties":{"icao_code":"EDDK","name":"","location":"","country":""}},{"type":"Feature","geometry":{"type":"Point","coordinates":[6.76678,51.289501]},"properties":{"icao_code":"EDDL","name":"","location":"","country":""}},{"type":"Feature","geometry":{"type":"Point","coordinates":[11.7861,48.353802]},"properties":{"icao_code":"EDDM","name":"","location":"","country":""}},{"type":"Feature","geometry":{"type":"Point","coordinates":[11.078056,49.498699]},"properties":{"icao_code":"EDDN","name":"","location":"","country":""}},{"type":"Feature","geometry":{"type":"Point","coordinates":[12.232705,51.420657]},"properties":{"icao_code":"EDDP","name":"","location":"","country":""}},{"type":"Feature","geometry":{"type":"Point","coordinates":[7.10951,49.2146]},"properties":{"icao_code":"EDDR","name":"","location":"","country":""}},{"type":"Feature","geometry":{"type":"Point","coordinates":[9.22196,48.689899]},"properties":{"icao_code":"EDDS","name":"","location":"","country":""}},{"type":"Feature","geometry":{"type":"Point","coordinates":[9.68508,52.461102]},"properties":{"icao_code":"EDDV","name":"","location":"","country":""}},{"type":"Feature","geometry":{"type":"Point","coordinates":[8.78932,53.046786]},"properties":{"icao_code":"EDDW","name":"","location":"","country":""}},{"type":"Feature","geometry":{"type":"Point","coordinates":[8.643043,49.96]},"properties":{"icao_code":"EDFE","name":"","location":"","country":""}},{"type":"Feature","geometry":{"type":"Point","coordinates":[7.26389,49.9487]},"properties":{"icao_code":"EDFH","name":"","location":"","country":""}},{"type":"Feature","geometry":{"type":"Point","coordinates":[8.514167,49.473057]},"properties":{"icao_code":"EDFM","name":"","location":"","country":""}},{"type":"Feature","geometry":{"type":"Point","coordinates":[8.147222,49.967499]},"properties":{"icao_code":"EDFZ","name":"","location":"","country":""}},{"type":"Feature","geometry":{"type":"Point","coordinates":[10.47973,50.991604]},"properties":{"icao_code":"EDGE","name":"","location":"","country":""}},{"type":"Feature","geometry":{"type":"Point","coordinates":[8.08297,50.707699]},"properties":{"icao_code":"EDGS","name":"","location":"","country":""}},{"type":"Feature","geometry":{"type":"Point","coordinates":[9.835556,53.535278]},"properties":{"icao_code":"EDHI","name":"","location":"","country":""}},{"type":"Feature","geometry":{"type":"Point","coordinates":[10.145266,54.37957]},"properties":{"icao_code":"EDHK","name":"","location":"","country":""}},{"type":"Feature","geometry":{"type":"Point","coordinates":[10.7192,53.805401]},"properties":{"icao_code":"EDHL","name":"","location":"","country":""}},{"type":"Feature","geometry":{"type":"Point","coordinates":[10.2395,47.9888]},"properties":{"icao_code":"EDJA","name":"","location":"","country":""}},{"type":"Feature","geometry":{"type":"Point","coordinates":[6.504444,51.230278]},"properties":{"icao_code":"EDLN","name":"","location":"","country":""}},{"type":"Feature","geometry":{"type":"Point","coordinates":[8.61632,51.614101]},"properties":{"icao_code":"EDLP","name":"","location":"","country":""}},{"type":"Feature","geometry":{"type":"Point","coordinates":[6.14217,51.602402]},"properties":{"icao_code":"EDLV","name":"","location":"","country":""}},{"type":"Feature","geometry":{"type":"Point","coordinates":[7.61224,51.518299]},"properties":{"icao_code":"EDLW","name":"","location":"","country":""}},{"type":"Feature","geometry":{"type":"Point","coordinates":[10.931667,48.425278]},"properties":{"icao_code":"EDMA","name":"","location":"","country":""}},{"type":"Feature","geometry":{"type":"Point","coordinates":[11.2831,48.081402]},"properties":{"icao_code":"EDMO","name":"","location":"","country":""}},{"type":"Feature","geometry":{"type":"Point","coordinates":[9.51149,47.671299]},"properties":{"icao_code":"EDNY","name":"","location":"","country":""}},{"type":"Feature","geometry":{"type":"Point","coordinates":[10.914233,49.920403]},"properties":{"icao_code":"EDQA","name":"","location":"","country":""}},{"type":"Feature","geometry":{"type":"Point","coordinates":[11.64,49.985001]},"properties":{"icao_code":"EDQD","name":"","location":"","country":""}},{"type":"Feature","geometry":{"type":"Point","coordinates":[11.852876,50.288544]},"properties":{"icao_code":"EDQM","name":"","location":"","country":""}},{"type":"Feature","geometry":{"type":"Point","coordinates":[8.0805,48.7794]},"properties":{"icao_code":"EDSB","name":"","location":"","country":""}},{"type":"Feature","geometry":{"type":"Point","coordinates":[7.82772,48.369301]},"properties":{"icao_code":"EDTL","name":"","location":"","country":""}},{"type":"Feature","geometry":{"type":"Point","coordinates":[10.5561,52.319199]},"properties":{"icao_code":"EDVE","name":"","location":"","country":""}},{"type":"Feature","geometry":{"type":"Point","coordinates":[9.392152,51.420699]},"properties":{"icao_code":"EDVK","name":"","location":"","country":""}},{"type":"Feature","geometry":{"type":"Point","coordinates":[8.34047,54.9132]},"properties":{"icao_code":"EDXW","name":"","location":"","country":""}},{"type":"Feature","geometry":{"type":"Point","coordinates":[24.204799,59.259599]},"properties":{"icao_code":"EEEI","name":"","location":"","country":""}},{"type":"Feature","geometry":{"type":"Point","coordinates":[22.8307,58.990799]},"properties":{"icao_code":"EEKA","name":"","location":"","country":""}},{"type":"Feature","geometry":{"type":"Point","coordinates":[22.509501,58.2299]},"properties":{"icao_code":"EEKE","name":"","location":"","country":""}},{"type":"Feature","geometry":{"type":"Point","coordinates":[24.472799,58.418999]},"properties":{"icao_code":"EEPU","name":"","location":"","country":""}},{"type":"Feature","geometry":{"type":"Point","coordinates":[35.460277,23.980437]},"properties":{"icao_code":"HEBR","name":"","location":"","country":""}},{"type":"Feature","geometry":{"type":"Point","coordinates":[24.83264,59.413246]},"properties":{"icao_code":"EETN","name":"","location":"","country":""}},{"type":"Feature","geometry":{"type":"Point","coordinates":[26.686473,58.307438]},"properties":{"icao_code":"EETU","name":"","location":"","country":""}},{"type":"Feature","geometry":{"type":"Point","coordinates":[23.424299,68.362602]},"properties":{"icao_code":"EFET","name":"","location":"","country":""}},{"type":"Feature","geometry":{"type":"Point","coordinates":[24.786686,61.856039]},"properties":{"icao_code":"EFHA","name":"","location":"","country":""}},{"type":"Feature","geometry":{"type":"Point","coordinates":[24.963341,60.318363]},"properties":{"icao_code":"EFHK","name":"","location":"","country":""}},{"type":"Feature","geometry":{"type":"Point","coordinates":[30.073601,62.1661]},"properties":{"icao_code":"EFIT","name":"","location":"","country":""}},{"type":"Feature","geometry":{"type":"Point","coordinates":[27.4053,68.6073]},"properties":{"icao_code":"EFIV","name":"","location":"","country":""}},{"type":"Feature","geometry":{"type":"Point","coordinates":[29.619398,62.658815]},"properties":{"icao_code":"EFJO","name":"","location":"","country":""}},{"type":"Feature","geometry":{"type":"Point","coordinates":[25.678301,62.399502]},"properties":{"icao_code":"EFJY","name":"","location":"","country":""}},{"type":"Feature","geometry":{"type":"Point","coordinates":[23.051399,63.127102]},"properties":{"icao_code":"EFKA","name":"","location":"","country":""}},{"type":"Feature","geometry":{"type":"Point","coordinates":[24.5821,65.778702]},"properties":{"icao_code":"EFKE","name":"","location":"","country":""}},{"type":"Feature","geometry":{"type":"Point","coordinates":[27.6924,64.2855]},"properties":{"icao_code":"EFKI","name":"","location":"","country":""}},{"type":"Feature","geometry":{"type":"Point","coordinates":[22.390817,62.463212]},"properties":{"icao_code":"EFKJ","name":"","location":"","country":""}},{"type":"Feature","geometry":{"type":"Point","coordinates":[23.143101,63.721199]},"properties":{"icao_code":"EFKK","name":"","location":"","country":""}},{"type":"Feature","geometry":{"type":"Point","coordinates":[29.239401,65.987602]},"properties":{"icao_code":"EFKS","name":"","location":"","country":""}},{"type":"Feature","geometry":{"type":"Point","coordinates":[24.8468,67.700996]},"properties":{"icao_code":"EFKT","name":"","location":"","country":""}},{"type":"Feature","geometry":{"type":"Point","coordinates":[27.7978,63.007099]},"properties":{"icao_code":"EFKU","name":"","location":"","country":""}},{"type":"Feature","geometry":{"type":"Point","coordinates":[28.144743,61.044601]},"properties":{"icao_code":"EFLP","name":"","location":"","country":""}},{"type":"Feature","geometry":{"type":"Point","coordinates":[19.898199,60.1222]},"properties":{"icao_code":"EFMA","name":"","location":"","country":""}},{"type":"Feature","geometry":{"type":"Point","coordinates":[27.201799,61.6866]},"properties":{"icao_code":"EFMI","name":"","location":"","country":""}},{"type":"Feature","geometry":{"type":"Point","coordinates":[25.354601,64.930099]},"properties":{"icao_code":"EFOU","name":"","location":"","country":""}},{"type":"Feature","geometry":{"type":"Point","coordinates":[21.799999,61.4617]},"properties":{"icao_code":"EFPO","name":"","location":"","country":""}},{"type":"Feature","geometry":{"type":"Point","coordinates":[25.8304,66.564796]},"properties":{"icao_code":"EFRO","name":"","location":"","country":""}},{"type":"Feature","geometry":{"type":"Point","coordinates":[28.945101,61.9431]},"properties":{"icao_code":"EFSA","name":"","location":"","country":""}},{"type":"Feature","geometry":{"type":"Point","coordinates":[22.8323,62.692101]},"properties":{"icao_code":"EFSI","name":"","location":"","country":""}},{"type":"Feature","geometry":{"type":"Point","coordinates":[26.619101,67.394997]},"properties":{"icao_code":"EFSO","name":"","location":"","country":""}},{"type":"Feature","geometry":{"type":"Point","coordinates":[23.604401,61.414101]},"properties":{"icao_code":"EFTP","name":"","location":"","country":""}},{"type":"Feature","geometry":{"type":"Point","coordinates":[22.2628,60.514099]},"properties":{"icao_code":"EFTU","name":"","location":"","country":""}},{"type":"Feature","geometry":{"type":"Point","coordinates":[26.9384,60.8964]},"properties":{"icao_code":"EFUT","name":"","location":"","country":""}},{"type":"Feature","geometry":{"type":"Point","coordinates":[21.762199,63.050701]},"properties":{"icao_code":"EFVA","name":"","location":"","country":""}},{"type":"Feature","geometry":{"type":"Point","coordinates":[27.868601,62.171101]},"properties":{"icao_code":"EFVR","name":"","location":"","country":""}},{"type":"Feature","geometry":{"type":"Point","coordinates":[24.725278,64.054722]},"properties":{"icao_code":"EFYL","name":"","location":"","country":""}},{"type":"Feature","geometry":{"type":"Point","coordinates":[-6.21583,54.657501]},"properties":{"icao_code":"EGAA","name":"","location":"","country":""}},{"type":"Feature","geometry":{"type":"Point","coordinates":[-7.651179,54.398274]},"properties":{"icao_code":"EGAB","name":"","location":"","country":""}},{"type":"Feature","geometry":{"type":"Point","coordinates":[-5.8725,54.618099]},"properties":{"icao_code":"EGAC","name":"","location":"","country":""}},{"type":"Feature","geometry":{"type":"Point","coordinates":[-7.16111,55.042801]},"properties":{"icao_code":"EGAE","name":"","location":"","country":""}},{"type":"Feature","geometry":{"type":"Point","coordinates":[-1.74803,52.453899]},"properties":{"icao_code":"EGBB","name":"","location":"","country":""}},{"type":"Feature","geometry":{"type":"Point","coordinates":[-1.47972,52.369701]},"properties":{"icao_code":"EGBE","name":"","location":"","country":""}},{"type":"Feature","geometry":{"type":"Point","coordinates":[-2.16722,51.894199]},"properties":{"icao_code":"EGBJ","name":"","location":"","country":""}},{"type":"Feature","geometry":{"type":"Point","coordinates":[-1.07917,52.919998]},"properties":{"icao_code":"EGBN","name":"","location":"","country":""}},{"type":"Feature","geometry":{"type":"Point","coordinates":[-2.279521,53.349375]},"properties":{"icao_code":"EGCC","name":"","location":"","country":""}},{"type":"Feature","geometry":{"type":"Point","coordinates":[-2.63882,51.009399]},"properties":{"icao_code":"EGDY","name":"","location":"","country":""}},{"type":"Feature","geometry":{"type":"Point","coordinates":[-5.68639,55.437199]},"properties":{"icao_code":"EGEC","name":"","location":"","country":""}},{"type":"Feature","geometry":{"type":"Point","coordinates":[-2.77222,59.190601]},"properties":{"icao_code":"EGED","name":"","location":"","country":""}},{"type":"Feature","geometry":{"type":"Point","coordinates":[-4.96111,51.833099]},"properties":{"icao_code":"EGFE","name":"","location":"","country":""}},{"type":"Feature","geometry":{"type":"Point","coordinates":[-3.34333,51.396702]},"properties":{"icao_code":"EGFF","name":"","location":"","country":""}},{"type":"Feature","geometry":{"type":"Point","coordinates":[-4.071006,51.601366]},"properties":{"icao_code":"EGFH","name":"","location":"","country":""}},{"type":"Feature","geometry":{"type":"Point","coordinates":[-2.71909,51.382702]},"properties":{"icao_code":"EGGD","name":"","location":"","country":""}},{"type":"Feature","geometry":{"type":"Point","coordinates":[-2.84972,53.333599]},"properties":{"icao_code":"EGGP","name":"","location":"","country":""}},{"type":"Feature","geometry":{"type":"Point","coordinates":[-0.368333,51.874699]},"properties":{"icao_code":"EGGW","name":"","location":"","country":""}},{"type":"Feature","geometry":{"type":"Point","coordinates":[-1.839576,50.780483]},"properties":{"icao_code":"EGHH","name":"","location":"","country":""}},{"type":"Feature","geometry":{"type":"Point","coordinates":[-1.3568,50.950298]},"properties":{"icao_code":"EGHI","name":"","location":"","country":""}},{"type":"Feature","geometry":{"type":"Point","coordinates":[-1.031663,51.18744]},"properties":{"icao_code":"EGHL","name":"","location":"","country":""}},{"type":"Feature","geometry":{"type":"Point","coordinates":[-4.99541,50.440601]},"properties":{"icao_code":"EGHQ","name":"","location":"","country":""}},{"type":"Feature","geometry":{"type":"Point","coordinates":[-2.21472,49.706104]},"properties":{"icao_code":"EGJA","name":"","location":"","country":""}},{"type":"Feature","geometry":{"type":"Point","coordinates":[-2.60197,49.435001]},"properties":{"icao_code":"EGJB","name":"","location":"","country":""}},{"type":"Feature","geometry":{"type":"Point","coordinates":[-2.19551,49.207901]},"properties":{"icao_code":"EGJJ","name":"","location":"","country":""}},{"type":"Feature","geometry":{"type":"Point","coordinates":[-0.297222,50.835602]},"properties":{"icao_code":"EGKA","name":"","location":"","country":""}},{"type":"Feature","geometry":{"type":"Point","coordinates":[0.0325,51.330799]},"properties":{"icao_code":"EGKB","name":"","location":"","country":""}},{"type":"Feature","geometry":{"type":"Point","coordinates":[-0.192089,51.148771]},"properties":{"icao_code":"EGKK","name":"","location":"","country":""}},{"type":"Feature","geometry":{"type":"Point","coordinates":[0.055278,51.505299]},"properties":{"icao_code":"EGLC","name":"","location":"","country":""}},{"type":"Feature","geometry":{"type":"Point","coordinates":[-0.776333,51.275799]},"properties":{"icao_code":"EGLF","name":"","location":"","country":""}},{"type":"Feature","geometry":{"type":"Point","coordinates":[-0.8475,51.323898]},"properties":{"icao_code":"EGLK","name":"","location":"","country":""}},{"type":"Feature","geometry":{"type":"Point","coordinates":[-0.461941,51.4706]},"properties":{"icao_code":"EGLL","name":"","location":"","country":""}},{"type":"Feature","geometry":{"type":"Point","coordinates":[0.693627,51.570562]},"properties":{"icao_code":"EGMC","name":"","location":"","country":""}},{"type":"Feature","geometry":{"type":"Point","coordinates":[0.939074,50.956246]},"properties":{"icao_code":"EGMD","name":"","location":"","country":""}},{"type":"Feature","geometry":{"type":"Point","coordinates":[-2.80917,54.9375]},"properties":{"icao_code":"EGNC","name":"","location":"","country":""}},{"type":"Feature","geometry":{"type":"Point","coordinates":[-3.02861,53.771702]},"properties":{"icao_code":"EGNH","name":"","location":"","country":""}},{"type":"Feature","geometry":{"type":"Point","coordinates":[-0.34954,53.576152]},"properties":{"icao_code":"EGNJ","name":"","location":"","country":""}},{"type":"Feature","geometry":{"type":"Point","coordinates":[-3.2675,54.128611]},"properties":{"icao_code":"EGNL","name":"","location":"","country":""}},{"type":"Feature","geometry":{"type":"Point","coordinates":[-1.66057,53.865898]},"properties":{"icao_code":"EGNM","name":"","location":"","country":""}},{"type":"Feature","geometry":{"type":"Point","coordinates":[-2.88306,53.745098]},"properties":{"icao_code":"EGNO","name":"","location":"","country":""}},{"type":"Feature","geometry":{"type":"Point","coordinates":[-2.97778,53.178101]},"properties":{"icao_code":"EGNR","name":"","location":"","country":""}},{"type":"Feature","geometry":{"type":"Point","coordinates":[-4.62389,54.083302]},"properties":{"icao_code":"EGNS","name":"","location":"","country":""}},{"type":"Feature","geometry":{"type":"Point","coordinates":[-1.689577,55.037958]},"properties":{"icao_code":"EGNT","name":"","location":"","country":""}},{"type":"Feature","geometry":{"type":"Point","coordinates":[-1.42941,54.509201]},"properties":{"icao_code":"EGNV","name":"","location":"","country":""}},{"type":"Feature","geometry":{"type":"Point","coordinates":[-1.32806,52.8311]},"properties":{"icao_code":"EGNX","name":"","location":"","country":""}},{"type":"Feature","geometry":{"type":"Point","coordinates":[-4.53534,53.2481]},"properties":{"icao_code":"EGOV","name":"","location":"","country":""}},{"type":"Feature","geometry":{"type":"Point","coordinates":[-2.905,58.957802]},"properties":{"icao_code":"EGPA","name":"","location":"","country":""}},{"type":"Feature","geometry":{"type":"Point","coordinates":[-1.29556,59.878899]},"properties":{"icao_code":"EGPB","name":"","location":"","country":""}},{"type":"Feature","geometry":{"type":"Point","coordinates":[-3.09306,58.4589]},"properties":{"icao_code":"EGPC","name":"","location":"","country":""}},{"type":"Feature","geometry":{"type":"Point","coordinates":[-2.19778,57.2019]},"properties":{"icao_code":"EGPD","name":"","location":"","country":""}},{"type":"Feature","geometry":{"type":"Point","coordinates":[-4.0475,57.5425]},"properties":{"icao_code":"EGPE","name":"","location":"","country":""}},{"type":"Feature","geometry":{"type":"Point","coordinates":[-4.43306,55.871899]},"properties":{"icao_code":"EGPF","name":"","location":"","country":""}},{"type":"Feature","geometry":{"type":"Point","coordinates":[-3.372288,55.950145]},"properties":{"icao_code":"EGPH","name":"","location":"","country":""}},{"type":"Feature","geometry":{"type":"Point","coordinates":[-6.257525,55.682708]},"properties":{"icao_code":"EGPI","name":"","location":"","country":""}},{"type":"Feature","geometry":{"type":"Point","coordinates":[-4.587019,55.502003]},"properties":{"icao_code":"EGPK","name":"","location":"","country":""}},{"type":"Feature","geometry":{"type":"Point","coordinates":[-7.36278,57.481098]},"properties":{"icao_code":"EGPL","name":"","location":"","country":""}},{"type":"Feature","geometry":{"type":"Point","coordinates":[-3.02583,56.452499]},"properties":{"icao_code":"EGPN","name":"","location":"","country":""}},{"type":"Feature","geometry":{"type":"Point","coordinates":[-6.33111,58.215599]},"properties":{"icao_code":"EGPO","name":"","location":"","country":""}},{"type":"Feature","geometry":{"type":"Point","coordinates":[-7.44306,57.0228]},"properties":{"icao_code":"EGPR","name":"","location":"","country":""}},{"type":"Feature","geometry":{"type":"Point","coordinates":[-6.86917,56.499199]},"properties":{"icao_code":"EGPU","name":"","location":"","country":""}},{"type":"Feature","geometry":{"type":"Point","coordinates":[-2.868862,56.37398]},"properties":{"icao_code":"EGQL","name":"","location":"","country":""}},{"type":"Feature","geometry":{"type":"Point","coordinates":[-3.33917,57.7052]},"properties":{"icao_code":"EGQS","name":"","location":"","country":""}},{"type":"Feature","geometry":{"type":"Point","coordinates":[0.175,52.205002]},"properties":{"icao_code":"EGSC","name":"","location":"","country":""}},{"type":"Feature","geometry":{"type":"Point","coordinates":[1.28278,52.6758]},"properties":{"icao_code":"EGSH","name":"","location":"","country":""}},{"type":"Feature","geometry":{"type":"Point","coordinates":[0.235,51.884998]},"properties":{"icao_code":"EGSS","name":"","location":"","country":""}},{"type":"Feature","geometry":{"type":"Point","coordinates":[-3.413984,50.734261]},"properties":{"icao_code":"EGTE","name":"","location":"","country":""}},{"type":"Feature","geometry":{"type":"Point","coordinates":[-1.32,51.836899]},"properties":{"icao_code":"EGTK","name":"","location":"","country":""}},{"type":"Feature","geometry":{"type":"Point","coordinates":[-1.095991,51.614366]},"properties":{"icao_code":"EGUB","name":"","location":"","country":""}},{"type":"Feature","geometry":{"type":"Point","coordinates":[0.561161,52.40954]},"properties":{"icao_code":"EGUL","name":"","location":"","country":""}},{"type":"Feature","geometry":{"type":"Point","coordinates":[0.486406,52.3619]},"properties":{"icao_code":"EGUN","name":"","location":"","country":""}},{"type":"Feature","geometry":{"type":"Point","coordinates":[-1.789172,51.683568]},"properties":{"icao_code":"EGVA","name":"","location":"","country":""}},{"type":"Feature","geometry":{"type":"Point","coordinates":[-1.58362,51.75]},"properties":{"icao_code":"EGVN","name":"","location":"","country":""}},{"type":"Feature","geometry":{"type":"Point","coordinates":[-0.942825,51.2341]},"properties":{"icao_code":"EGVO","name":"","location":"","country":""}},{"type":"Feature","geometry":{"type":"Point","coordinates":[-0.418167,51.553001]},"properties":{"icao_code":"EGWU","name":"","location":"","country":""}},{"type":"Feature","geometry":{"type":"Point","coordinates":[-0.166014,53.092999]},"properties":{"icao_code":"EGXC","name":"","location":"","country":""}},{"type":"Feature","geometry":{"type":"Point","coordinates":[0.772939,52.342602]},"properties":{"icao_code":"EGXH","name":"","location":"","country":""}},{"type":"Feature","geometry":{"type":"Point","coordinates":[-0.523811,53.166199]},"properties":{"icao_code":"EGXW","name":"","location":"","country":""}},{"type":"Feature","geometry":{"type":"Point","coordinates":[0.550692,52.648395]},"properties":{"icao_code":"EGYM","name":"","location":"","country":""}},{"type":"Feature","geometry":{"type":"Point","coordinates":[-58.447201,-51.8228]},"properties":{"icao_code":"EGYP","name":"","location":"","country":""}},{"type":"Feature","geometry":{"type":"Point","coordinates":[4.76389,52.308601]},"properties":{"icao_code":"EHAM","name":"","location":"","country":""}},{"type":"Feature","geometry":{"type":"Point","coordinates":[5.60139,51.255299]},"properties":{"icao_code":"EHBD","name":"","location":"","country":""}},{"type":"Feature","geometry":{"type":"Point","coordinates":[5.77014,50.911701]},"properties":{"icao_code":"EHBK","name":"","location":"","country":""}},{"type":"Feature","geometry":{"type":"Point","coordinates":[5.87306,52.0606]},"properties":{"icao_code":"EHDL","name":"","location":"","country":""}},{"type":"Feature","geometry":{"type":"Point","coordinates":[5.37453,51.4501]},"properties":{"icao_code":"EHEH","name":"","location":"","country":""}},{"type":"Feature","geometry":{"type":"Point","coordinates":[6.57944,53.119701]},"properties":{"icao_code":"EHGG","name":"","location":"","country":""}},{"type":"Feature","geometry":{"type":"Point","coordinates":[4.93183,51.567402]},"properties":{"icao_code":"EHGR","name":"","location":"","country":""}},{"type":"Feature","geometry":{"type":"Point","coordinates":[4.78062,52.923401]},"properties":{"icao_code":"EHKD","name":"","location":"","country":""}},{"type":"Feature","geometry":{"type":"Point","coordinates":[5.514622,52.453188]},"properties":{"icao_code":"EHLE","name":"","location":"","country":""}},{"type":"Feature","geometry":{"type":"Point","coordinates":[5.76056,53.2286]},"properties":{"icao_code":"EHLW","name":"","location":"","country":""}},{"type":"Feature","geometry":{"type":"Point","coordinates":[4.43722,51.956902]},"properties":{"icao_code":"EHRD","name":"","location":"","country":""}},{"type":"Feature","geometry":{"type":"Point","coordinates":[6.889167,52.275833]},"properties":{"icao_code":"EHTW","name":"","location":"","country":""}},{"type":"Feature","geometry":{"type":"Point","coordinates":[5.707778,51.657222]},"properties":{"icao_code":"EHVK","name":"","location":"","country":""}},{"type":"Feature","geometry":{"type":"Point","coordinates":[4.34203,51.4491]},"properties":{"icao_code":"EHWO","name":"","location":"","country":""}},{"type":"Feature","geometry":{"type":"Point","coordinates":[-8.49111,51.841301]},"properties":{"icao_code":"EICK","name":"","location":"","country":""}},{"type":"Feature","geometry":{"type":"Point","coordinates":[-8.94159,53.300201]},"properties":{"icao_code":"EICM","name":"","location":"","country":""}},{"type":"Feature","geometry":{"type":"Point","coordinates":[-8.341,55.044201]},"properties":{"icao_code":"EIDL","name":"","location":"","country":""}},{"type":"Feature","geometry":{"type":"Point","coordinates":[-6.262121,53.428713]},"properties":{"icao_code":"EIDW","name":"","location":"","country":""}},{"type":"Feature","geometry":{"type":"Point","coordinates":[-8.81849,53.910301]},"properties":{"icao_code":"EIKN","name":"","location":"","country":""}},{"type":"Feature","geometry":{"type":"Point","coordinates":[-9.52378,52.180901]},"properties":{"icao_code":"EIKY","name":"","location":"","country":""}},{"type":"Feature","geometry":{"type":"Point","coordinates":[-8.92482,52.702]},"properties":{"icao_code":"EINN","name":"","location":"","country":""}},{"type":"Feature","geometry":{"type":"Point","coordinates":[-8.59921,54.280201]},"properties":{"icao_code":"EISG","name":"","location":"","country":""}},{"type":"Feature","geometry":{"type":"Point","coordinates":[-7.08696,52.187199]},"properties":{"icao_code":"EIWF","name":"","location":"","country":""}},{"type":"Feature","geometry":{"type":"Point","coordinates":[-6.490357,53.351622]},"properties":{"icao_code":"EIWT","name":"","location":"","country":""}},{"type":"Feature","geometry":{"type":"Point","coordinates":[10.618286,56.303331]},"properties":{"icao_code":"EKAH","name":"","location":"","country":""}},{"type":"Feature","geometry":{"type":"Point","coordinates":[9.157019,55.740335]},"properties":{"icao_code":"EKBI","name":"","location":"","country":""}},{"type":"Feature","geometry":{"type":"Point","coordinates":[12.656,55.617901]},"properties":{"icao_code":"EKCH","name":"","location":"","country":""}},{"type":"Feature","geometry":{"type":"Point","coordinates":[8.5534,55.525902]},"properties":{"icao_code":"EKEB","name":"","location":"","country":""}},{"type":"Feature","geometry":{"type":"Point","coordinates":[9.104311,56.297139]},"properties":{"icao_code":"EKKA","name":"","location":"","country":""}},{"type":"Feature","geometry":{"type":"Point","coordinates":[11.438163,54.699447]},"properties":{"icao_code":"EKMB","name":"","location":"","country":""}},{"type":"Feature","geometry":{"type":"Point","coordinates":[10.327206,55.475307]},"properties":{"icao_code":"EKOD","name":"","location":"","country":""}},{"type":"Feature","geometry":{"type":"Point","coordinates":[12.1314,55.585602]},"properties":{"icao_code":"EKRK","name":"","location":"","country":""}},{"type":"Feature","geometry":{"type":"Point","coordinates":[14.7596,55.063301]},"properties":{"icao_code":"EKRN","name":"","location":"","country":""}},{"type":"Feature","geometry":{"type":"Point","coordinates":[9.79173,54.964401]},"properties":{"icao_code":"EKSB","name":"","location":"","country":""}},{"type":"Feature","geometry":{"type":"Point","coordinates":[10.2294,57.503502]},"properties":{"icao_code":"EKSN","name":"","location":"","country":""}},{"type":"Feature","geometry":{"type":"Point","coordinates":[9.26702,55.221048]},"properties":{"icao_code":"EKSP","name":"","location":"","country":""}},{"type":"Feature","geometry":{"type":"Point","coordinates":[9.17298,56.550201]},"properties":{"icao_code":"EKSV","name":"","location":"","country":""}},{"type":"Feature","geometry":{"type":"Point","coordinates":[8.70522,57.068802]},"properties":{"icao_code":"EKTS","name":"","location":"","country":""}},{"type":"Feature","geometry":{"type":"Point","coordinates":[-7.275782,62.063256]},"properties":{"icao_code":"EKVG","name":"","location":"","country":""}},{"type":"Feature","geometry":{"type":"Point","coordinates":[8.35391,55.990101]},"properties":{"icao_code":"EKVJ","name":"","location":"","country":""}},{"type":"Feature","geometry":{"type":"Point","coordinates":[9.84993,57.094763]},"properties":{"icao_code":"EKYT","name":"","location":"","country":""}},{"type":"Feature","geometry":{"type":"Point","coordinates":[6.204444,49.623333]},"properties":{"icao_code":"ELLX","name":"","location":"","country":""}},{"type":"Feature","geometry":{"type":"Point","coordinates":[6.1197,62.5625]},"properties":{"icao_code":"ENAL","name":"","location":"","country":""}},{"type":"Feature","geometry":{"type":"Point","coordinates":[16.144199,69.292503]},"properties":{"icao_code":"ENAN","name":"","location":"","country":""}},{"type":"Feature","geometry":{"type":"Point","coordinates":[23.3717,69.976097]},"properties":{"icao_code":"ENAT","name":"","location":"","country":""}},{"type":"Feature","geometry":{"type":"Point","coordinates":[12.2175,65.461098]},"properties":{"icao_code":"ENBN","name":"","location":"","country":""}},{"type":"Feature","geometry":{"type":"Point","coordinates":[14.3653,67.269203]},"properties":{"icao_code":"ENBO","name":"","location":"","country":""}},{"type":"Feature","geometry":{"type":"Point","coordinates":[5.21814,60.2934]},"properties":{"icao_code":"ENBR","name":"","location":"","country":""}},{"type":"Feature","geometry":{"type":"Point","coordinates":[29.692612,70.60025]},"properties":{"icao_code":"ENBS","name":"","location":"","country":""}},{"type":"Feature","geometry":{"type":"Point","coordinates":[29.034097,70.871517]},"properties":{"icao_code":"ENBV","name":"","location":"","country":""}},{"type":"Feature","geometry":{"type":"Point","coordinates":[8.08537,58.204201]},"properties":{"icao_code":"ENCN","name":"","location":"","country":""}},{"type":"Feature","geometry":{"type":"Point","coordinates":[18.5404,69.055801]},"properties":{"icao_code":"ENDU","name":"","location":"","country":""}},{"type":"Feature","geometry":{"type":"Point","coordinates":[16.678101,68.491302]},"properties":{"icao_code":"ENEV","name":"","location":"","country":""}},{"type":"Feature","geometry":{"type":"Point","coordinates":[5.02472,61.583599]},"properties":{"icao_code":"ENFL","name":"","location":"","country":""}},{"type":"Feature","geometry":{"type":"Point","coordinates":[11.1004,60.193901]},"properties":{"icao_code":"ENGM","name":"","location":"","country":""}},{"type":"Feature","geometry":{"type":"Point","coordinates":[5.20836,59.345299]},"properties":{"icao_code":"ENHD","name":"","location":"","country":""}},{"type":"Feature","geometry":{"type":"Point","coordinates":[23.6686,70.679703]},"properties":{"icao_code":"ENHF","name":"","location":"","country":""}},{"type":"Feature","geometry":{"type":"Point","coordinates":[25.983601,71.009697]},"properties":{"icao_code":"ENHV","name":"","location":"","country":""}},{"type":"Feature","geometry":{"type":"Point","coordinates":[7.82452,63.111801]},"properties":{"icao_code":"ENKB","name":"","location":"","country":""}},{"type":"Feature","geometry":{"type":"Point","coordinates":[29.8913,69.7258]},"properties":{"icao_code":"ENKR","name":"","location":"","country":""}},{"type":"Feature","geometry":{"type":"Point","coordinates":[13.6094,68.152496]},"properties":{"icao_code":"ENLK","name":"","location":"","country":""}},{"type":"Feature","geometry":{"type":"Point","coordinates":[27.8267,71.029701]},"properties":{"icao_code":"ENMH","name":"","location":"","country":""}},{"type":"Feature","geometry":{"type":"Point","coordinates":[7.2625,62.744701]},"properties":{"icao_code":"ENML","name":"","location":"","country":""}},{"type":"Feature","geometry":{"type":"Point","coordinates":[13.2149,65.783997]},"properties":{"icao_code":"ENMS","name":"","location":"","country":""}},{"type":"Feature","geometry":{"type":"Point","coordinates":[24.973499,70.068802]},"properties":{"icao_code":"ENNA","name":"","location":"","country":""}},{"type":"Feature","geometry":{"type":"Point","coordinates":[9.213152,59.565071]},"properties":{"icao_code":"ENNO","name":"","location":"","country":""}},{"type":"Feature","geometry":{"type":"Point","coordinates":[9.604,63.698898]},"properties":{"icao_code":"ENOL","name":"","location":"","country":""}},{"type":"Feature","geometry":{"type":"Point","coordinates":[6.0741,62.18]},"properties":{"icao_code":"ENOV","name":"","location":"","country":""}},{"type":"Feature","geometry":{"type":"Point","coordinates":[14.3014,66.363899]},"properties":{"icao_code":"ENRA","name":"","location":"","country":""}},{"type":"Feature","geometry":{"type":"Point","coordinates":[11.1461,64.838303]},"properties":{"icao_code":"ENRM","name":"","location":"","country":""}},{"type":"Feature","geometry":{"type":"Point","coordinates":[11.3423,62.5784]},"properties":{"icao_code":"ENRO","name":"","location":"","country":""}},{"type":"Feature","geometry":{"type":"Point","coordinates":[10.785439,59.378817]},"properties":{"icao_code":"ENRY","name":"","location":"","country":""}},{"type":"Feature","geometry":{"type":"Point","coordinates":[15.4656,78.246101]},"properties":{"icao_code":"ENSB","name":"","location":"","country":""}},{"type":"Feature","geometry":{"type":"Point","coordinates":[14.6692,68.243301]},"properties":{"icao_code":"ENSH","name":"","location":"","country":""}},{"type":"Feature","geometry":{"type":"Point","coordinates":[15.033417,68.578827]},"properties":{"icao_code":"ENSK","name":"","location":"","country":""}},{"type":"Feature","geometry":{"type":"Point","coordinates":[9.56694,59.185001]},"properties":{"icao_code":"ENSN","name":"","location":"","country":""}},{"type":"Feature","geometry":{"type":"Point","coordinates":[5.34085,59.791901]},"properties":{"icao_code":"ENSO","name":"","location":"","country":""}},{"type":"Feature","geometry":{"type":"Point","coordinates":[20.9594,69.786797]},"properties":{"icao_code":"ENSR","name":"","location":"","country":""}},{"type":"Feature","geometry":{"type":"Point","coordinates":[31.044901,70.3554]},"properties":{"icao_code":"ENSS","name":"","location":"","country":""}},{"type":"Feature","geometry":{"type":"Point","coordinates":[12.4689,65.956802]},"properties":{"icao_code":"ENST","name":"","location":"","country":""}},{"type":"Feature","geometry":{"type":"Point","coordinates":[18.9189,69.683296]},"properties":{"icao_code":"ENTC","name":"","location":"","country":""}},{"type":"Feature","geometry":{"type":"Point","coordinates":[10.2586,59.186699]},"properties":{"icao_code":"ENTO","name":"","location":"","country":""}},{"type":"Feature","geometry":{"type":"Point","coordinates":[10.924,63.457802]},"properties":{"icao_code":"ENVA","name":"","location":"","country":""}},{"type":"Feature","geometry":{"type":"Point","coordinates":[29.8447,70.0653]},"properties":{"icao_code":"ENVD","name":"","location":"","country":""}},{"type":"Feature","geometry":{"type":"Point","coordinates":[5.63778,58.876701]},"properties":{"icao_code":"ENZV","name":"","location":"","country":""}},{"type":"Feature","geometry":{"type":"Point","coordinates":[17.977699,53.096802]},"properties":{"icao_code":"EPBY","name":"","location":"","country":""}},{"type":"Feature","geometry":{"type":"Point","coordinates":[18.4662,54.377602]},"properties":{"icao_code":"EPGD","name":"","location":"","country":""}},{"type":"Feature","geometry":{"type":"Point","coordinates":[19.7848,50.077702]},"properties":{"icao_code":"EPKK","name":"","location":"","country":""}},{"type":"Feature","geometry":{"type":"Point","coordinates":[19.080705,50.476015]},"properties":{"icao_code":"EPKT","name":"","location":"","country":""}},{"type":"Feature","geometry":{"type":"Point","coordinates":[22.713461,51.240157]},"properties":{"icao_code":"EPLB","name":"","location":"","country":""}},{"type":"Feature","geometry":{"type":"Point","coordinates":[19.3981,51.721901]},"properties":{"icao_code":"EPLL","name":"","location":"","country":""}},{"type":"Feature","geometry":{"type":"Point","coordinates":[20.6518,52.451099]},"properties":{"icao_code":"EPMO","name":"","location":"","country":""}},{"type":"Feature","geometry":{"type":"Point","coordinates":[16.823359,52.421598]},"properties":{"icao_code":"EPPO","name":"","location":"","country":""}},{"type":"Feature","geometry":{"type":"Point","coordinates":[21.214742,51.38937]},"properties":{"icao_code":"EPRA","name":"","location":"","country":""}},{"type":"Feature","geometry":{"type":"Point","coordinates":[22.024155,50.109791]},"properties":{"icao_code":"EPRZ","name":"","location":"","country":""}},{"type":"Feature","geometry":{"type":"Point","coordinates":[14.9022,53.584702]},"properties":{"icao_code":"EPSC","name":"","location":"","country":""}},{"type":"Feature","geometry":{"type":"Point","coordinates":[20.9377,53.481899]},"properties":{"icao_code":"EPSY","name":"","location":"","country":""}},{"type":"Feature","geometry":{"type":"Point","coordinates":[20.9671,52.165699]},"properties":{"icao_code":"EPWA","name":"","location":"","country":""}},{"type":"Feature","geometry":{"type":"Point","coordinates":[16.882096,51.103719]},"properties":{"icao_code":"EPWR","name":"","location":"","country":""}},{"type":"Feature","geometry":{"type":"Point","coordinates":[15.7986,52.1385]},"properties":{"icao_code":"EPZG","name":"","location":"","country":""}},{"type":"Feature","geometry":{"type":"Point","coordinates":[15.265,56.266701]},"properties":{"icao_code":"ESDF","name":"","location":"","country":""}},{"type":"Feature","geometry":{"type":"Point","coordinates":[12.2798,57.6628]},"properties":{"icao_code":"ESGG","name":"","location":"","country":""}},{"type":"Feature","geometry":{"type":"Point","coordinates":[14.0687,57.757599]},"properties":{"icao_code":"ESGJ","name":"","location":"","country":""}},{"type":"Feature","geometry":{"type":"Point","coordinates":[11.8704,57.7747]},"properties":{"icao_code":"ESGP","name":"","location":"","country":""}},{"type":"Feature","geometry":{"type":"Point","coordinates":[13.9727,58.456402]},"properties":{"icao_code":"ESGR","name":"","location":"","country":""}},{"type":"Feature","geometry":{"type":"Point","coordinates":[12.345,58.3181]},"properties":{"icao_code":"ESGT","name":"","location":"","country":""}},{"type":"Feature","geometry":{"type":"Point","coordinates":[14.4959,59.345901]},"properties":{"icao_code":"ESKK","name":"","location":"","country":""}},{"type":"Feature","geometry":{"type":"Point","coordinates":[14.5114,60.957901]},"properties":{"icao_code":"ESKM","name":"","location":"","country":""}},{"type":"Feature","geometry":{"type":"Point","coordinates":[16.912201,58.788601]},"properties":{"icao_code":"ESKN","name":"","location":"","country":""}},{"type":"Feature","geometry":{"type":"Point","coordinates":[14.0855,55.9217]},"properties":{"icao_code":"ESMK","name":"","location":"","country":""}},{"type":"Feature","geometry":{"type":"Point","coordinates":[16.2876,56.685501]},"properties":{"icao_code":"ESMQ","name":"","location":"","country":""}},{"type":"Feature","geometry":{"type":"Point","coordinates":[13.376327,55.535564]},"properties":{"icao_code":"ESMS","name":"","location":"","country":""}},{"type":"Feature","geometry":{"type":"Point","coordinates":[12.8202,56.691101]},"properties":{"icao_code":"ESMT","name":"","location":"","country":""}},{"type":"Feature","geometry":{"type":"Point","coordinates":[14.728,56.9291]},"properties":{"icao_code":"ESMX","name":"","location":"","country":""}},{"type":"Feature","geometry":{"type":"Point","coordinates":[20.8146,67.132401]},"properties":{"icao_code":"ESNG","name":"","location":"","country":""}},{"type":"Feature","geometry":{"type":"Point","coordinates":[17.7689,63.048599]},"properties":{"icao_code":"ESNK","name":"","location":"","country":""}},{"type":"Feature","geometry":{"type":"Point","coordinates":[18.7162,64.548302]},"properties":{"icao_code":"ESNL","name":"","location":"","country":""}},{"type":"Feature","geometry":{"type":"Point","coordinates":[17.443899,62.528099]},"properties":{"icao_code":"ESNN","name":"","location":"","country":""}},{"type":"Feature","geometry":{"type":"Point","coordinates":[18.99,63.408298]},"properties":{"icao_code":"ESNO","name":"","location":"","country":""}},{"type":"Feature","geometry":{"type":"Point","coordinates":[20.3368,67.821999]},"properties":{"icao_code":"ESNQ","name":"","location":"","country":""}},{"type":"Feature","geometry":{"type":"Point","coordinates":[21.0769,64.624802]},"properties":{"icao_code":"ESNS","name":"","location":"","country":""}},{"type":"Feature","geometry":{"type":"Point","coordinates":[20.282801,63.791801]},"properties":{"icao_code":"ESNU","name":"","location":"","country":""}},{"type":"Feature","geometry":{"type":"Point","coordinates":[16.833599,64.579102]},"properties":{"icao_code":"ESNV","name":"","location":"","country":""}},{"type":"Feature","geometry":{"type":"Point","coordinates":[19.2819,65.590302]},"properties":{"icao_code":"ESNX","name":"","location":"","country":""}},{"type":"Feature","geometry":{"type":"Point","coordinates":[17.0991,61.261501]},"properties":{"icao_code":"ESNY","name":"","location":"","country":""}},{"type":"Feature","geometry":{"type":"Point","coordinates":[14.500322,63.194135]},"properties":{"icao_code":"ESNZ","name":"","location":"","country":""}},{"type":"Feature","geometry":{"type":"Point","coordinates":[15.038,59.223701]},"properties":{"icao_code":"ESOE","name":"","location":"","country":""}},{"type":"Feature","geometry":{"type":"Point","coordinates":[13.3374,59.444698]},"properties":{"icao_code":"ESOK","name":"","location":"","country":""}},{"type":"Feature","geometry":{"type":"Point","coordinates":[16.6336,59.589401]},"properties":{"icao_code":"ESOW","name":"","location":"","country":""}},{"type":"Feature","geometry":{"type":"Point","coordinates":[22.122,65.5438]},"properties":{"icao_code":"ESPA","name":"","location":"","country":""}},{"type":"Feature","geometry":{"type":"Point","coordinates":[17.928829,59.64849]},"properties":{"icao_code":"ESSA","name":"","location":"","country":""}},{"type":"Feature","geometry":{"type":"Point","coordinates":[17.9417,59.354401]},"properties":{"icao_code":"ESSB","name":"","location":"","country":""}},{"type":"Feature","geometry":{"type":"Point","coordinates":[15.5152,60.422001]},"properties":{"icao_code":"ESSD","name":"","location":"","country":""}},{"type":"Feature","geometry":{"type":"Point","coordinates":[16.951401,60.5933]},"properties":{"icao_code":"ESSK","name":"","location":"","country":""}},{"type":"Feature","geometry":{"type":"Point","coordinates":[15.6805,58.4062]},"properties":{"icao_code":"ESSL","name":"","location":"","country":""}},{"type":"Feature","geometry":{"type":"Point","coordinates":[16.250601,58.5863]},"properties":{"icao_code":"ESSP","name":"","location":"","country":""}},{"type":"Feature","geometry":{"type":"Point","coordinates":[12.9913,60.1576]},"properties":{"icao_code":"ESST","name":"","location":"","country":""}},{"type":"Feature","geometry":{"type":"Point","coordinates":[16.708401,59.351101]},"properties":{"icao_code":"ESSU","name":"","location":"","country":""}},{"type":"Feature","geometry":{"type":"Point","coordinates":[18.346201,57.6628]},"properties":{"icao_code":"ESSV","name":"","location":"","country":""}},{"type":"Feature","geometry":{"type":"Point","coordinates":[12.8471,56.296101]},"properties":{"icao_code":"ESTA","name":"","location":"","country":""}},{"type":"Feature","geometry":{"type":"Point","coordinates":[17.6966,64.960899]},"properties":{"icao_code":"ESUD","name":"","location":"","country":""}},{"type":"Feature","geometry":{"type":"Point","coordinates":[6.698413,49.976507]},"properties":{"icao_code":"ETAD","name":"","location":"","country":""}},{"type":"Feature","geometry":{"type":"Point","coordinates":[7.60028,49.436901]},"properties":{"icao_code":"ETAR","name":"","location":"","country":""}},{"type":"Feature","geometry":{"type":"Point","coordinates":[9.08217,52.2785]},"properties":{"icao_code":"ETHB","name":"","location":"","country":""}},{"type":"Feature","geometry":{"type":"Point","coordinates":[10.0221,52.591202]},"properties":{"icao_code":"ETHC","name":"","location":"","country":""}},{"type":"Feature","geometry":{"type":"Point","coordinates":[9.286,51.1146]},"properties":{"icao_code":"ETHF","name":"","location":"","country":""}},{"type":"Feature","geometry":{"type":"Point","coordinates":[9.91002,48.220299]},"properties":{"icao_code":"ETHL","name":"","location":"","country":""}},{"type":"Feature","geometry":{"type":"Point","coordinates":[9.956747,49.39162]},"properties":{"icao_code":"ETHN","name":"","location":"","country":""}},{"type":"Feature","geometry":{"type":"Point","coordinates":[10.185827,52.919399]},"properties":{"icao_code":"ETHS","name":"","location":"","country":""}},{"type":"Feature","geometry":{"type":"Point","coordinates":[11.9402,49.6987]},"properties":{"icao_code":"ETIC","name":"","location":"","country":""}},{"type":"Feature","geometry":{"type":"Point","coordinates":[11.836064,49.216541]},"properties":{"icao_code":"ETIH","name":"","location":"","country":""}},{"type":"Feature","geometry":{"type":"Point","coordinates":[8.659201,53.767689]},"properties":{"icao_code":"ETMN","name":"","location":"","country":""}},{"type":"Feature","geometry":{"type":"Point","coordinates":[8.342222,52.585556]},"properties":{"icao_code":"ETND","name":"","location":"","country":""}},{"type":"Feature","geometry":{"type":"Point","coordinates":[6.04242,50.9608]},"properties":{"icao_code":"ETNG","name":"","location":"","country":""}},{"type":"Feature","geometry":{"type":"Point","coordinates":[9.53817,54.312199]},"properties":{"icao_code":"ETNH","name":"","location":"","country":""}},{"type":"Feature","geometry":{"type":"Point","coordinates":[12.2783,53.918201]},"properties":{"icao_code":"ETNL","name":"","location":"","country":""}},{"type":"Feature","geometry":{"type":"Point","coordinates":[6.65817,50.8312]},"properties":{"icao_code":"ETNN","name":"","location":"","country":""}},{"type":"Feature","geometry":{"type":"Point","coordinates":[9.51633,54.459301]},"properties":{"icao_code":"ETNS","name":"","location":"","country":""}},{"type":"Feature","geometry":{"type":"Point","coordinates":[7.66733,53.547798]},"properties":{"icao_code":"ETNT","name":"","location":"","country":""}},{"type":"Feature","geometry":{"type":"Point","coordinates":[9.42717,52.457298]},"properties":{"icao_code":"ETNW","name":"","location":"","country":""}},{"type":"Feature","geometry":{"type":"Point","coordinates":[8.3254,50.049801]},"properties":{"icao_code":"ETOU","name":"","location":"","country":""}},{"type":"Feature","geometry":{"type":"Point","coordinates":[7.06333,50.173801]},"properties":{"icao_code":"ETSB","name":"","location":"","country":""}},{"type":"Feature","geometry":{"type":"Point","coordinates":[13.1677,51.767799]},"properties":{"icao_code":"ETSH","name":"","location":"","country":""}},{"type":"Feature","geometry":{"type":"Point","coordinates":[11.534,48.715698]},"properties":{"icao_code":"ETSI","name":"","location":"","country":""}},{"type":"Feature","geometry":{"type":"Point","coordinates":[10.8612,48.185504]},"properties":{"icao_code":"ETSL","name":"","location":"","country":""}},{"type":"Feature","geometry":{"type":"Point","coordinates":[11.2115,48.710999]},"properties":{"icao_code":"ETSN","name":"","location":"","country":""}},{"type":"Feature","geometry":{"type":"Point","coordinates":[21.096901,56.517502]},"properties":{"icao_code":"EVLA","name":"","location":"","country":""}},{"type":"Feature","geometry":{"type":"Point","coordinates":[23.9711,56.923599]},"properties":{"icao_code":"EVRA","name":"","location":"","country":""}},{"type":"Feature","geometry":{"type":"Point","coordinates":[24.084801,54.963902]},"properties":{"icao_code":"EYKA","name":"","location":"","country":""}},{"type":"Feature","geometry":{"type":"Point","coordinates":[21.093901,55.973202]},"properties":{"icao_code":"EYPA","name":"","location":"","country":""}},{"type":"Feature","geometry":{"type":"Point","coordinates":[24.4608,55.729401]},"properties":{"icao_code":"EYPP","name":"","location":"","country":""}},{"type":"Feature","geometry":{"type":"Point","coordinates":[23.395,55.893902]},"properties":{"icao_code":"EYSA","name":"","location":"","country":""}},{"type":"Feature","geometry":{"type":"Point","coordinates":[25.285801,54.634102]},"properties":{"icao_code":"EYVI","name":"","location":"","country":""}},{"type":"Feature","geometry":{"type":"Point","coordinates":[16.5333,-28.575001]},"properties":{"icao_code":"FAAB","name":"","location":"","country":""}},{"type":"Feature","geometry":{"type":"Point","coordinates":[18.8139,-29.281799]},"properties":{"icao_code":"FAAG","name":"","location":"","country":""}},{"type":"Feature","geometry":{"type":"Point","coordinates":[27.2791,-32.897099]},"properties":{"icao_code":"FABE","name":"","location":"","country":""}},{"type":"Feature","geometry":{"type":"Point","coordinates":[26.302401,-29.092699]},"properties":{"icao_code":"FABL","name":"","location":"","country":""}},{"type":"Feature","geometry":{"type":"Point","coordinates":[18.6017,-33.964802]},"properties":{"icao_code":"FACT","name":"","location":"","country":""}},{"type":"Feature","geometry":{"type":"Point","coordinates":[27.825899,-33.035599]},"properties":{"icao_code":"FAEL","name":"","location":"","country":""}},{"type":"Feature","geometry":{"type":"Point","coordinates":[29.979799,-26.4956]},"properties":{"icao_code":"FAEO","name":"","location":"","country":""}},{"type":"Feature","geometry":{"type":"Point","coordinates":[27.908899,-28.823099]},"properties":{"icao_code":"FAFB","name":"","location":"","country":""}},{"type":"Feature","geometry":{"type":"Point","coordinates":[28.1401,-25.9863]},"properties":{"icao_code":"FAGC","name":"","location":"","country":""}},{"type":"Feature","geometry":{"type":"Point","coordinates":[22.378902,-34.0056]},"properties":{"icao_code":"FAGG","name":"","location":"","country":""}},{"type":"Feature","geometry":{"type":"Point","coordinates":[28.151199,-26.2425]},"properties":{"icao_code":"FAGM","name":"","location":"","country":""}},{"type":"Feature","geometry":{"type":"Point","coordinates":[29.106199,-28.2351]},"properties":{"icao_code":"FAHR","name":"","location":"","country":""}},{"type":"Feature","geometry":{"type":"Point","coordinates":[26.718,-26.871099]},"properties":{"icao_code":"FAKD","name":"","location":"","country":""}},{"type":"Feature","geometry":{"type":"Point","coordinates":[24.7652,-28.802799]},"properties":{"icao_code":"FAKM","name":"","location":"","country":""}},{"type":"Feature","geometry":{"type":"Point","coordinates":[31.1056,-25.3832]},"properties":{"icao_code":"FAKN","name":"","location":"","country":""}},{"type":"Feature","geometry":{"type":"Point","coordinates":[23.4114,-27.456699]},"properties":{"icao_code":"FAKU","name":"","location":"","country":""}},{"type":"Feature","geometry":{"type":"Point","coordinates":[17.094,-29.6884]},"properties":{"icao_code":"FAKZ","name":"","location":"","country":""}},{"type":"Feature","geometry":{"type":"Point","coordinates":[27.9261,-25.938499]},"properties":{"icao_code":"FALA","name":"","location":"","country":""}},{"type":"Feature","geometry":{"type":"Point","coordinates":[23.4391,-28.3601]},"properties":{"icao_code":"FALC","name":"","location":"","country":""}},{"type":"Feature","geometry":{"type":"Point","coordinates":[31.119722,-29.614444]},"properties":{"icao_code":"FALE","name":"","location":"","country":""}},{"type":"Feature","geometry":{"type":"Point","coordinates":[18.160299,-32.968899]},"properties":{"icao_code":"FALW","name":"","location":"","country":""}},{"type":"Feature","geometry":{"type":"Point","coordinates":[29.749701,-28.581699]},"properties":{"icao_code":"FALY","name":"","location":"","country":""}},{"type":"Feature","geometry":{"type":"Point","coordinates":[31.544085,-24.816866]},"properties":{"icao_code":"FAMD","name":"","location":"","country":""}},{"type":"Feature","geometry":{"type":"Point","coordinates":[30.343,-30.857401]},"properties":{"icao_code":"FAMG","name":"","location":"","country":""}},{"type":"Feature","geometry":{"type":"Point","coordinates":[25.548,-25.798401]},"properties":{"icao_code":"FAMM","name":"","location":"","country":""}},{"type":"Feature","geometry":{"type":"Point","coordinates":[26.909,-25.7045]},"properties":{"icao_code":"FAMS","name":"","location":"","country":""}},{"type":"Feature","geometry":{"type":"Point","coordinates":[32.0443,-27.626101]},"properties":{"icao_code":"FAMU","name":"","location":"","country":""}},{"type":"Feature","geometry":{"type":"Point","coordinates":[29.9769,-27.770599]},"properties":{"icao_code":"FANC","name":"","location":"","country":""}},{"type":"Feature","geometry":{"type":"Point","coordinates":[22.188999,-33.606998]},"properties":{"icao_code":"FAOH","name":"","location":"","country":""}},{"type":"Feature","geometry":{"type":"Point","coordinates":[28.246,-26.1392]},"properties":{"icao_code":"FAOR","name":"","location":"","country":""}},{"type":"Feature","geometry":{"type":"Point","coordinates":[25.6173,-33.984901]},"properties":{"icao_code":"FAPE","name":"","location":"","country":""}},{"type":"Feature","geometry":{"type":"Point","coordinates":[23.328723,-34.08816]},"properties":{"icao_code":"FAPG","name":"","location":"","country":""}},{"type":"Feature","geometry":{"type":"Point","coordinates":[31.155399,-23.937201]},"properties":{"icao_code":"FAPH","name":"","location":"","country":""}},{"type":"Feature","geometry":{"type":"Point","coordinates":[29.4844,-23.9261]},"properties":{"icao_code":"FAPI","name":"","location":"","country":""}},{"type":"Feature","geometry":{"type":"Point","coordinates":[29.52175,-31.60612]},"properties":{"icao_code":"FAPJ","name":"","location":"","country":""}},{"type":"Feature","geometry":{"type":"Point","coordinates":[30.398701,-29.649]},"properties":{"icao_code":"FAPM","name":"","location":"","country":""}},{"type":"Feature","geometry":{"type":"Point","coordinates":[29.458615,-23.845269]},"properties":{"icao_code":"FAPP","name":"","location":"","country":""}},{"type":"Feature","geometry":{"type":"Point","coordinates":[27.0819,-26.671]},"properties":{"icao_code":"FAPS","name":"","location":"","country":""}},{"type":"Feature","geometry":{"type":"Point","coordinates":[26.8822,-31.9202]},"properties":{"icao_code":"FAQT","name":"","location":"","country":""}},{"type":"Feature","geometry":{"type":"Point","coordinates":[32.092098,-28.740999]},"properties":{"icao_code":"FARB","name":"","location":"","country":""}},{"type":"Feature","geometry":{"type":"Point","coordinates":[27.271099,-25.6443]},"properties":{"icao_code":"FARG","name":"","location":"","country":""}},{"type":"Feature","geometry":{"type":"Point","coordinates":[19.9028,-33.812199]},"properties":{"icao_code":"FARS","name":"","location":"","country":""}},{"type":"Feature","geometry":{"type":"Point","coordinates":[17.9396,-29.689301]},"properties":{"icao_code":"FASB","name":"","location":"","country":""}},{"type":"Feature","geometry":{"type":"Point","coordinates":[29.170099,-26.524099]},"properties":{"icao_code":"FASC","name":"","location":"","country":""}},{"type":"Feature","geometry":{"type":"Point","coordinates":[17.969299,-32.9641]},"properties":{"icao_code":"FASD","name":"","location":"","country":""}},{"type":"Feature","geometry":{"type":"Point","coordinates":[28.1646,-25.8097]},"properties":{"icao_code":"FASK","name":"","location":"","country":""}},{"type":"Feature","geometry":{"type":"Point","coordinates":[22.9993,-27.6486]},"properties":{"icao_code":"FASS","name":"","location":"","country":""}},{"type":"Feature","geometry":{"type":"Point","coordinates":[31.588699,-24.960899]},"properties":{"icao_code":"FASZ","name":"","location":"","country":""}},{"type":"Feature","geometry":{"type":"Point","coordinates":[30.3293,-23.8244]},"properties":{"icao_code":"FATZ","name":"","location":"","country":""}},{"type":"Feature","geometry":{"type":"Point","coordinates":[31.4165,-28.320601]},"properties":{"icao_code":"FAUL","name":"","location":"","country":""}},{"type":"Feature","geometry":{"type":"Point","coordinates":[21.260201,-28.399099]},"properties":{"icao_code":"FAUP","name":"","location":"","country":""}},{"type":"Feature","geometry":{"type":"Point","coordinates":[28.673355,-31.546363]},"properties":{"icao_code":"FAUT","name":"","location":"","country":""}},{"type":"Feature","geometry":{"type":"Point","coordinates":[24.7288,-26.982401]},"properties":{"icao_code":"FAVB","name":"","location":"","country":""}},{"type":"Feature","geometry":{"type":"Point","coordinates":[31.058399,-29.770599]},"properties":{"icao_code":"FAVG","name":"","location":"","country":""}},{"type":"Feature","geometry":{"type":"Point","coordinates":[18.5448,-31.641001]},"properties":{"icao_code":"FAVR","name":"","location":"","country":""}},{"type":"Feature","geometry":{"type":"Point","coordinates":[27.9608,-26.566401]},"properties":{"icao_code":"FAVV","name":"","location":"","country":""}},{"type":"Feature","geometry":{"type":"Point","coordinates":[28.224199,-25.6539]},"properties":{"icao_code":"FAWB","name":"","location":"","country":""}},{"type":"Feature","geometry":{"type":"Point","coordinates":[28.2225,-25.83]},"properties":{"icao_code":"FAWK","name":"","location":"","country":""}},{"type":"Feature","geometry":{"type":"Point","coordinates":[18.498301,-33.9002]},"properties":{"icao_code":"FAYP","name":"","location":"","country":""}},{"type":"Feature","geometry":{"type":"Point","coordinates":[27.468545,-21.15914]},"properties":{"icao_code":"FBPM","name":"","location":"","country":""}},{"type":"Feature","geometry":{"type":"Point","coordinates":[24.691,-24.602301]},"properties":{"icao_code":"FBJW","name":"","location":"","country":""}},{"type":"Feature","geometry":{"type":"Point","coordinates":[25.162399,-17.832899]},"properties":{"icao_code":"FBKE","name":"","location":"","country":""}},{"type":"Feature","geometry":{"type":"Point","coordinates":[23.431409,-19.970491]},"properties":{"icao_code":"FBMN","name":"","location":"","country":""}},{"type":"Feature","geometry":{"type":"Point","coordinates":[25.9182,-24.555201]},"properties":{"icao_code":"FBSK","name":"","location":"","country":""}},{"type":"Feature","geometry":{"type":"Point","coordinates":[26.115801,-20.5534]},"properties":{"icao_code":"FBSN","name":"","location":"","country":""}},{"type":"Feature","geometry":{"type":"Point","coordinates":[27.8288,-22.0583]},"properties":{"icao_code":"FBSP","name":"","location":"","country":""}},{"type":"Feature","geometry":{"type":"Point","coordinates":[15.253,-4.2517]},"properties":{"icao_code":"FCBB","name":"","location":"","country":""}},{"type":"Feature","geometry":{"type":"Point","coordinates":[15.91,-1.226666]},"properties":{"icao_code":"FCOD","name":"","location":"","country":""}},{"type":"Feature","geometry":{"type":"Point","coordinates":[15.93782,-0.524566]},"properties":{"icao_code":"FCOO","name":"","location":"","country":""}},{"type":"Feature","geometry":{"type":"Point","coordinates":[16.037901,1.61599]},"properties":{"icao_code":"FCOU","name":"","location":"","country":""}},{"type":"Feature","geometry":{"type":"Point","coordinates":[12.6599,-4.20635]},"properties":{"icao_code":"FCPD","name":"","location":"","country":""}},{"type":"Feature","geometry":{"type":"Point","coordinates":[11.8866,-4.81603]},"properties":{"icao_code":"FCPP","name":"","location":"","country":""}},{"type":"Feature","geometry":{"type":"Point","coordinates":[31.307501,-26.528999]},"properties":{"icao_code":"FDMS","name":"","location":"","country":""}},{"type":"Feature","geometry":{"type":"Point","coordinates":[31.716944,-26.358611]},"properties":{"icao_code":"FDSK","name":"","location":"","country":""}},{"type":"Feature","geometry":{"type":"Point","coordinates":[18.518801,4.39848]},"properties":{"icao_code":"FEFF","name":"","location":"","country":""}},{"type":"Feature","geometry":{"type":"Point","coordinates":[15.7864,4.22158]},"properties":{"icao_code":"FEFT","name":"","location":"","country":""}},{"type":"Feature","geometry":{"type":"Point","coordinates":[9.80568,1.90547]},"properties":{"icao_code":"FGBT","name":"","location":"","country":""}},{"type":"Feature","geometry":{"type":"Point","coordinates":[8.70872,3.75527]},"properties":{"icao_code":"FGSL","name":"","location":"","country":""}},{"type":"Feature","geometry":{"type":"Point","coordinates":[-14.3937,-7.9696]},"properties":{"icao_code":"FHAW","name":"","location":"","country":""}},{"type":"Feature","geometry":{"type":"Point","coordinates":[57.683601,-20.430201]},"properties":{"icao_code":"FIMP","name":"","location":"","country":""}},{"type":"Feature","geometry":{"type":"Point","coordinates":[63.361,-19.7577]},"properties":{"icao_code":"FIMR","name":"","location":"","country":""}},{"type":"Feature","geometry":{"type":"Point","coordinates":[9.36053,4.08919]},"properties":{"icao_code":"FKKC","name":"","location":"","country":""}},{"type":"Feature","geometry":{"type":"Point","coordinates":[9.71948,4.00608]},"properties":{"icao_code":"FKKD","name":"","location":"","country":""}},{"type":"Feature","geometry":{"type":"Point","coordinates":[14.2574,10.4514]},"properties":{"icao_code":"FKKL","name":"","location":"","country":""}},{"type":"Feature","geometry":{"type":"Point","coordinates":[10.7508,5.63692]},"properties":{"icao_code":"FKKM","name":"","location":"","country":""}},{"type":"Feature","geometry":{"type":"Point","coordinates":[13.5592,7.35701]},"properties":{"icao_code":"FKKN","name":"","location":"","country":""}},{"type":"Feature","geometry":{"type":"Point","coordinates":[13.3701,9.33589]},"properties":{"icao_code":"FKKR","name":"","location":"","country":""}},{"type":"Feature","geometry":{"type":"Point","coordinates":[10.3546,5.53692]},"properties":{"icao_code":"FKKU","name":"","location":"","country":""}},{"type":"Feature","geometry":{"type":"Point","coordinates":[10.1226,6.03924]},"properties":{"icao_code":"FKKV","name":"","location":"","country":""}},{"type":"Feature","geometry":{"type":"Point","coordinates":[11.5235,3.83604]},"properties":{"icao_code":"FKKY","name":"","location":"","country":""}},{"type":"Feature","geometry":{"type":"Point","coordinates":[11.5533,3.72256]},"properties":{"icao_code":"FKYS","name":"","location":"","country":""}},{"type":"Feature","geometry":{"type":"Point","coordinates":[27.8939,-12.5728]},"properties":{"icao_code":"FLKE","name":"","location":"","country":""}},{"type":"Feature","geometry":{"type":"Point","coordinates":[28.3307,-15.4138]},"properties":{"icao_code":"FLLC","name":"","location":"","country":""}},{"type":"Feature","geometry":{"type":"Point","coordinates":[25.822701,-17.8218]},"properties":{"icao_code":"FLHN","name":"","location":"","country":""}},{"type":"Feature","geometry":{"type":"Point","coordinates":[28.452722,-15.330833]},"properties":{"icao_code":"FLKK","name":"","location":"","country":""}},{"type":"Feature","geometry":{"type":"Point","coordinates":[31.9366,-13.2589]},"properties":{"icao_code":"FLMF","name":"","location":"","country":""}},{"type":"Feature","geometry":{"type":"Point","coordinates":[23.1623,-15.2545]},"properties":{"icao_code":"FLMG","name":"","location":"","country":""}},{"type":"Feature","geometry":{"type":"Point","coordinates":[28.663889,-12.997222]},"properties":{"icao_code":"FLND","name":"","location":"","country":""}},{"type":"Feature","geometry":{"type":"Point","coordinates":[28.516667,-12.961667]},"properties":{"icao_code":"FLSK","name":"","location":"","country":""}},{"type":"Feature","geometry":{"type":"Point","coordinates":[28.1499,-12.9005]},"properties":{"icao_code":"FLSO","name":"","location":"","country":""}},{"type":"Feature","geometry":{"type":"Point","coordinates":[43.2719,-11.5337]},"properties":{"icao_code":"FMCH","name":"","location":"","country":""}},{"type":"Feature","geometry":{"type":"Point","coordinates":[43.766399,-12.2981]},"properties":{"icao_code":"FMCI","name":"","location":"","country":""}},{"type":"Feature","geometry":{"type":"Point","coordinates":[44.430044,-12.131047]},"properties":{"icao_code":"FMCV","name":"","location":"","country":""}},{"type":"Feature","geometry":{"type":"Point","coordinates":[45.281815,-12.809319]},"properties":{"icao_code":"FMCZ","name":"","location":"","country":""}},{"type":"Feature","geometry":{"type":"Point","coordinates":[55.518894,-20.890087]},"properties":{"icao_code":"FMEE","name":"","location":"","country":""}},{"type":"Feature","geometry":{"type":"Point","coordinates":[55.422506,-21.319362]},"properties":{"icao_code":"FMEP","name":"","location":"","country":""}},{"type":"Feature","geometry":{"type":"Point","coordinates":[47.478802,-18.7969]},"properties":{"icao_code":"FMMI","name":"","location":"","country":""}},{"type":"Feature","geometry":{"type":"Point","coordinates":[45.450802,-19.562799]},"properties":{"icao_code":"FMMN","name":"","location":"","country":""}},{"type":"Feature","geometry":{"type":"Point","coordinates":[49.8158,-17.093901]},"properties":{"icao_code":"FMMS","name":"","location":"","country":""}},{"type":"Feature","geometry":{"type":"Point","coordinates":[49.392502,-18.109501]},"properties":{"icao_code":"FMMT","name":"","location":"","country":""}},{"type":"Feature","geometry":{"type":"Point","coordinates":[44.3176,-20.2847]},"properties":{"icao_code":"FMMV","name":"","location":"","country":""}},{"type":"Feature","geometry":{"type":"Point","coordinates":[49.291698,-12.3494]},"properties":{"icao_code":"FMNA","name":"","location":"","country":""}},{"type":"Feature","geometry":{"type":"Point","coordinates":[49.7738,-16.1639]},"properties":{"icao_code":"FMNC","name":"","location":"","country":""}},{"type":"Feature","geometry":{"type":"Point","coordinates":[49.620602,-14.6517]},"properties":{"icao_code":"FMND","name":"","location":"","country":""}},{"type":"Feature","geometry":{"type":"Point","coordinates":[50.320202,-14.9994]},"properties":{"icao_code":"FMNH","name":"","location":"","country":""}},{"type":"Feature","geometry":{"type":"Point","coordinates":[47.763555,-14.629514]},"properties":{"icao_code":"FMNL","name":"","location":"","country":""}},{"type":"Feature","geometry":{"type":"Point","coordinates":[46.351233,-15.666842]},"properties":{"icao_code":"FMNM","name":"","location":"","country":""}},{"type":"Feature","geometry":{"type":"Point","coordinates":[48.3148,-13.3121]},"properties":{"icao_code":"FMNN","name":"","location":"","country":""}},{"type":"Feature","geometry":{"type":"Point","coordinates":[44.482484,-16.74453]},"properties":{"icao_code":"FMNQ","name":"","location":"","country":""}},{"type":"Feature","geometry":{"type":"Point","coordinates":[49.689081,-15.437742]},"properties":{"icao_code":"FMNR","name":"","location":"","country":""}},{"type":"Feature","geometry":{"type":"Point","coordinates":[50.174702,-14.2786]},"properties":{"icao_code":"FMNS","name":"","location":"","country":""}},{"type":"Feature","geometry":{"type":"Point","coordinates":[50.0028,-13.3758]},"properties":{"icao_code":"FMNV","name":"","location":"","country":""}},{"type":"Feature","geometry":{"type":"Point","coordinates":[47.9939,-14.8988]},"properties":{"icao_code":"FMNW","name":"","location":"","country":""}},{"type":"Feature","geometry":{"type":"Point","coordinates":[46.9561,-25.038099]},"properties":{"icao_code":"FMSD","name":"","location":"","country":""}},{"type":"Feature","geometry":{"type":"Point","coordinates":[47.111698,-21.441601]},"properties":{"icao_code":"FMSF","name":"","location":"","country":""}},{"type":"Feature","geometry":{"type":"Point","coordinates":[48.021702,-22.119699]},"properties":{"icao_code":"FMSK","name":"","location":"","country":""}},{"type":"Feature","geometry":{"type":"Point","coordinates":[48.358299,-21.201799]},"properties":{"icao_code":"FMSM","name":"","location":"","country":""}},{"type":"Feature","geometry":{"type":"Point","coordinates":[43.374753,-21.753837]},"properties":{"icao_code":"FMSR","name":"","location":"","country":""}},{"type":"Feature","geometry":{"type":"Point","coordinates":[43.7285,-23.3834]},"properties":{"icao_code":"FMST","name":"","location":"","country":""}},{"type":"Feature","geometry":{"type":"Point","coordinates":[14.247,-6.2699]},"properties":{"icao_code":"FNBC","name":"","location":"","country":""}},{"type":"Feature","geometry":{"type":"Point","coordinates":[13.4037,-12.609]},"properties":{"icao_code":"FNBG","name":"","location":"","country":""}},{"type":"Feature","geometry":{"type":"Point","coordinates":[13.499078,-9.050734]},"properties":{"icao_code":"FNBJ","name":"","location":"","country":""}},{"type":"Feature","geometry":{"type":"Point","coordinates":[12.1884,-5.59699]},"properties":{"icao_code":"FNCA","name":"","location":"","country":""}},{"type":"Feature","geometry":{"type":"Point","coordinates":[13.4869,-12.4792]},"properties":{"icao_code":"FNCT","name":"","location":"","country":""}},{"type":"Feature","geometry":{"type":"Point","coordinates":[20.818501,-7.40089]},"properties":{"icao_code":"FNDU","name":"","location":"","country":""}},{"type":"Feature","geometry":{"type":"Point","coordinates":[15.6838,-17.043501]},"properties":{"icao_code":"FNGI","name":"","location":"","country":""}},{"type":"Feature","geometry":{"type":"Point","coordinates":[15.7605,-12.8089]},"properties":{"icao_code":"FNHU","name":"","location":"","country":""}},{"type":"Feature","geometry":{"type":"Point","coordinates":[16.947399,-12.4046]},"properties":{"icao_code":"FNKU","name":"","location":"","country":""}},{"type":"Feature","geometry":{"type":"Point","coordinates":[13.2312,-8.85837]},"properties":{"icao_code":"FNLU","name":"","location":"","country":""}},{"type":"Feature","geometry":{"type":"Point","coordinates":[16.312401,-9.52509]},"properties":{"icao_code":"FNMA","name":"","location":"","country":""}},{"type":"Feature","geometry":{"type":"Point","coordinates":[17.719801,-14.6576]},"properties":{"icao_code":"FNME","name":"","location":"","country":""}},{"type":"Feature","geometry":{"type":"Point","coordinates":[12.1468,-15.2612]},"properties":{"icao_code":"FNMO","name":"","location":"","country":""}},{"type":"Feature","geometry":{"type":"Point","coordinates":[15.2877,-7.75451]},"properties":{"icao_code":"FNNG","name":"","location":"","country":""}},{"type":"Feature","geometry":{"type":"Point","coordinates":[13.7655,-10.722]},"properties":{"icao_code":"FNPA","name":"","location":"","country":""}},{"type":"Feature","geometry":{"type":"Point","coordinates":[20.4319,-9.68907]},"properties":{"icao_code":"FNSA","name":"","location":"","country":""}},{"type":"Feature","geometry":{"type":"Point","coordinates":[12.3718,-6.14109]},"properties":{"icao_code":"FNSO","name":"","location":"","country":""}},{"type":"Feature","geometry":{"type":"Point","coordinates":[13.8475,-11.1679]},"properties":{"icao_code":"FNSU","name":"","location":"","country":""}},{"type":"Feature","geometry":{"type":"Point","coordinates":[13.575,-14.9247]},"properties":{"icao_code":"FNUB","name":"","location":"","country":""}},{"type":"Feature","geometry":{"type":"Point","coordinates":[19.897699,-11.7681]},"properties":{"icao_code":"FNUE","name":"","location":"","country":""}},{"type":"Feature","geometry":{"type":"Point","coordinates":[15.0278,-7.60307]},"properties":{"icao_code":"FNUG","name":"","location":"","country":""}},{"type":"Feature","geometry":{"type":"Point","coordinates":[14.9653,-16.7554]},"properties":{"icao_code":"FNXA","name":"","location":"","country":""}},{"type":"Feature","geometry":{"type":"Point","coordinates":[12.4413,-1.18461]},"properties":{"icao_code":"FOGK","name":"","location":"","country":""}},{"type":"Feature","geometry":{"type":"Point","coordinates":[11.0567,-1.84514]},"properties":{"icao_code":"FOGM","name":"","location":"","country":""}},{"type":"Feature","geometry":{"type":"Point","coordinates":[11.5814,1.54311]},"properties":{"icao_code":"FOGO","name":"","location":"","country":""}},{"type":"Feature","geometry":{"type":"Point","coordinates":[13.6731,-0.665214]},"properties":{"icao_code":"FOGQ","name":"","location":"","country":""}},{"type":"Feature","geometry":{"type":"Point","coordinates":[10.2457,-0.704389]},"properties":{"icao_code":"FOGR","name":"","location":"","country":""}},{"type":"Feature","geometry":{"type":"Point","coordinates":[11.4932,2.07564]},"properties":{"icao_code":"FOOB","name":"","location":"","country":""}},{"type":"Feature","geometry":{"type":"Point","coordinates":[8.75438,-0.711739]},"properties":{"icao_code":"FOOG","name":"","location":"","country":""}},{"type":"Feature","geometry":{"type":"Point","coordinates":[9.26269,-1.57473]},"properties":{"icao_code":"FOOH","name":"","location":"","country":""}},{"type":"Feature","geometry":{"type":"Point","coordinates":[12.8909,0.579211]},"properties":{"icao_code":"FOOK","name":"","location":"","country":""}},{"type":"Feature","geometry":{"type":"Point","coordinates":[9.41228,0.4586]},"properties":{"icao_code":"FOOL","name":"","location":"","country":""}},{"type":"Feature","geometry":{"type":"Point","coordinates":[13.438,-1.65616]},"properties":{"icao_code":"FOON","name":"","location":"","country":""}},{"type":"Feature","geometry":{"type":"Point","coordinates":[7.41174,1.66294]},"properties":{"icao_code":"FPPR","name":"","location":"","country":""}},{"type":"Feature","geometry":{"type":"Point","coordinates":[6.71215,0.378175]},"properties":{"icao_code":"FPST","name":"","location":"","country":""}},{"type":"Feature","geometry":{"type":"Point","coordinates":[34.9076,-19.7964]},"properties":{"icao_code":"FQBR","name":"","location":"","country":""}},{"type":"Feature","geometry":{"type":"Point","coordinates":[33.429001,-19.1513]},"properties":{"icao_code":"FQCH","name":"","location":"","country":""}},{"type":"Feature","geometry":{"type":"Point","coordinates":[35.408501,-23.8764]},"properties":{"icao_code":"FQIN","name":"","location":"","country":""}},{"type":"Feature","geometry":{"type":"Point","coordinates":[35.2663,-13.274]},"properties":{"icao_code":"FQLC","name":"","location":"","country":""}},{"type":"Feature","geometry":{"type":"Point","coordinates":[32.572601,-25.920799]},"properties":{"icao_code":"FQMA","name":"","location":"","country":""}},{"type":"Feature","geometry":{"type":"Point","coordinates":[39.563099,-11.6729]},"properties":{"icao_code":"FQMD","name":"","location":"","country":""}},{"type":"Feature","geometry":{"type":"Point","coordinates":[40.3549,-11.3618]},"properties":{"icao_code":"FQMP","name":"","location":"","country":""}},{"type":"Feature","geometry":{"type":"Point","coordinates":[39.281799,-15.1056]},"properties":{"icao_code":"FQNP","name":"","location":"","country":""}},{"type":"Feature","geometry":{"type":"Point","coordinates":[40.524867,-12.993302]},"properties":{"icao_code":"FQPB","name":"","location":"","country":""}},{"type":"Feature","geometry":{"type":"Point","coordinates":[36.869099,-17.855499]},"properties":{"icao_code":"FQQL","name":"","location":"","country":""}},{"type":"Feature","geometry":{"type":"Point","coordinates":[33.640202,-16.104799]},"properties":{"icao_code":"FQTT","name":"","location":"","country":""}},{"type":"Feature","geometry":{"type":"Point","coordinates":[35.313301,-22.0184]},"properties":{"icao_code":"FQVL","name":"","location":"","country":""}},{"type":"Feature","geometry":{"type":"Point","coordinates":[55.521801,-4.67434]},"properties":{"icao_code":"FSIA","name":"","location":"","country":""}},{"type":"Feature","geometry":{"type":"Point","coordinates":[55.691561,-4.319256]},"properties":{"icao_code":"FSPP","name":"","location":"","country":""}},{"type":"Feature","geometry":{"type":"Point","coordinates":[20.844299,13.847]},"properties":{"icao_code":"FTTC","name":"","location":"","country":""}},{"type":"Feature","geometry":{"type":"Point","coordinates":[16.074241,8.628503]},"properties":{"icao_code":"FTTD","name":"","location":"","country":""}},{"type":"Feature","geometry":{"type":"Point","coordinates":[15.034,12.1337]},"properties":{"icao_code":"FTTJ","name":"","location":"","country":""}},{"type":"Feature","geometry":{"type":"Point","coordinates":[19.111099,17.917101]},"properties":{"icao_code":"FTTY","name":"","location":"","country":""}},{"type":"Feature","geometry":{"type":"Point","coordinates":[28.626296,-20.021254]},"properties":{"icao_code":"FVJN","name":"","location":"","country":""}},{"type":"Feature","geometry":{"type":"Point","coordinates":[31.5786,-21.008101]},"properties":{"icao_code":"FVCZ","name":"","location":"","country":""}},{"type":"Feature","geometry":{"type":"Point","coordinates":[25.839001,-18.0959]},"properties":{"icao_code":"FVFA","name":"","location":"","country":""}},{"type":"Feature","geometry":{"type":"Point","coordinates":[28.885,-16.5198]},"properties":{"icao_code":"FVKB","name":"","location":"","country":""}},{"type":"Feature","geometry":{"type":"Point","coordinates":[32.184502,-17.4319]},"properties":{"icao_code":"FVMT","name":"","location":"","country":""}},{"type":"Feature","geometry":{"type":"Point","coordinates":[30.8591,-20.0553]},"properties":{"icao_code":"FVMV","name":"","location":"","country":""}},{"type":"Feature","geometry":{"type":"Point","coordinates":[29.861945,-19.436718]},"properties":{"icao_code":"FVTL","name":"","location":"","country":""}},{"type":"Feature","geometry":{"type":"Point","coordinates":[27.021,-18.6299]},"properties":{"icao_code":"FVWN","name":"","location":"","country":""}},{"type":"Feature","geometry":{"type":"Point","coordinates":[34.973999,-15.6791]},"properties":{"icao_code":"FWCL","name":"","location":"","country":""}},{"type":"Feature","geometry":{"type":"Point","coordinates":[34.131877,-12.517527]},"properties":{"icao_code":"FWDW","name":"","location":"","country":""}},{"type":"Feature","geometry":{"type":"Point","coordinates":[33.893264,-9.953571]},"properties":{"icao_code":"FWKA","name":"","location":"","country":""}},{"type":"Feature","geometry":{"type":"Point","coordinates":[33.780998,-13.7894]},"properties":{"icao_code":"FWKI","name":"","location":"","country":""}},{"type":"Feature","geometry":{"type":"Point","coordinates":[34.011799,-11.4447]},"properties":{"icao_code":"FWUU","name":"","location":"","country":""}},{"type":"Feature","geometry":{"type":"Point","coordinates":[27.5525,-29.462299]},"properties":{"icao_code":"FXMM","name":"","location":"","country":""}},{"type":"Feature","geometry":{"type":"Point","coordinates":[14.979322,-22.461875]},"properties":{"icao_code":"FYAR","name":"","location":"","country":""}},{"type":"Feature","geometry":{"type":"Point","coordinates":[18.1227,-19.6022]},"properties":{"icao_code":"FYGF","name":"","location":"","country":""}},{"type":"Feature","geometry":{"type":"Point","coordinates":[24.176688,-17.634258]},"properties":{"icao_code":"FYKM","name":"","location":"","country":""}},{"type":"Feature","geometry":{"type":"Point","coordinates":[18.111401,-26.539801]},"properties":{"icao_code":"FYKT","name":"","location":"","country":""}},{"type":"Feature","geometry":{"type":"Point","coordinates":[15.2429,-26.687401]},"properties":{"icao_code":"FYLZ","name":"","location":"","country":""}},{"type":"Feature","geometry":{"type":"Point","coordinates":[17.9254,-24.6054]},"properties":{"icao_code":"FYML","name":"","location":"","country":""}},{"type":"Feature","geometry":{"type":"Point","coordinates":[15.9526,-17.878201]},"properties":{"icao_code":"FYOA","name":"","location":"","country":""}},{"type":"Feature","geometry":{"type":"Point","coordinates":[16.446699,-28.5847]},"properties":{"icao_code":"FYOG","name":"","location":"","country":""}},{"type":"Feature","geometry":{"type":"Point","coordinates":[19.7194,-17.956499]},"properties":{"icao_code":"FYRU","name":"","location":"","country":""}},{"type":"Feature","geometry":{"type":"Point","coordinates":[17.7325,-19.2619]},"properties":{"icao_code":"FYTM","name":"","location":"","country":""}},{"type":"Feature","geometry":{"type":"Point","coordinates":[14.647102,-22.979332]},"properties":{"icao_code":"FYWB","name":"","location":"","country":""}},{"type":"Feature","geometry":{"type":"Point","coordinates":[17.0804,-22.6122]},"properties":{"icao_code":"FYWE","name":"","location":"","country":""}},{"type":"Feature","geometry":{"type":"Point","coordinates":[17.4709,-22.4799]},"properties":{"icao_code":"FYWH","name":"","location":"","country":""}},{"type":"Feature","geometry":{"type":"Point","coordinates":[15.4446,-4.38575]},"properties":{"icao_code":"FZAA","name":"","location":"","country":""}},{"type":"Feature","geometry":{"type":"Point","coordinates":[15.3275,-4.32666]},"properties":{"icao_code":"FZAB","name":"","location":"","country":""}},{"type":"Feature","geometry":{"type":"Point","coordinates":[17.381701,-3.31132]},"properties":{"icao_code":"FZBO","name":"","location":"","country":""}},{"type":"Feature","geometry":{"type":"Point","coordinates":[18.785601,-5.03577]},"properties":{"icao_code":"FZCA","name":"","location":"","country":""}},{"type":"Feature","geometry":{"type":"Point","coordinates":[18.2887,0.0226]},"properties":{"icao_code":"FZEA","name":"","location":"","country":""}},{"type":"Feature","geometry":{"type":"Point","coordinates":[20.975271,4.252745]},"properties":{"icao_code":"FZFD","name":"","location":"","country":""}},{"type":"Feature","geometry":{"type":"Point","coordinates":[19.771299,3.23537]},"properties":{"icao_code":"FZFK","name":"","location":"","country":""}},{"type":"Feature","geometry":{"type":"Point","coordinates":[21.496901,2.17066]},"properties":{"icao_code":"FZGA","name":"","location":"","country":""}},{"type":"Feature","geometry":{"type":"Point","coordinates":[25.337999,0.481639]},"properties":{"icao_code":"FZIC","name":"","location":"","country":""}},{"type":"Feature","geometry":{"type":"Point","coordinates":[27.588301,2.82761]},"properties":{"icao_code":"FZJH","name":"","location":"","country":""}},{"type":"Feature","geometry":{"type":"Point","coordinates":[30.220685,1.565743]},"properties":{"icao_code":"FZKA","name":"","location":"","country":""}},{"type":"Feature","geometry":{"type":"Point","coordinates":[24.793997,2.818058]},"properties":{"icao_code":"FZKJ","name":"","location":"","country":""}},{"type":"Feature","geometry":{"type":"Point","coordinates":[28.8088,-2.30898]},"properties":{"icao_code":"FZMA","name":"","location":"","country":""}},{"type":"Feature","geometry":{"type":"Point","coordinates":[29.237929,-1.66617]},"properties":{"icao_code":"FZNA","name":"","location":"","country":""}},{"type":"Feature","geometry":{"type":"Point","coordinates":[25.9154,-2.91918]},"properties":{"icao_code":"FZOA","name":"","location":"","country":""}},{"type":"Feature","geometry":{"type":"Point","coordinates":[27.530899,-11.5913]},"properties":{"icao_code":"FZQA","name":"","location":"","country":""}},{"type":"Feature","geometry":{"type":"Point","coordinates":[25.505699,-10.7659]},"properties":{"icao_code":"FZQM","name":"","location":"","country":""}},{"type":"Feature","geometry":{"type":"Point","coordinates":[29.25,-5.87556]},"properties":{"icao_code":"FZRF","name":"","location":"","country":""}},{"type":"Feature","geometry":{"type":"Point","coordinates":[25.252899,-8.64202]},"properties":{"icao_code":"FZSA","name":"","location":"","country":""}},{"type":"Feature","geometry":{"type":"Point","coordinates":[22.4692,-5.90005]},"properties":{"icao_code":"FZUA","name":"","location":"","country":""}},{"type":"Feature","geometry":{"type":"Point","coordinates":[23.569,-6.12124]},"properties":{"icao_code":"FZWA","name":"","location":"","country":""}},{"type":"Feature","geometry":{"type":"Point","coordinates":[-7.94994,12.5335]},"properties":{"icao_code":"GABS","name":"","location":"","country":""}},{"type":"Feature","geometry":{"type":"Point","coordinates":[-0.005456,16.2484]},"properties":{"icao_code":"GAGO","name":"","location":"","country":""}},{"type":"Feature","geometry":{"type":"Point","coordinates":[-11.39971,14.482473]},"properties":{"icao_code":"GAKD","name":"","location":"","country":""}},{"type":"Feature","geometry":{"type":"Point","coordinates":[-4.07956,14.5128]},"properties":{"icao_code":"GAMB","name":"","location":"","country":""}},{"type":"Feature","geometry":{"type":"Point","coordinates":[-3.00758,16.730499]},"properties":{"icao_code":"GATB","name":"","location":"","country":""}},{"type":"Feature","geometry":{"type":"Point","coordinates":[-16.652201,13.338]},"properties":{"icao_code":"GBYD","name":"","location":"","country":""}},{"type":"Feature","geometry":{"type":"Point","coordinates":[-13.8638,28.4527]},"properties":{"icao_code":"GCFV","name":"","location":"","country":""}},{"type":"Feature","geometry":{"type":"Point","coordinates":[-17.8871,27.8148]},"properties":{"icao_code":"GCHI","name":"","location":"","country":""}},{"type":"Feature","geometry":{"type":"Point","coordinates":[-17.7556,28.626499]},"properties":{"icao_code":"GCLA","name":"","location":"","country":""}},{"type":"Feature","geometry":{"type":"Point","coordinates":[-15.3866,27.9319]},"properties":{"icao_code":"GCLP","name":"","location":"","country":""}},{"type":"Feature","geometry":{"type":"Point","coordinates":[-13.6052,28.945499]},"properties":{"icao_code":"GCRR","name":"","location":"","country":""}},{"type":"Feature","geometry":{"type":"Point","coordinates":[-16.5725,28.0445]},"properties":{"icao_code":"GCTS","name":"","location":"","country":""}},{"type":"Feature","geometry":{"type":"Point","coordinates":[-16.341499,28.4827]},"properties":{"icao_code":"GCXO","name":"","location":"","country":""}},{"type":"Feature","geometry":{"type":"Point","coordinates":[-2.95626,35.2798]},"properties":{"icao_code":"GEML","name":"","location":"","country":""}},{"type":"Feature","geometry":{"type":"Point","coordinates":[-11.761,7.9444]},"properties":{"icao_code":"GFBO","name":"","location":"","country":""}},{"type":"Feature","geometry":{"type":"Point","coordinates":[-11.174126,7.896364]},"properties":{"icao_code":"GFKE","name":"","location":"","country":""}},{"type":"Feature","geometry":{"type":"Point","coordinates":[-13.1955,8.61644]},"properties":{"icao_code":"GFLL","name":"","location":"","country":""}},{"type":"Feature","geometry":{"type":"Point","coordinates":[-11.0454,8.61047]},"properties":{"icao_code":"GFYE","name":"","location":"","country":""}},{"type":"Feature","geometry":{"type":"Point","coordinates":[-15.6537,11.8948]},"properties":{"icao_code":"GGOV","name":"","location":"","country":""}},{"type":"Feature","geometry":{"type":"Point","coordinates":[-10.7587,6.28906]},"properties":{"icao_code":"GLMR","name":"","location":"","country":""}},{"type":"Feature","geometry":{"type":"Point","coordinates":[-10.3623,6.23379]},"properties":{"icao_code":"GLRB","name":"","location":"","country":""}},{"type":"Feature","geometry":{"type":"Point","coordinates":[-9.412003,30.322478]},"properties":{"icao_code":"GMAD","name":"","location":"","country":""}},{"type":"Feature","geometry":{"type":"Point","coordinates":[-11.1613,28.4482]},"properties":{"icao_code":"GMAT","name":"","location":"","country":""}},{"type":"Feature","geometry":{"type":"Point","coordinates":[-5.853341,30.263858]},"properties":{"icao_code":"GMAZ","name":"","location":"","country":""}},{"type":"Feature","geometry":{"type":"Point","coordinates":[-1.983056,32.514306]},"properties":{"icao_code":"GMFB","name":"","location":"","country":""}},{"type":"Feature","geometry":{"type":"Point","coordinates":[-4.97796,33.927299]},"properties":{"icao_code":"GMFF","name":"","location":"","country":""}},{"type":"Feature","geometry":{"type":"Point","coordinates":[-4.39833,31.9475]},"properties":{"icao_code":"GMFK","name":"","location":"","country":""}},{"type":"Feature","geometry":{"type":"Point","coordinates":[-5.51512,33.879101]},"properties":{"icao_code":"GMFM","name":"","location":"","country":""}},{"type":"Feature","geometry":{"type":"Point","coordinates":[-1.926041,34.789558]},"properties":{"icao_code":"GMFO","name":"","location":"","country":""}},{"type":"Feature","geometry":{"type":"Point","coordinates":[-11.683655,26.731987]},"properties":{"icao_code":"GMMA","name":"","location":"","country":""}},{"type":"Feature","geometry":{"type":"Point","coordinates":[-6.75152,34.051498]},"properties":{"icao_code":"GMME","name":"","location":"","country":""}},{"type":"Feature","geometry":{"type":"Point","coordinates":[-15.932,23.7183]},"properties":{"icao_code":"GMMH","name":"","location":"","country":""}},{"type":"Feature","geometry":{"type":"Point","coordinates":[-9.68167,31.397499]},"properties":{"icao_code":"GMMI","name":"","location":"","country":""}},{"type":"Feature","geometry":{"type":"Point","coordinates":[-13.224947,27.142467]},"properties":{"icao_code":"GMML","name":"","location":"","country":""}},{"type":"Feature","geometry":{"type":"Point","coordinates":[-7.58997,33.3675]},"properties":{"icao_code":"GMMN","name":"","location":"","country":""}},{"type":"Feature","geometry":{"type":"Point","coordinates":[-3.02821,34.9888]},"properties":{"icao_code":"GMMW","name":"","location":"","country":""}},{"type":"Feature","geometry":{"type":"Point","coordinates":[-8.0363,31.606899]},"properties":{"icao_code":"GMMX","name":"","location":"","country":""}},{"type":"Feature","geometry":{"type":"Point","coordinates":[-6.90943,30.9391]},"properties":{"icao_code":"GMMZ","name":"","location":"","country":""}},{"type":"Feature","geometry":{"type":"Point","coordinates":[-3.83952,35.177101]},"properties":{"icao_code":"GMTA","name":"","location":"","country":""}},{"type":"Feature","geometry":{"type":"Point","coordinates":[-5.32002,35.594299]},"properties":{"icao_code":"GMTN","name":"","location":"","country":""}},{"type":"Feature","geometry":{"type":"Point","coordinates":[-5.921459,35.731741]},"properties":{"icao_code":"GMTT","name":"","location":"","country":""}},{"type":"Feature","geometry":{"type":"Point","coordinates":[-17.072829,14.670878]},"properties":{"icao_code":"GOBD","name":"","location":"","country":""}},{"type":"Feature","geometry":{"type":"Point","coordinates":[-16.281799,12.5556]},"properties":{"icao_code":"GOGG","name":"","location":"","country":""}},{"type":"Feature","geometry":{"type":"Point","coordinates":[-16.748,12.39533]},"properties":{"icao_code":"GOGS","name":"","location":"","country":""}},{"type":"Feature","geometry":{"type":"Point","coordinates":[-16.0513,14.1469]},"properties":{"icao_code":"GOOK","name":"","location":"","country":""}},{"type":"Feature","geometry":{"type":"Point","coordinates":[-17.4902,14.7397]},"properties":{"icao_code":"GOOY","name":"","location":"","country":""}},{"type":"Feature","geometry":{"type":"Point","coordinates":[-13.3228,15.5936]},"properties":{"icao_code":"GOSM","name":"","location":"","country":""}},{"type":"Feature","geometry":{"type":"Point","coordinates":[-16.461039,16.049814]},"properties":{"icao_code":"GOSS","name":"","location":"","country":""}},{"type":"Feature","geometry":{"type":"Point","coordinates":[-12.4683,14.8473]},"properties":{"icao_code":"GOTB","name":"","location":"","country":""}},{"type":"Feature","geometry":{"type":"Point","coordinates":[-12.2203,12.5723]},"properties":{"icao_code":"GOTK","name":"","location":"","country":""}},{"type":"Feature","geometry":{"type":"Point","coordinates":[-13.6531,13.7368]},"properties":{"icao_code":"GOTT","name":"","location":"","country":""}},{"type":"Feature","geometry":{"type":"Point","coordinates":[-15.969722,18.31]},"properties":{"icao_code":"GQNO","name":"","location":"","country":""}},{"type":"Feature","geometry":{"type":"Point","coordinates":[-13.0432,20.5068]},"properties":{"icao_code":"GQPA","name":"","location":"","country":""}},{"type":"Feature","geometry":{"type":"Point","coordinates":[-17.030001,20.9331]},"properties":{"icao_code":"GQPP","name":"","location":"","country":""}},{"type":"Feature","geometry":{"type":"Point","coordinates":[-13.612,9.57689]},"properties":{"icao_code":"GUCY","name":"","location":"","country":""}},{"type":"Feature","geometry":{"type":"Point","coordinates":[-22.9494,16.7414]},"properties":{"icao_code":"GVAC","name":"","location":"","country":""}},{"type":"Feature","geometry":{"type":"Point","coordinates":[-22.888901,16.136499]},"properties":{"icao_code":"GVBA","name":"","location":"","country":""}},{"type":"Feature","geometry":{"type":"Point","coordinates":[-23.213699,15.1559]},"properties":{"icao_code":"GVMA","name":"","location":"","country":""}},{"type":"Feature","geometry":{"type":"Point","coordinates":[-23.484728,14.941126]},"properties":{"icao_code":"GVNP","name":"","location":"","country":""}},{"type":"Feature","geometry":{"type":"Point","coordinates":[-24.284132,16.588852]},"properties":{"icao_code":"GVSN","name":"","location":"","country":""}},{"type":"Feature","geometry":{"type":"Point","coordinates":[-25.0553,16.8332]},"properties":{"icao_code":"GVSV","name":"","location":"","country":""}},{"type":"Feature","geometry":{"type":"Point","coordinates":[38.799301,8.97789]},"properties":{"icao_code":"HAAB","name":"","location":"","country":""}},{"type":"Feature","geometry":{"type":"Point","coordinates":[37.5905,6.03939]},"properties":{"icao_code":"HAAM","name":"","location":"","country":""}},{"type":"Feature","geometry":{"type":"Point","coordinates":[38.7728,14.1468]},"properties":{"icao_code":"HAAX","name":"","location":"","country":""}},{"type":"Feature","geometry":{"type":"Point","coordinates":[37.321602,11.6081]},"properties":{"icao_code":"HABD","name":"","location":"","country":""}},{"type":"Feature","geometry":{"type":"Point","coordinates":[41.854198,9.6247]},"properties":{"icao_code":"HADR","name":"","location":"","country":""}},{"type":"Feature","geometry":{"type":"Point","coordinates":[34.563099,8.12876]},"properties":{"icao_code":"HAGM","name":"","location":"","country":""}},{"type":"Feature","geometry":{"type":"Point","coordinates":[37.433998,12.5199]},"properties":{"icao_code":"HAGN","name":"","location":"","country":""}},{"type":"Feature","geometry":{"type":"Point","coordinates":[43.578602,5.93513]},"properties":{"icao_code":"HAGO","name":"","location":"","country":""}},{"type":"Feature","geometry":{"type":"Point","coordinates":[39.0059,8.7163]},"properties":{"icao_code":"HAHM","name":"","location":"","country":""}},{"type":"Feature","geometry":{"type":"Point","coordinates":[42.9121,9.3325]},"properties":{"icao_code":"HAJJ","name":"","location":"","country":""}},{"type":"Feature","geometry":{"type":"Point","coordinates":[36.816601,7.66609]},"properties":{"icao_code":"HAJM","name":"","location":"","country":""}},{"type":"Feature","geometry":{"type":"Point","coordinates":[44.241339,6.732577]},"properties":{"icao_code":"HAKD","name":"","location":"","country":""}},{"type":"Feature","geometry":{"type":"Point","coordinates":[38.396187,7.099869]},"properties":{"icao_code":"HALA","name":"","location":"","country":""}},{"type":"Feature","geometry":{"type":"Point","coordinates":[39.533501,13.4674]},"properties":{"icao_code":"HAMK","name":"","location":"","country":""}},{"type":"Feature","geometry":{"type":"Point","coordinates":[34.5863,10.0185]},"properties":{"icao_code":"HASO","name":"","location":"","country":""}},{"type":"Feature","geometry":{"type":"Point","coordinates":[29.318501,-3.32402]},"properties":{"icao_code":"HBBA","name":"","location":"","country":""}},{"type":"Feature","geometry":{"type":"Point","coordinates":[44.082389,9.513207]},"properties":{"icao_code":"HCMH","name":"","location":"","country":""}},{"type":"Feature","geometry":{"type":"Point","coordinates":[44.936723,10.385035]},"properties":{"icao_code":"HCMI","name":"","location":"","country":""}},{"type":"Feature","geometry":{"type":"Point","coordinates":[42.459202,-0.377353]},"properties":{"icao_code":"HCMK","name":"","location":"","country":""}},{"type":"Feature","geometry":{"type":"Point","coordinates":[45.304699,2.01444]},"properties":{"icao_code":"HCMM","name":"","location":"","country":""}},{"type":"Feature","geometry":{"type":"Point","coordinates":[43.1595,11.5473]},"properties":{"icao_code":"HDAM","name":"","location":"","country":""}},{"type":"Feature","geometry":{"type":"Point","coordinates":[28.46161,30.924324]},"properties":{"icao_code":"HEAL","name":"","location":"","country":""}},{"type":"Feature","geometry":{"type":"Point","coordinates":[33.836791,31.078565]},"properties":{"icao_code":"HEAR","name":"","location":"","country":""}},{"type":"Feature","geometry":{"type":"Point","coordinates":[31.016309,27.050818]},"properties":{"icao_code":"HEAT","name":"","location":"","country":""}},{"type":"Feature","geometry":{"type":"Point","coordinates":[29.696437,30.93249]},"properties":{"icao_code":"HEBA","name":"","location":"","country":""}},{"type":"Feature","geometry":{"type":"Point","coordinates":[31.609962,22.367657]},"properties":{"icao_code":"HEBL","name":"","location":"","country":""}},{"type":"Feature","geometry":{"type":"Point","coordinates":[31.396694,30.111534]},"properties":{"icao_code":"HECA","name":"","location":"","country":""}},{"type":"Feature","geometry":{"type":"Point","coordinates":[30.915535,30.116431]},"properties":{"icao_code":"HECW","name":"","location":"","country":""}},{"type":"Feature","geometry":{"type":"Point","coordinates":[33.796692,27.176776]},"properties":{"icao_code":"HEGN","name":"","location":"","country":""}},{"type":"Feature","geometry":{"type":"Point","coordinates":[34.153131,31.078138]},"properties":{"icao_code":"HEGR","name":"","location":"","country":""}},{"type":"Feature","geometry":{"type":"Point","coordinates":[32.706451,25.671037]},"properties":{"icao_code":"HELX","name":"","location":"","country":""}},{"type":"Feature","geometry":{"type":"Point","coordinates":[34.59245,25.555548]},"properties":{"icao_code":"HEMA","name":"","location":"","country":""}},{"type":"Feature","geometry":{"type":"Point","coordinates":[27.221716,31.325464]},"properties":{"icao_code":"HEMM","name":"","location":"","country":""}},{"type":"Feature","geometry":{"type":"Point","coordinates":[32.240582,31.279285]},"properties":{"icao_code":"HEPS","name":"","location":"","country":""}},{"type":"Feature","geometry":{"type":"Point","coordinates":[34.062681,28.684601]},"properties":{"icao_code":"HESC","name":"","location":"","country":""}},{"type":"Feature","geometry":{"type":"Point","coordinates":[31.743017,26.342515]},"properties":{"icao_code":"HESG","name":"","location":"","country":""}},{"type":"Feature","geometry":{"type":"Point","coordinates":[34.394717,27.977272]},"properties":{"icao_code":"HESH","name":"","location":"","country":""}},{"type":"Feature","geometry":{"type":"Point","coordinates":[32.824445,23.968137]},"properties":{"icao_code":"HESN","name":"","location":"","country":""}},{"type":"Feature","geometry":{"type":"Point","coordinates":[30.895728,30.108179]},"properties":{"icao_code":"HESX","name":"","location":"","country":""}},{"type":"Feature","geometry":{"type":"Point","coordinates":[34.775752,29.594496]},"properties":{"icao_code":"HETB","name":"","location":"","country":""}},{"type":"Feature","geometry":{"type":"Point","coordinates":[38.910702,15.2919]},"properties":{"icao_code":"HHAS","name":"","location":"","country":""}},{"type":"Feature","geometry":{"type":"Point","coordinates":[39.370098,15.67]},"properties":{"icao_code":"HHMS","name":"","location":"","country":""}},{"type":"Feature","geometry":{"type":"Point","coordinates":[42.645,13.0718]},"properties":{"icao_code":"HHSB","name":"","location":"","country":""}},{"type":"Feature","geometry":{"type":"Point","coordinates":[31.601101,4.87201]},"properties":{"icao_code":"HJJJ","name":"","location":"","country":""}},{"type":"Feature","geometry":{"type":"Point","coordinates":[37.253101,-2.64505]},"properties":{"icao_code":"HKAM","name":"","location":"","country":""}},{"type":"Feature","geometry":{"type":"Point","coordinates":[35.238899,0.404458]},"properties":{"icao_code":"HKEL","name":"","location":"","country":""}},{"type":"Feature","geometry":{"type":"Point","coordinates":[36.927799,-1.31924]},"properties":{"icao_code":"HKJK","name":"","location":"","country":""}},{"type":"Feature","geometry":{"type":"Point","coordinates":[34.728901,-0.086139]},"properties":{"icao_code":"HKKI","name":"","location":"","country":""}},{"type":"Feature","geometry":{"type":"Point","coordinates":[34.958599,0.971989]},"properties":{"icao_code":"HKKT","name":"","location":"","country":""}},{"type":"Feature","geometry":{"type":"Point","coordinates":[34.348202,4.20412]},"properties":{"icao_code":"HKLK","name":"","location":"","country":""}},{"type":"Feature","geometry":{"type":"Point","coordinates":[35.6087,3.12197]},"properties":{"icao_code":"HKLO","name":"","location":"","country":""}},{"type":"Feature","geometry":{"type":"Point","coordinates":[40.912892,-2.252431]},"properties":{"icao_code":"HKLU","name":"","location":"","country":""}},{"type":"Feature","geometry":{"type":"Point","coordinates":[40.1017,-3.22931]},"properties":{"icao_code":"HKML","name":"","location":"","country":""}},{"type":"Feature","geometry":{"type":"Point","coordinates":[39.5942,-4.03483]},"properties":{"icao_code":"HKMO","name":"","location":"","country":""}},{"type":"Feature","geometry":{"type":"Point","coordinates":[35.008057,-1.406111]},"properties":{"icao_code":"HKMS","name":"","location":"","country":""}},{"type":"Feature","geometry":{"type":"Point","coordinates":[37.041008,-0.062399]},"properties":{"icao_code":"HKNL","name":"","location":"","country":""}},{"type":"Feature","geometry":{"type":"Point","coordinates":[36.8148,-1.32172]},"properties":{"icao_code":"HKNW","name":"","location":"","country":""}},{"type":"Feature","geometry":{"type":"Point","coordinates":[37.026901,0.032933]},"properties":{"icao_code":"HKNY","name":"","location":"","country":""}},{"type":"Feature","geometry":{"type":"Point","coordinates":[36.862301,-1.27727]},"properties":{"icao_code":"HKRE","name":"","location":"","country":""}},{"type":"Feature","geometry":{"type":"Point","coordinates":[40.091599,1.73324]},"properties":{"icao_code":"HKWJ","name":"","location":"","country":""}},{"type":"Feature","geometry":{"type":"Point","coordinates":[16.594999,31.063499]},"properties":{"icao_code":"HLGD","name":"","location":"","country":""}},{"type":"Feature","geometry":{"type":"Point","coordinates":[10.1426,25.145599]},"properties":{"icao_code":"HLGT","name":"","location":"","country":""}},{"type":"Feature","geometry":{"type":"Point","coordinates":[23.313999,24.178699]},"properties":{"icao_code":"HLKF","name":"","location":"","country":""}},{"type":"Feature","geometry":{"type":"Point","coordinates":[20.269501,32.096802]},"properties":{"icao_code":"HLLB","name":"","location":"","country":""}},{"type":"Feature","geometry":{"type":"Point","coordinates":[13.287878,32.89177]},"properties":{"icao_code":"HLLM","name":"","location":"","country":""}},{"type":"Feature","geometry":{"type":"Point","coordinates":[21.9643,32.7887]},"properties":{"icao_code":"HLLQ","name":"","location":"","country":""}},{"type":"Feature","geometry":{"type":"Point","coordinates":[14.466162,26.992452]},"properties":{"icao_code":"HLLS","name":"","location":"","country":""}},{"type":"Feature","geometry":{"type":"Point","coordinates":[19.576401,30.378099]},"properties":{"icao_code":"HLMB","name":"","location":"","country":""}},{"type":"Feature","geometry":{"type":"Point","coordinates":[9.71531,30.151699]},"properties":{"icao_code":"HLTD","name":"","location":"","country":""}},{"type":"Feature","geometry":{"type":"Point","coordinates":[29.2589,-1.6772]},"properties":{"icao_code":"HRYG","name":"","location":"","country":""}},{"type":"Feature","geometry":{"type":"Point","coordinates":[30.1395,-1.96863]},"properties":{"icao_code":"HRYR","name":"","location":"","country":""}},{"type":"Feature","geometry":{"type":"Point","coordinates":[28.9079,-2.46224]},"properties":{"icao_code":"HRZA","name":"","location":"","country":""}},{"type":"Feature","geometry":{"type":"Point","coordinates":[30.430099,19.1539]},"properties":{"icao_code":"HSDN","name":"","location":"","country":""}},{"type":"Feature","geometry":{"type":"Point","coordinates":[25.3246,13.6149]},"properties":{"icao_code":"HSFS","name":"","location":"","country":""}},{"type":"Feature","geometry":{"type":"Point","coordinates":[36.3288,15.3875]},"properties":{"icao_code":"HSKA","name":"","location":"","country":""}},{"type":"Feature","geometry":{"type":"Point","coordinates":[31.843333,18.443333]},"properties":{"icao_code":"HSMN","name":"","location":"","country":""}},{"type":"Feature","geometry":{"type":"Point","coordinates":[24.9562,12.0535]},"properties":{"icao_code":"HSNN","name":"","location":"","country":""}},{"type":"Feature","geometry":{"type":"Point","coordinates":[30.2327,13.1532]},"properties":{"icao_code":"HSOB","name":"","location":"","country":""}},{"type":"Feature","geometry":{"type":"Point","coordinates":[37.2341,19.433599]},"properties":{"icao_code":"HSPN","name":"","location":"","country":""}},{"type":"Feature","geometry":{"type":"Point","coordinates":[32.5532,15.5895]},"properties":{"icao_code":"HSSK","name":"","location":"","country":""}},{"type":"Feature","geometry":{"type":"Point","coordinates":[36.633301,-3.36779]},"properties":{"icao_code":"HTAR","name":"","location":"","country":""}},{"type":"Feature","geometry":{"type":"Point","coordinates":[39.202599,-6.87811]},"properties":{"icao_code":"HTDA","name":"","location":"","country":""}},{"type":"Feature","geometry":{"type":"Point","coordinates":[35.752602,-6.17044]},"properties":{"icao_code":"HTDO","name":"","location":"","country":""}},{"type":"Feature","geometry":{"type":"Point","coordinates":[33.273981,-8.919942]},"properties":{"icao_code":"HTGW","name":"","location":"","country":""}},{"type":"Feature","geometry":{"type":"Point","coordinates":[35.752102,-7.66863]},"properties":{"icao_code":"HTIR","name":"","location":"","country":""}},{"type":"Feature","geometry":{"type":"Point","coordinates":[37.074501,-3.42941]},"properties":{"icao_code":"HTKJ","name":"","location":"","country":""}},{"type":"Feature","geometry":{"type":"Point","coordinates":[35.818298,-3.37631]},"properties":{"icao_code":"HTLM","name":"","location":"","country":""}},{"type":"Feature","geometry":{"type":"Point","coordinates":[40.181997,-10.336204]},"properties":{"icao_code":"HTMT","name":"","location":"","country":""}},{"type":"Feature","geometry":{"type":"Point","coordinates":[32.932701,-2.44449]},"properties":{"icao_code":"HTMW","name":"","location":"","country":""}},{"type":"Feature","geometry":{"type":"Point","coordinates":[39.811401,-5.25726]},"properties":{"icao_code":"HTPE","name":"","location":"","country":""}},{"type":"Feature","geometry":{"type":"Point","coordinates":[39.071201,-5.09236]},"properties":{"icao_code":"HTTG","name":"","location":"","country":""}},{"type":"Feature","geometry":{"type":"Point","coordinates":[39.224899,-6.22202]},"properties":{"icao_code":"HTZA","name":"","location":"","country":""}},{"type":"Feature","geometry":{"type":"Point","coordinates":[30.911714,3.049152]},"properties":{"icao_code":"HUAR","name":"","location":"","country":""}},{"type":"Feature","geometry":{"type":"Point","coordinates":[32.443501,0.042386]},"properties":{"icao_code":"HUEN","name":"","location":"","country":""}},{"type":"Feature","geometry":{"type":"Point","coordinates":[32.271801,2.80556]},"properties":{"icao_code":"HUGU","name":"","location":"","country":""}},{"type":"Feature","geometry":{"type":"Point","coordinates":[33.622799,1.72769]},"properties":{"icao_code":"HUSO","name":"","location":"","country":""}},{"type":"Feature","geometry":{"type":"Point","coordinates":[15,13]},"properties":{"icao_code":"ICAN","name":"","location":"","country":""}},{"type":"Feature","geometry":{"type":"Point","coordinates":[111.947222,-7.750278]},"properties":{"icao_code":"WARD","name":"","location":"","country":""}},{"type":"Feature","geometry":{"type":"Point","coordinates":[82.155295,26.751283]},"properties":{"icao_code":"VEAY","name":"","location":"","country":""}},{"type":"Feature","geometry":{"type":"Point","coordinates":[73.529846,16.002552]},"properties":{"icao_code":"VOSR","name":"","location":"","country":""}},{"type":"Feature","geometry":{"type":"Point","coordinates":[73.065253,18.984597]},"properties":{"icao_code":"VANM","name":"","location":"","country":""}},{"type":"Feature","geometry":{"type":"Point","coordinates":[75.618868,13.858024]},"properties":{"icao_code":"VOSH","name":"","location":"","country":""}},{"type":"Feature","geometry":{"type":"Point","coordinates":[83.19612,22.98753]},"properties":{"icao_code":"VEAP","name":"","location":"","country":""}},{"type":"Feature","geometry":{"type":"Point","coordinates":[-75.442797,40.651773]},"properties":{"icao_code":"KABE","name":"","location":"","country":""}},{"type":"Feature","geometry":{"type":"Point","coordinates":[-99.6819,32.411301]},"properties":{"icao_code":"KABI","name":"","location":"","country":""}},{"type":"Feature","geometry":{"type":"Point","coordinates":[-106.608925,35.039976]},"properties":{"icao_code":"KABQ","name":"","location":"","country":""}},{"type":"Feature","geometry":{"type":"Point","coordinates":[-98.421799,45.4491]},"properties":{"icao_code":"KABR","name":"","location":"","country":""}},{"type":"Feature","geometry":{"type":"Point","coordinates":[-84.196215,31.532946]},"properties":{"icao_code":"KABY","name":"","location":"","country":""}},{"type":"Feature","geometry":{"type":"Point","coordinates":[-70.060204,41.253101]},"properties":{"icao_code":"KACK","name":"","location":"","country":""}},{"type":"Feature","geometry":{"type":"Point","coordinates":[-97.230499,31.6113]},"properties":{"icao_code":"KACT","name":"","location":"","country":""}},{"type":"Feature","geometry":{"type":"Point","coordinates":[-124.109,40.978101]},"properties":{"icao_code":"KACV","name":"","location":"","country":""}},{"type":"Feature","geometry":{"type":"Point","coordinates":[-74.577202,39.4576]},"properties":{"icao_code":"KACY","name":"","location":"","country":""}},{"type":"Feature","geometry":{"type":"Point","coordinates":[-96.671988,34.805214]},"properties":{"icao_code":"KADH","name":"","location":"","country":""}},{"type":"Feature","geometry":{"type":"Point","coordinates":[-76.866997,38.810799]},"properties":{"icao_code":"KADW","name":"","location":"","country":""}},{"type":"Feature","geometry":{"type":"Point","coordinates":[-92.549797,31.3274]},"properties":{"icao_code":"KAEX","name":"","location":"","country":""}},{"type":"Feature","geometry":{"type":"Point","coordinates":[-97.31947,32.99044]},"properties":{"icao_code":"KAFW","name":"","location":"","country":""}},{"type":"Feature","geometry":{"type":"Point","coordinates":[-79.930199,40.354401]},"properties":{"icao_code":"KAGC","name":"","location":"","country":""}},{"type":"Feature","geometry":{"type":"Point","coordinates":[-81.9645,33.3699]},"properties":{"icao_code":"KAGS","name":"","location":"","country":""}},{"type":"Feature","geometry":{"type":"Point","coordinates":[-83.325634,33.948842]},"properties":{"icao_code":"KAHN","name":"","location":"","country":""}},{"type":"Feature","geometry":{"type":"Point","coordinates":[-102.803965,42.052543]},"properties":{"icao_code":"KAIA","name":"","location":"","country":""}},{"type":"Feature","geometry":{"type":"Point","coordinates":[-81.46784,41.037355]},"properties":{"icao_code":"KAKR","name":"","location":"","country":""}},{"type":"Feature","geometry":{"type":"Point","coordinates":[-73.801697,42.748299]},"properties":{"icao_code":"KALB","name":"","location":"","country":""}},{"type":"Feature","geometry":{"type":"Point","coordinates":[-98.026901,27.7409]},"properties":{"icao_code":"KALI","name":"","location":"","country":""}},{"type":"Feature","geometry":{"type":"Point","coordinates":[-105.993149,32.837818]},"properties":{"icao_code":"KALM","name":"","location":"","country":""}},{"type":"Feature","geometry":{"type":"Point","coordinates":[-90.045998,38.890301]},"properties":{"icao_code":"KALN","name":"","location":"","country":""}},{"type":"Feature","geometry":{"type":"Point","coordinates":[-92.400299,42.557098]},"properties":{"icao_code":"KALO","name":"","location":"","country":""}},{"type":"Feature","geometry":{"type":"Point","coordinates":[-105.866997,37.434898]},"properties":{"icao_code":"KALS","name":"","location":"","country":""}},{"type":"Feature","geometry":{"type":"Point","coordinates":[-118.288002,46.094898]},"properties":{"icao_code":"KALW","name":"","location":"","country":""}},{"type":"Feature","geometry":{"type":"Point","coordinates":[-101.706001,35.219398]},"properties":{"icao_code":"KAMA","name":"","location":"","country":""}},{"type":"Feature","geometry":{"type":"Point","coordinates":[-85.8581,33.5882]},"properties":{"icao_code":"KANB","name":"","location":"","country":""}},{"type":"Feature","geometry":{"type":"Point","coordinates":[-82.709396,34.494598]},"properties":{"icao_code":"KAND","name":"","location":"","country":""}},{"type":"Feature","geometry":{"type":"Point","coordinates":[-78.32,40.296398]},"properties":{"icao_code":"KAOO","name":"","location":"","country":""}},{"type":"Feature","geometry":{"type":"Point","coordinates":[-104.848999,39.570099]},"properties":{"icao_code":"KAPA","name":"","location":"","country":""}},{"type":"Feature","geometry":{"type":"Point","coordinates":[-81.775299,26.152599]},"properties":{"icao_code":"KAPF","name":"","location":"","country":""}},{"type":"Feature","geometry":{"type":"Point","coordinates":[-76.1688,39.466202]},"properties":{"icao_code":"KAPG","name":"","location":"","country":""}},{"type":"Feature","geometry":{"type":"Point","coordinates":[-83.560303,45.078098]},"properties":{"icao_code":"KAPN","name":"","location":"","country":""}},{"type":"Feature","geometry":{"type":"Point","coordinates":[-91.883904,30.0378]},"properties":{"icao_code":"KARA","name":"","location":"","country":""}},{"type":"Feature","geometry":{"type":"Point","coordinates":[-76.021698,43.991901]},"properties":{"icao_code":"KART","name":"","location":"","country":""}},{"type":"Feature","geometry":{"type":"Point","coordinates":[-106.869003,39.223202]},"properties":{"icao_code":"KASE","name":"","location":"","country":""}},{"type":"Feature","geometry":{"type":"Point","coordinates":[-123.878998,46.158001]},"properties":{"icao_code":"KAST","name":"","location":"","country":""}},{"type":"Feature","geometry":{"type":"Point","coordinates":[-84.428101,33.6367]},"properties":{"icao_code":"KATL","name":"","location":"","country":""}},{"type":"Feature","geometry":{"type":"Point","coordinates":[-88.519096,44.258099]},"properties":{"icao_code":"KATW","name":"","location":"","country":""}},{"type":"Feature","geometry":{"type":"Point","coordinates":[-97.154701,44.914001]},"properties":{"icao_code":"KATY","name":"","location":"","country":""}},{"type":"Feature","geometry":{"type":"Point","coordinates":[-69.797302,44.320599]},"properties":{"icao_code":"KAUG","name":"","location":"","country":""}},{"type":"Feature","geometry":{"type":"Point","coordinates":[-97.662015,30.197535]},"properties":{"icao_code":"KAUS","name":"","location":"","country":""}},{"type":"Feature","geometry":{"type":"Point","coordinates":[-89.626602,44.926201]},"properties":{"icao_code":"KAUW","name":"","location":"","country":""}},{"type":"Feature","geometry":{"type":"Point","coordinates":[-82.541801,35.436199]},"properties":{"icao_code":"KAVL","name":"","location":"","country":""}},{"type":"Feature","geometry":{"type":"Point","coordinates":[-75.723396,41.338501]},"properties":{"icao_code":"KAVP","name":"","location":"","country":""}},{"type":"Feature","geometry":{"type":"Point","coordinates":[-95.394699,45.866299]},"properties":{"icao_code":"KAXN","name":"","location":"","country":""}},{"type":"Feature","geometry":{"type":"Point","coordinates":[-85.552101,42.234901]},"properties":{"icao_code":"KAZO","name":"","location":"","country":""}},{"type":"Feature","geometry":{"type":"Point","coordinates":[-121.436996,39.136101]},"properties":{"icao_code":"KBAB","name":"","location":"","country":""}},{"type":"Feature","geometry":{"type":"Point","coordinates":[-93.662697,32.501801]},"properties":{"icao_code":"KBAD","name":"","location":"","country":""}},{"type":"Feature","geometry":{"type":"Point","coordinates":[-72.715599,42.157799]},"properties":{"icao_code":"KBAF","name":"","location":"","country":""}},{"type":"Feature","geometry":{"type":"Point","coordinates":[-85.895576,39.262386]},"properties":{"icao_code":"KBAK","name":"","location":"","country":""}},{"type":"Feature","geometry":{"type":"Point","coordinates":[-98.042198,29.7045]},"properties":{"icao_code":"KBAZ","name":"","location":"","country":""}},{"type":"Feature","geometry":{"type":"Point","coordinates":[-99.324732,31.178931]},"properties":{"icao_code":"KBBD","name":"","location":"","country":""}},{"type":"Feature","geometry":{"type":"Point","coordinates":[-93.200544,36.532082]},"properties":{"icao_code":"KBBG","name":"","location":"","country":""}},{"type":"Feature","geometry":{"type":"Point","coordinates":[-112.144997,37.706402]},"properties":{"icao_code":"KBCE","name":"","location":"","country":""}},{"type":"Feature","geometry":{"type":"Point","coordinates":[-80.107697,26.3785]},"properties":{"icao_code":"KBCT","name":"","location":"","country":""}},{"type":"Feature","geometry":{"type":"Point","coordinates":[-94.612198,48.728401]},"properties":{"icao_code":"KBDE","name":"","location":"","country":""}},{"type":"Feature","geometry":{"type":"Point","coordinates":[-72.688066,41.93851]},"properties":{"icao_code":"KBDL","name":"","location":"","country":""}},{"type":"Feature","geometry":{"type":"Point","coordinates":[-73.126198,41.163502]},"properties":{"icao_code":"KBDR","name":"","location":"","country":""}},{"type":"Feature","geometry":{"type":"Point","coordinates":[-71.289001,42.470001]},"properties":{"icao_code":"KBED","name":"","location":"","country":""}},{"type":"Feature","geometry":{"type":"Point","coordinates":[-78.640099,41.803101]},"properties":{"icao_code":"KBFD","name":"","location":"","country":""}},{"type":"Feature","geometry":{"type":"Point","coordinates":[-103.596001,41.874001]},"properties":{"icao_code":"KBFF","name":"","location":"","country":""}},{"type":"Feature","geometry":{"type":"Point","coordinates":[-122.302002,47.529999]},"properties":{"icao_code":"KBFI","name":"","location":"","country":""}},{"type":"Feature","geometry":{"type":"Point","coordinates":[-119.056999,35.433601]},"properties":{"icao_code":"KBFL","name":"","location":"","country":""}},{"type":"Feature","geometry":{"type":"Point","coordinates":[-88.0681,30.626801]},"properties":{"icao_code":"KBFM","name":"","location":"","country":""}},{"type":"Feature","geometry":{"type":"Point","coordinates":[-75.979797,42.208698]},"properties":{"icao_code":"KBGM","name":"","location":"","country":""}},{"type":"Feature","geometry":{"type":"Point","coordinates":[-68.828102,44.8074]},"properties":{"icao_code":"KBGR","name":"","location":"","country":""}},{"type":"Feature","geometry":{"type":"Point","coordinates":[-68.361504,44.450001]},"properties":{"icao_code":"KBHB","name":"","location":"","country":""}},{"type":"Feature","geometry":{"type":"Point","coordinates":[-86.753502,33.562901]},"properties":{"icao_code":"KBHM","name":"","location":"","country":""}},{"type":"Feature","geometry":{"type":"Point","coordinates":[-106.379997,31.849501]},"properties":{"icao_code":"KBIF","name":"","location":"","country":""}},{"type":"Feature","geometry":{"type":"Point","coordinates":[-118.363998,37.3731]},"properties":{"icao_code":"KBIH","name":"","location":"","country":""}},{"type":"Feature","geometry":{"type":"Point","coordinates":[-108.542999,45.807701]},"properties":{"icao_code":"KBIL","name":"","location":"","country":""}},{"type":"Feature","geometry":{"type":"Point","coordinates":[-100.746002,46.772701]},"properties":{"icao_code":"KBIS","name":"","location":"","country":""}},{"type":"Feature","geometry":{"type":"Point","coordinates":[-88.9244,30.4104]},"properties":{"icao_code":"KBIX","name":"","location":"","country":""}},{"type":"Feature","geometry":{"type":"Point","coordinates":[-105.116997,39.908798]},"properties":{"icao_code":"KBJC","name":"","location":"","country":""}},{"type":"Feature","geometry":{"type":"Point","coordinates":[-94.933701,47.509399]},"properties":{"icao_code":"KBJI","name":"","location":"","country":""}},{"type":"Feature","geometry":{"type":"Point","coordinates":[-117.808998,44.837299]},"properties":{"icao_code":"KBKE","name":"","location":"","country":""}},{"type":"Feature","geometry":{"type":"Point","coordinates":[-104.751999,39.701698]},"properties":{"icao_code":"KBKF","name":"","location":"","country":""}},{"type":"Feature","geometry":{"type":"Point","coordinates":[-81.683296,41.517502]},"properties":{"icao_code":"KBKL","name":"","location":"","country":""}},{"type":"Feature","geometry":{"type":"Point","coordinates":[-81.124199,37.7873]},"properties":{"icao_code":"KBKW","name":"","location":"","country":""}},{"type":"Feature","geometry":{"type":"Point","coordinates":[-81.207703,37.295799]},"properties":{"icao_code":"KBLF","name":"","location":"","country":""}},{"type":"Feature","geometry":{"type":"Point","coordinates":[-114.717003,33.619202]},"properties":{"icao_code":"KBLH","name":"","location":"","country":""}},{"type":"Feature","geometry":{"type":"Point","coordinates":[-122.538002,48.792801]},"properties":{"icao_code":"KBLI","name":"","location":"","country":""}},{"type":"Feature","geometry":{"type":"Point","coordinates":[-89.835197,38.5452]},"properties":{"icao_code":"KBLV","name":"","location":"","country":""}},{"type":"Feature","geometry":{"type":"Point","coordinates":[-86.616699,39.146]},"properties":{"icao_code":"KBMG","name":"","location":"","country":""}},{"type":"Feature","geometry":{"type":"Point","coordinates":[-88.915901,40.4771]},"properties":{"icao_code":"KBMI","name":"","location":"","country":""}},{"type":"Feature","geometry":{"type":"Point","coordinates":[-86.6782,36.1245]},"properties":{"icao_code":"KBNA","name":"","location":"","country":""}},{"type":"Feature","geometry":{"type":"Point","coordinates":[-118.955154,43.590463]},"properties":{"icao_code":"KBNO","name":"","location":"","country":""}},{"type":"Feature","geometry":{"type":"Point","coordinates":[-116.223,43.5644]},"properties":{"icao_code":"KBOI","name":"","location":"","country":""}},{"type":"Feature","geometry":{"type":"Point","coordinates":[-71.0079,42.36197]},"properties":{"icao_code":"KBOS","name":"","location":"","country":""}},{"type":"Feature","geometry":{"type":"Point","coordinates":[-110.111,42.585098]},"properties":{"icao_code":"KBPI","name":"","location":"","country":""}},{"type":"Feature","geometry":{"type":"Point","coordinates":[-92.470497,36.3689]},"properties":{"icao_code":"KBPK","name":"","location":"","country":""}},{"type":"Feature","geometry":{"type":"Point","coordinates":[-94.020699,29.9508]},"properties":{"icao_code":"KBPT","name":"","location":"","country":""}},{"type":"Feature","geometry":{"type":"Point","coordinates":[-81.466499,31.258801]},"properties":{"icao_code":"KBQK","name":"","location":"","country":""}},{"type":"Feature","geometry":{"type":"Point","coordinates":[-94.129727,46.402861]},"properties":{"icao_code":"KBRD","name":"","location":"","country":""}},{"type":"Feature","geometry":{"type":"Point","coordinates":[-91.125504,40.783199]},"properties":{"icao_code":"KBRL","name":"","location":"","country":""}},{"type":"Feature","geometry":{"type":"Point","coordinates":[-97.425903,25.906799]},"properties":{"icao_code":"KBRO","name":"","location":"","country":""}},{"type":"Feature","geometry":{"type":"Point","coordinates":[-85.251503,42.307301]},"properties":{"icao_code":"KBTL","name":"","location":"","country":""}},{"type":"Feature","geometry":{"type":"Point","coordinates":[-112.497002,45.9548]},"properties":{"icao_code":"KBTM","name":"","location":"","country":""}},{"type":"Feature","geometry":{"type":"Point","coordinates":[-91.149597,30.533199]},"properties":{"icao_code":"KBTR","name":"","location":"","country":""}},{"type":"Feature","geometry":{"type":"Point","coordinates":[-73.153297,44.471901]},"properties":{"icao_code":"KBTV","name":"","location":"","country":""}},{"type":"Feature","geometry":{"type":"Point","coordinates":[-78.732201,42.940498]},"properties":{"icao_code":"KBUF","name":"","location":"","country":""}},{"type":"Feature","geometry":{"type":"Point","coordinates":[-118.356378,34.197703]},"properties":{"icao_code":"KBUR","name":"","location":"","country":""}},{"type":"Feature","geometry":{"type":"Point","coordinates":[-80.391403,40.772499]},"properties":{"icao_code":"KBVI","name":"","location":"","country":""}},{"type":"Feature","geometry":{"type":"Point","coordinates":[-70.916496,42.584202]},"properties":{"icao_code":"KBVY","name":"","location":"","country":""}},{"type":"Feature","geometry":{"type":"Point","coordinates":[-86.419701,36.9645]},"properties":{"icao_code":"KBWG","name":"","location":"","country":""}},{"type":"Feature","geometry":{"type":"Point","coordinates":[-76.668297,39.1754]},"properties":{"icao_code":"KBWI","name":"","location":"","country":""}},{"type":"Feature","geometry":{"type":"Point","coordinates":[-69.938599,43.8922]},"properties":{"icao_code":"KBXM","name":"","location":"","country":""}},{"type":"Feature","geometry":{"type":"Point","coordinates":[-89.944,35.964298]},"properties":{"icao_code":"KBYH","name":"","location":"","country":""}},{"type":"Feature","geometry":{"type":"Point","coordinates":[-113.772003,42.542599]},"properties":{"icao_code":"KBYI","name":"","location":"","country":""}},{"type":"Feature","geometry":{"type":"Point","coordinates":[-116.629997,35.280499]},"properties":{"icao_code":"KBYS","name":"","location":"","country":""}},{"type":"Feature","geometry":{"type":"Point","coordinates":[-111.153,45.7775]},"properties":{"icao_code":"KBZN","name":"","location":"","country":""}},{"type":"Feature","geometry":{"type":"Point","coordinates":[-81.119499,33.938801]},"properties":{"icao_code":"KCAE","name":"","location":"","country":""}},{"type":"Feature","geometry":{"type":"Point","coordinates":[-81.4422,40.9161]},"properties":{"icao_code":"KCAK","name":"","location":"","country":""}},{"type":"Feature","geometry":{"type":"Point","coordinates":[-68.017899,46.871498]},"properties":{"icao_code":"KCAR","name":"","location":"","country":""}},{"type":"Feature","geometry":{"type":"Point","coordinates":[-88.443802,33.643799]},"properties":{"icao_code":"KCBM","name":"","location":"","country":""}},{"type":"Feature","geometry":{"type":"Point","coordinates":[-122.056999,37.9897]},"properties":{"icao_code":"KCCR","name":"","location":"","country":""}},{"type":"Feature","geometry":{"type":"Point","coordinates":[-92.610802,43.072601]},"properties":{"icao_code":"KCCY","name":"","location":"","country":""}},{"type":"Feature","geometry":{"type":"Point","coordinates":[-113.098999,37.701]},"properties":{"icao_code":"KCDC","name":"","location":"","country":""}},{"type":"Feature","geometry":{"type":"Point","coordinates":[-103.095001,42.837601]},"properties":{"icao_code":"KCDR","name":"","location":"","country":""}},{"type":"Feature","geometry":{"type":"Point","coordinates":[-100.288002,34.4338]},"properties":{"icao_code":"KCDS","name":"","location":"","country":""}},{"type":"Feature","geometry":{"type":"Point","coordinates":[-124.236403,41.778929]},"properties":{"icao_code":"KCEC","name":"","location":"","country":""}},{"type":"Feature","geometry":{"type":"Point","coordinates":[-86.522102,30.778799]},"properties":{"icao_code":"KCEW","name":"","location":"","country":""}},{"type":"Feature","geometry":{"type":"Point","coordinates":[-108.627998,37.303001]},"properties":{"icao_code":"KCEZ","name":"","location":"","country":""}},{"type":"Feature","geometry":{"type":"Point","coordinates":[-81.486397,41.565102]},"properties":{"icao_code":"KCGF","name":"","location":"","country":""}},{"type":"Feature","geometry":{"type":"Point","coordinates":[-89.570801,37.2253]},"properties":{"icao_code":"KCGI","name":"","location":"","country":""}},{"type":"Feature","geometry":{"type":"Point","coordinates":[-85.203796,35.035301]},"properties":{"icao_code":"KCHA","name":"","location":"","country":""}},{"type":"Feature","geometry":{"type":"Point","coordinates":[-78.452904,38.138599]},"properties":{"icao_code":"KCHO","name":"","location":"","country":""}},{"type":"Feature","geometry":{"type":"Point","coordinates":[-80.040497,32.898602]},"properties":{"icao_code":"KCHS","name":"","location":"","country":""}},{"type":"Feature","geometry":{"type":"Point","coordinates":[-91.7108,41.884701]},"properties":{"icao_code":"KCID","name":"","location":"","country":""}},{"type":"Feature","geometry":{"type":"Point","coordinates":[-84.471379,46.247707]},"properties":{"icao_code":"KCIU","name":"","location":"","country":""}},{"type":"Feature","geometry":{"type":"Point","coordinates":[-80.228104,39.2966]},"properties":{"icao_code":"KCKB","name":"","location":"","country":""}},{"type":"Feature","geometry":{"type":"Point","coordinates":[-81.8498,41.411701]},"properties":{"icao_code":"KCLE","name":"","location":"","country":""}},{"type":"Feature","geometry":{"type":"Point","coordinates":[-96.3638,30.5886]},"properties":{"icao_code":"KCLL","name":"","location":"","country":""}},{"type":"Feature","geometry":{"type":"Point","coordinates":[-123.5,48.120201]},"properties":{"icao_code":"KCLM","name":"","location":"","country":""}},{"type":"Feature","geometry":{"type":"Point","coordinates":[-80.9431,35.214001]},"properties":{"icao_code":"KCLT","name":"","location":"","country":""}},{"type":"Feature","geometry":{"type":"Point","coordinates":[-82.891899,39.998001]},"properties":{"icao_code":"KCMH","name":"","location":"","country":""}},{"type":"Feature","geometry":{"type":"Point","coordinates":[-88.276249,40.039819]},"properties":{"icao_code":"KCMI","name":"","location":"","country":""}},{"type":"Feature","geometry":{"type":"Point","coordinates":[-88.489098,47.1684]},"properties":{"icao_code":"KCMX","name":"","location":"","country":""}},{"type":"Feature","geometry":{"type":"Point","coordinates":[-104.263,32.337502]},"properties":{"icao_code":"KCNM","name":"","location":"","country":""}},{"type":"Feature","geometry":{"type":"Point","coordinates":[-95.486727,37.668173]},"properties":{"icao_code":"KCNU","name":"","location":"","country":""}},{"type":"Feature","geometry":{"type":"Point","coordinates":[-109.754997,38.755001]},"properties":{"icao_code":"KCNY","name":"","location":"","country":""}},{"type":"Feature","geometry":{"type":"Point","coordinates":[-109.024002,44.520199]},"properties":{"icao_code":"KCOD","name":"","location":"","country":""}},{"type":"Feature","geometry":{"type":"Point","coordinates":[-116.82,47.7743]},"properties":{"icao_code":"KCOE","name":"","location":"","country":""}},{"type":"Feature","geometry":{"type":"Point","coordinates":[-80.6101,28.2349]},"properties":{"icao_code":"KCOF","name":"","location":"","country":""}},{"type":"Feature","geometry":{"type":"Point","coordinates":[-71.502296,43.202702]},"properties":{"icao_code":"KCON","name":"","location":"","country":""}},{"type":"Feature","geometry":{"type":"Point","coordinates":[-104.700996,38.805801]},"properties":{"icao_code":"KCOS","name":"","location":"","country":""}},{"type":"Feature","geometry":{"type":"Point","coordinates":[-92.219597,38.8181]},"properties":{"icao_code":"KCOU","name":"","location":"","country":""}},{"type":"Feature","geometry":{"type":"Point","coordinates":[-106.463997,42.908001]},"properties":{"icao_code":"KCPR","name":"","location":"","country":""}},{"type":"Feature","geometry":{"type":"Point","coordinates":[-78.7239,33.811699]},"properties":{"icao_code":"KCRE","name":"","location":"","country":""}},{"type":"Feature","geometry":{"type":"Point","coordinates":[-81.514397,30.3363]},"properties":{"icao_code":"KCRG","name":"","location":"","country":""}},{"type":"Feature","geometry":{"type":"Point","coordinates":[-97.501198,27.770399]},"properties":{"icao_code":"KCRP","name":"","location":"","country":""}},{"type":"Feature","geometry":{"type":"Point","coordinates":[-117.279999,33.1283]},"properties":{"icao_code":"KCRQ","name":"","location":"","country":""}},{"type":"Feature","geometry":{"type":"Point","coordinates":[-81.593201,38.3731]},"properties":{"icao_code":"KCRW","name":"","location":"","country":""}},{"type":"Feature","geometry":{"type":"Point","coordinates":[-84.938904,32.5163]},"properties":{"icao_code":"KCSG","name":"","location":"","country":""}},{"type":"Feature","geometry":{"type":"Point","coordinates":[-85.08499,35.95131]},"properties":{"icao_code":"KCSV","name":"","location":"","country":""}},{"type":"Feature","geometry":{"type":"Point","coordinates":[-112.378183,48.608657]},"properties":{"icao_code":"KCTB","name":"","location":"","country":""}},{"type":"Feature","geometry":{"type":"Point","coordinates":[-80.995201,33.970501]},"properties":{"icao_code":"KCUB","name":"","location":"","country":""}},{"type":"Feature","geometry":{"type":"Point","coordinates":[-84.667801,39.048801]},"properties":{"icao_code":"KCVG","name":"","location":"","country":""}},{"type":"Feature","geometry":{"type":"Point","coordinates":[-103.078794,34.426594]},"properties":{"icao_code":"KCVN","name":"","location":"","country":""}},{"type":"Feature","geometry":{"type":"Point","coordinates":[-123.290001,44.4972]},"properties":{"icao_code":"KCVO","name":"","location":"","country":""}},{"type":"Feature","geometry":{"type":"Point","coordinates":[-103.321999,34.382801]},"properties":{"icao_code":"KCVS","name":"","location":"","country":""}},{"type":"Feature","geometry":{"type":"Point","coordinates":[-89.670238,44.777448]},"properties":{"icao_code":"KCWA","name":"","location":"","country":""}},{"type":"Feature","geometry":{"type":"Point","coordinates":[-95.414497,30.351801]},"properties":{"icao_code":"KCXO","name":"","location":"","country":""}},{"type":"Feature","geometry":{"type":"Point","coordinates":[-104.811997,41.155701]},"properties":{"icao_code":"KCYS","name":"","location":"","country":""}},{"type":"Feature","geometry":{"type":"Point","coordinates":[-77.181,38.715]},"properties":{"icao_code":"KDAA","name":"","location":"","country":""}},{"type":"Feature","geometry":{"type":"Point","coordinates":[-81.058098,29.179899]},"properties":{"icao_code":"KDAB","name":"","location":"","country":""}},{"type":"Feature","geometry":{"type":"Point","coordinates":[-116.787003,34.853699]},"properties":{"icao_code":"KDAG","name":"","location":"","country":""}},{"type":"Feature","geometry":{"type":"Point","coordinates":[-96.851799,32.847099]},"properties":{"icao_code":"KDAL","name":"","location":"","country":""}},{"type":"Feature","geometry":{"type":"Point","coordinates":[-79.336098,36.572899]},"properties":{"icao_code":"KDAN","name":"","location":"","country":""}},{"type":"Feature","geometry":{"type":"Point","coordinates":[-84.219398,39.902401]},"properties":{"icao_code":"KDAY","name":"","location":"","country":""}},{"type":"Feature","geometry":{"type":"Point","coordinates":[-90.709503,42.402]},"properties":{"icao_code":"KDBQ","name":"","location":"","country":""}},{"type":"Feature","geometry":{"type":"Point","coordinates":[-77.037697,38.8521]},"properties":{"icao_code":"KDCA","name":"","location":"","country":""}},{"type":"Feature","geometry":{"type":"Point","coordinates":[-99.965599,37.763401]},"properties":{"icao_code":"KDDC","name":"","location":"","country":""}},{"type":"Feature","geometry":{"type":"Point","coordinates":[-88.8657,39.834599]},"properties":{"icao_code":"KDEC","name":"","location":"","country":""}},{"type":"Feature","geometry":{"type":"Point","coordinates":[-104.672997,39.861698]},"properties":{"icao_code":"KDEN","name":"","location":"","country":""}},{"type":"Feature","geometry":{"type":"Point","coordinates":[-97.038002,32.896801]},"properties":{"icao_code":"KDFW","name":"","location":"","country":""}},{"type":"Feature","geometry":{"type":"Point","coordinates":[-85.4496,31.321301]},"properties":{"icao_code":"KDHN","name":"","location":"","country":""}},{"type":"Feature","geometry":{"type":"Point","coordinates":[-102.546997,36.022598]},"properties":{"icao_code":"KDHT","name":"","location":"","country":""}},{"type":"Feature","geometry":{"type":"Point","coordinates":[-102.801905,46.797533]},"properties":{"icao_code":"KDIK","name":"","location":"","country":""}},{"type":"Feature","geometry":{"type":"Point","coordinates":[-100.778002,29.359501]},"properties":{"icao_code":"KDLF","name":"","location":"","country":""}},{"type":"Feature","geometry":{"type":"Point","coordinates":[-92.193604,46.842098]},"properties":{"icao_code":"KDLH","name":"","location":"","country":""}},{"type":"Feature","geometry":{"type":"Point","coordinates":[-121.170777,45.620979]},"properties":{"icao_code":"KDLS","name":"","location":"","country":""}},{"type":"Feature","geometry":{"type":"Point","coordinates":[-110.883003,32.1665]},"properties":{"icao_code":"KDMA","name":"","location":"","country":""}},{"type":"Feature","geometry":{"type":"Point","coordinates":[-107.721001,32.262299]},"properties":{"icao_code":"KDMN","name":"","location":"","country":""}},{"type":"Feature","geometry":{"type":"Point","coordinates":[-82.039398,33.466499]},"properties":{"icao_code":"KDNL","name":"","location":"","country":""}},{"type":"Feature","geometry":{"type":"Point","coordinates":[-75.466003,39.129501]},"properties":{"icao_code":"KDOV","name":"","location":"","country":""}},{"type":"Feature","geometry":{"type":"Point","coordinates":[-88.248596,41.907799]},"properties":{"icao_code":"KDPA","name":"","location":"","country":""}},{"type":"Feature","geometry":{"type":"Point","coordinates":[-116.032997,36.6194]},"properties":{"icao_code":"KDRA","name":"","location":"","country":""}},{"type":"Feature","geometry":{"type":"Point","coordinates":[-93.339897,30.831699]},"properties":{"icao_code":"KDRI","name":"","location":"","country":""}},{"type":"Feature","geometry":{"type":"Point","coordinates":[-107.753998,37.151501]},"properties":{"icao_code":"KDRO","name":"","location":"","country":""}},{"type":"Feature","geometry":{"type":"Point","coordinates":[-100.927002,29.374201]},"properties":{"icao_code":"KDRT","name":"","location":"","country":""}},{"type":"Feature","geometry":{"type":"Point","coordinates":[-93.663101,41.534]},"properties":{"icao_code":"KDSM","name":"","location":"","country":""}},{"type":"Feature","geometry":{"type":"Point","coordinates":[-86.471497,30.400101]},"properties":{"icao_code":"KDTS","name":"","location":"","country":""}},{"type":"Feature","geometry":{"type":"Point","coordinates":[-83.353786,42.21377]},"properties":{"icao_code":"KDTW","name":"","location":"","country":""}},{"type":"Feature","geometry":{"type":"Point","coordinates":[-96.395072,33.939675]},"properties":{"icao_code":"KDUA","name":"","location":"","country":""}},{"type":"Feature","geometry":{"type":"Point","coordinates":[-109.603996,31.469]},"properties":{"icao_code":"KDUG","name":"","location":"","country":""}},{"type":"Feature","geometry":{"type":"Point","coordinates":[-78.898697,41.178299]},"properties":{"icao_code":"KDUJ","name":"","location":"","country":""}},{"type":"Feature","geometry":{"type":"Point","coordinates":[-98.908796,48.115454]},"properties":{"icao_code":"KDVL","name":"","location":"","country":""}},{"type":"Feature","geometry":{"type":"Point","coordinates":[-73.482227,41.371656]},"properties":{"icao_code":"KDXR","name":"","location":"","country":""}},{"type":"Feature","geometry":{"type":"Point","coordinates":[-99.854599,32.420799]},"properties":{"icao_code":"KDYS","name":"","location":"","country":""}},{"type":"Feature","geometry":{"type":"Point","coordinates":[-99.006798,40.727001]},"properties":{"icao_code":"KEAR","name":"","location":"","country":""}},{"type":"Feature","geometry":{"type":"Point","coordinates":[-120.207001,47.398899]},"properties":{"icao_code":"KEAT","name":"","location":"","country":""}},{"type":"Feature","geometry":{"type":"Point","coordinates":[-91.484299,44.865799]},"properties":{"icao_code":"KEAU","name":"","location":"","country":""}},{"type":"Feature","geometry":{"type":"Point","coordinates":[-76.174599,36.260601]},"properties":{"icao_code":"KECG","name":"","location":"","country":""}},{"type":"Feature","geometry":{"type":"Point","coordinates":[-85.795414,30.357106]},"properties":{"icao_code":"KECP","name":"","location":"","country":""}},{"type":"Feature","geometry":{"type":"Point","coordinates":[-117.884003,34.905399]},"properties":{"icao_code":"KEDW","name":"","location":"","country":""}},{"type":"Feature","geometry":{"type":"Point","coordinates":[-114.623001,34.7663]},"properties":{"icao_code":"KEED","name":"","location":"","country":""}},{"type":"Feature","geometry":{"type":"Point","coordinates":[-72.270798,42.898399]},"properties":{"icao_code":"KEEN","name":"","location":"","country":""}},{"type":"Feature","geometry":{"type":"Point","coordinates":[-95.158798,29.6073]},"properties":{"icao_code":"KEFD","name":"","location":"","country":""}},{"type":"Feature","geometry":{"type":"Point","coordinates":[-106.917999,39.642601]},"properties":{"icao_code":"KEGE","name":"","location":"","country":""}},{"type":"Feature","geometry":{"type":"Point","coordinates":[-86.522903,30.6504]},"properties":{"icao_code":"KEGI","name":"","location":"","country":""}},{"type":"Feature","geometry":{"type":"Point","coordinates":[-124.112999,40.803398]},"properties":{"icao_code":"KEKA","name":"","location":"","country":""}},{"type":"Feature","geometry":{"type":"Point","coordinates":[-79.857651,38.889759]},"properties":{"icao_code":"KEKN","name":"","location":"","country":""}},{"type":"Feature","geometry":{"type":"Point","coordinates":[-115.792,40.824902]},"properties":{"icao_code":"KEKO","name":"","location":"","country":""}},{"type":"Feature","geometry":{"type":"Point","coordinates":[-92.813301,33.221001]},"properties":{"icao_code":"KELD","name":"","location":"","country":""}},{"type":"Feature","geometry":{"type":"Point","coordinates":[-76.891602,42.159901]},"properties":{"icao_code":"KELM","name":"","location":"","country":""}},{"type":"Feature","geometry":{"type":"Point","coordinates":[-91.830704,47.824501]},"properties":{"icao_code":"KELO","name":"","location":"","country":""}},{"type":"Feature","geometry":{"type":"Point","coordinates":[-106.377998,31.807199]},"properties":{"icao_code":"KELP","name":"","location":"","country":""}},{"type":"Feature","geometry":{"type":"Point","coordinates":[-114.842003,39.299702]},"properties":{"icao_code":"KELY","name":"","location":"","country":""}},{"type":"Feature","geometry":{"type":"Point","coordinates":[-97.916496,36.339199]},"properties":{"icao_code":"KEND","name":"","location":"","country":""}},{"type":"Feature","geometry":{"type":"Point","coordinates":[-114.030998,40.7187]},"properties":{"icao_code":"KENV","name":"","location":"","country":""}},{"type":"Feature","geometry":{"type":"Point","coordinates":[-87.927803,42.595699]},"properties":{"icao_code":"KENW","name":"","location":"","country":""}},{"type":"Feature","geometry":{"type":"Point","coordinates":[-80.173867,42.083127]},"properties":{"icao_code":"KERI","name":"","location":"","country":""}},{"type":"Feature","geometry":{"type":"Point","coordinates":[-87.088623,45.723199]},"properties":{"icao_code":"KESC","name":"","location":"","country":""}},{"type":"Feature","geometry":{"type":"Point","coordinates":[-92.294082,31.394266]},"properties":{"icao_code":"KESF","name":"","location":"","country":""}},{"type":"Feature","geometry":{"type":"Point","coordinates":[-123.211998,44.124599]},"properties":{"icao_code":"KEUG","name":"","location":"","country":""}},{"type":"Feature","geometry":{"type":"Point","coordinates":[-87.532402,38.036999]},"properties":{"icao_code":"KEVV","name":"","location":"","country":""}},{"type":"Feature","geometry":{"type":"Point","coordinates":[-111.035004,41.274799]},"properties":{"icao_code":"KEVW","name":"","location":"","country":""}},{"type":"Feature","geometry":{"type":"Point","coordinates":[-70.956902,41.676102]},"properties":{"icao_code":"KEWB","name":"","location":"","country":""}},{"type":"Feature","geometry":{"type":"Point","coordinates":[-77.0429,35.073002]},"properties":{"icao_code":"KEWN","name":"","location":"","country":""}},{"type":"Feature","geometry":{"type":"Point","coordinates":[-74.168701,40.692501]},"properties":{"icao_code":"KEWR","name":"","location":"","country":""}},{"type":"Feature","geometry":{"type":"Point","coordinates":[-81.759598,24.556101]},"properties":{"icao_code":"KEYW","name":"","location":"","country":""}},{"type":"Feature","geometry":{"type":"Point","coordinates":[-76.608803,37.1325]},"properties":{"icao_code":"KFAF","name":"","location":"","country":""}},{"type":"Feature","geometry":{"type":"Point","coordinates":[-96.815804,46.9207]},"properties":{"icao_code":"KFAR","name":"","location":"","country":""}},{"type":"Feature","geometry":{"type":"Point","coordinates":[-119.718002,36.776199]},"properties":{"icao_code":"KFAT","name":"","location":"","country":""}},{"type":"Feature","geometry":{"type":"Point","coordinates":[-78.880302,34.991199]},"properties":{"icao_code":"KFAY","name":"","location":"","country":""}},{"type":"Feature","geometry":{"type":"Point","coordinates":[-78.936699,35.131802]},"properties":{"icao_code":"KFBG","name":"","location":"","country":""}},{"type":"Feature","geometry":{"type":"Point","coordinates":[-104.757004,38.678398]},"properties":{"icao_code":"KFCS","name":"","location":"","country":""}},{"type":"Feature","geometry":{"type":"Point","coordinates":[-83.668701,41.0135]},"properties":{"icao_code":"KFDY","name":"","location":"","country":""}},{"type":"Feature","geometry":{"type":"Point","coordinates":[-84.048302,39.826099]},"properties":{"icao_code":"KFFO","name":"","location":"","country":""}},{"type":"Feature","geometry":{"type":"Point","coordinates":[-123.024645,48.523654]},"properties":{"icao_code":"KFHR","name":"","location":"","country":""}},{"type":"Feature","geometry":{"type":"Point","coordinates":[-110.348225,31.587383]},"properties":{"icao_code":"KFHU","name":"","location":"","country":""}},{"type":"Feature","geometry":{"type":"Point","coordinates":[-79.860397,41.377899]},"properties":{"icao_code":"KFKL","name":"","location":"","country":""}},{"type":"Feature","geometry":{"type":"Point","coordinates":[-111.670998,35.1385]},"properties":{"icao_code":"KFLG","name":"","location":"","country":""}},{"type":"Feature","geometry":{"type":"Point","coordinates":[-80.152702,26.072599]},"properties":{"icao_code":"KFLL","name":"","location":"","country":""}},{"type":"Feature","geometry":{"type":"Point","coordinates":[-79.7239,34.185398]},"properties":{"icao_code":"KFLO","name":"","location":"","country":""}},{"type":"Feature","geometry":{"type":"Point","coordinates":[-76.759399,39.0854]},"properties":{"icao_code":"KFME","name":"","location":"","country":""}},{"type":"Feature","geometry":{"type":"Point","coordinates":[-108.230003,36.741199]},"properties":{"icao_code":"KFMN","name":"","location":"","country":""}},{"type":"Feature","geometry":{"type":"Point","coordinates":[-81.863297,26.586599]},"properties":{"icao_code":"KFMY","name":"","location":"","country":""}},{"type":"Feature","geometry":{"type":"Point","coordinates":[-105.011272,40.44969]},"properties":{"icao_code":"KFNL","name":"","location":"","country":""}},{"type":"Feature","geometry":{"type":"Point","coordinates":[-83.743599,42.965401]},"properties":{"icao_code":"KFNT","name":"","location":"","country":""}},{"type":"Feature","geometry":{"type":"Point","coordinates":[-94.191237,42.552624]},"properties":{"icao_code":"KFOD","name":"","location":"","country":""}},{"type":"Feature","geometry":{"type":"Point","coordinates":[-95.663597,38.950901]},"properties":{"icao_code":"KFOE","name":"","location":"","country":""}},{"type":"Feature","geometry":{"type":"Point","coordinates":[-80.368301,27.4951]},"properties":{"icao_code":"KFPR","name":"","location":"","country":""}},{"type":"Feature","geometry":{"type":"Point","coordinates":[-73.413399,40.728802]},"properties":{"icao_code":"KFRG","name":"","location":"","country":""}},{"type":"Feature","geometry":{"type":"Point","coordinates":[-96.764202,39.053021]},"properties":{"icao_code":"KFRI","name":"","location":"","country":""}},{"type":"Feature","geometry":{"type":"Point","coordinates":[-96.741152,43.585463]},"properties":{"icao_code":"KFSD","name":"","location":"","country":""}},{"type":"Feature","geometry":{"type":"Point","coordinates":[-98.402199,34.649799]},"properties":{"icao_code":"KFSI","name":"","location":"","country":""}},{"type":"Feature","geometry":{"type":"Point","coordinates":[-94.367401,35.336601]},"properties":{"icao_code":"KFSM","name":"","location":"","country":""}},{"type":"Feature","geometry":{"type":"Point","coordinates":[-102.916,30.915701]},"properties":{"icao_code":"KFST","name":"","location":"","country":""}},{"type":"Feature","geometry":{"type":"Point","coordinates":[-85.972099,37.907101]},"properties":{"icao_code":"KFTK","name":"","location":"","country":""}},{"type":"Feature","geometry":{"type":"Point","coordinates":[-97.362396,32.819801]},"properties":{"icao_code":"KFTW","name":"","location":"","country":""}},{"type":"Feature","geometry":{"type":"Point","coordinates":[-84.5214,33.779099]},"properties":{"icao_code":"KFTY","name":"","location":"","country":""}},{"type":"Feature","geometry":{"type":"Point","coordinates":[-85.195099,40.9785]},"properties":{"icao_code":"KFWA","name":"","location":"","country":""}},{"type":"Feature","geometry":{"type":"Point","coordinates":[-80.1707,26.1973]},"properties":{"icao_code":"KFXE","name":"","location":"","country":""}},{"type":"Feature","geometry":{"type":"Point","coordinates":[-94.170097,36.0051]},"properties":{"icao_code":"KFYV","name":"","location":"","country":""}},{"type":"Feature","geometry":{"type":"Point","coordinates":[72.977798,40.944401]},"properties":{"icao_code":"UCFD","name":"","location":"","country":""}},{"type":"Feature","geometry":{"type":"Point","coordinates":[-105.539001,44.3489]},"properties":{"icao_code":"KGCC","name":"","location":"","country":""}},{"type":"Feature","geometry":{"type":"Point","coordinates":[-100.723999,37.927502]},"properties":{"icao_code":"KGCK","name":"","location":"","country":""}},{"type":"Feature","geometry":{"type":"Point","coordinates":[-112.147003,35.9524]},"properties":{"icao_code":"KGCN","name":"","location":"","country":""}},{"type":"Feature","geometry":{"type":"Point","coordinates":[-104.80691,47.137658]},"properties":{"icao_code":"KGDV","name":"","location":"","country":""}},{"type":"Feature","geometry":{"type":"Point","coordinates":[-117.533997,47.6199]},"properties":{"icao_code":"KGEG","name":"","location":"","country":""}},{"type":"Feature","geometry":{"type":"Point","coordinates":[-97.176102,47.949299]},"properties":{"icao_code":"KGFK","name":"","location":"","country":""}},{"type":"Feature","geometry":{"type":"Point","coordinates":[-73.610298,43.341202]},"properties":{"icao_code":"KGFL","name":"","location":"","country":""}},{"type":"Feature","geometry":{"type":"Point","coordinates":[-94.711502,32.383999]},"properties":{"icao_code":"KGGG","name":"","location":"","country":""}},{"type":"Feature","geometry":{"type":"Point","coordinates":[-106.614998,48.212502]},"properties":{"icao_code":"KGGW","name":"","location":"","country":""}},{"type":"Feature","geometry":{"type":"Point","coordinates":[-108.529387,39.126663]},"properties":{"icao_code":"KGJT","name":"","location":"","country":""}},{"type":"Feature","geometry":{"type":"Point","coordinates":[-101.699753,39.370701]},"properties":{"icao_code":"KGLD","name":"","location":"","country":""}},{"type":"Feature","geometry":{"type":"Point","coordinates":[-90.985603,33.482899]},"properties":{"icao_code":"KGLH","name":"","location":"","country":""}},{"type":"Feature","geometry":{"type":"Point","coordinates":[-94.860397,29.265301]},"properties":{"icao_code":"KGLS","name":"","location":"","country":""}},{"type":"Feature","geometry":{"type":"Point","coordinates":[-82.350217,34.847903]},"properties":{"icao_code":"KGMU","name":"","location":"","country":""}},{"type":"Feature","geometry":{"type":"Point","coordinates":[-82.271797,29.6901]},"properties":{"icao_code":"KGNV","name":"","location":"","country":""}},{"type":"Feature","geometry":{"type":"Point","coordinates":[-72.045097,41.330101]},"properties":{"icao_code":"KGON","name":"","location":"","country":""}},{"type":"Feature","geometry":{"type":"Point","coordinates":[-114.255997,48.310501]},"properties":{"icao_code":"KGPI","name":"","location":"","country":""}},{"type":"Feature","geometry":{"type":"Point","coordinates":[-89.070099,30.407301]},"properties":{"icao_code":"KGPT","name":"","location":"","country":""}},{"type":"Feature","geometry":{"type":"Point","coordinates":[-88.130805,44.483459]},"properties":{"icao_code":"KGRB","name":"","location":"","country":""}},{"type":"Feature","geometry":{"type":"Point","coordinates":[-122.581001,47.079201]},"properties":{"icao_code":"KGRF","name":"","location":"","country":""}},{"type":"Feature","geometry":{"type":"Point","coordinates":[-98.309601,40.967499]},"properties":{"icao_code":"KGRI","name":"","location":"","country":""}},{"type":"Feature","geometry":{"type":"Point","coordinates":[-97.828903,31.0672]},"properties":{"icao_code":"KGRK","name":"","location":"","country":""}},{"type":"Feature","geometry":{"type":"Point","coordinates":[-85.522797,42.880798]},"properties":{"icao_code":"KGRR","name":"","location":"","country":""}},{"type":"Feature","geometry":{"type":"Point","coordinates":[-77.960602,35.339401]},"properties":{"icao_code":"KGSB","name":"","location":"","country":""}},{"type":"Feature","geometry":{"type":"Point","coordinates":[-79.937302,36.097801]},"properties":{"icao_code":"KGSO","name":"","location":"","country":""}},{"type":"Feature","geometry":{"type":"Point","coordinates":[-82.218903,34.895699]},"properties":{"icao_code":"KGSP","name":"","location":"","country":""}},{"type":"Feature","geometry":{"type":"Point","coordinates":[-111.371002,47.481998]},"properties":{"icao_code":"KGTF","name":"","location":"","country":""}},{"type":"Feature","geometry":{"type":"Point","coordinates":[-88.5914,33.450298]},"properties":{"icao_code":"KGTR","name":"","location":"","country":""}},{"type":"Feature","geometry":{"type":"Point","coordinates":[-106.934566,38.534672]},"properties":{"icao_code":"KGUC","name":"","location":"","country":""}},{"type":"Feature","geometry":{"type":"Point","coordinates":[-108.788166,35.511653]},"properties":{"icao_code":"KGUP","name":"","location":"","country":""}},{"type":"Feature","geometry":{"type":"Point","coordinates":[-86.1521,40.648102]},"properties":{"icao_code":"KGUS","name":"","location":"","country":""}},{"type":"Feature","geometry":{"type":"Point","coordinates":[-101.508003,36.685101]},"properties":{"icao_code":"KGUY","name":"","location":"","country":""}},{"type":"Feature","geometry":{"type":"Point","coordinates":[-90.088204,33.495025]},"properties":{"icao_code":"KGWO","name":"","location":"","country":""}},{"type":"Feature","geometry":{"type":"Point","coordinates":[-96.673698,33.7141]},"properties":{"icao_code":"KGYI","name":"","location":"","country":""}},{"type":"Feature","geometry":{"type":"Point","coordinates":[-89.2528,31.264799]},"properties":{"icao_code":"KHBG","name":"","location":"","country":""}},{"type":"Feature","geometry":{"type":"Point","coordinates":[-99.051313,34.991317]},"properties":{"icao_code":"KHBR","name":"","location":"","country":""}},{"type":"Feature","geometry":{"type":"Point","coordinates":[-107.218002,40.481201]},"properties":{"icao_code":"KHDN","name":"","location":"","country":""}},{"type":"Feature","geometry":{"type":"Point","coordinates":[-77.515404,38.721401]},"properties":{"icao_code":"KHEF","name":"","location":"","country":""}},{"type":"Feature","geometry":{"type":"Point","coordinates":[-72.649399,41.736698]},"properties":{"icao_code":"KHFD","name":"","location":"","country":""}},{"type":"Feature","geometry":{"type":"Point","coordinates":[-77.728014,39.708771]},"properties":{"icao_code":"KHGR","name":"","location":"","country":""}},{"type":"Feature","geometry":{"type":"Point","coordinates":[-118.334999,33.922798]},"properties":{"icao_code":"KHHR","name":"","location":"","country":""}},{"type":"Feature","geometry":{"type":"Point","coordinates":[-92.836905,47.384831]},"properties":{"icao_code":"KHIB","name":"","location":"","country":""}},{"type":"Feature","geometry":{"type":"Point","coordinates":[-111.973086,41.12403]},"properties":{"icao_code":"KHIF","name":"","location":"","country":""}},{"type":"Feature","geometry":{"type":"Point","coordinates":[-114.358002,34.571098]},"properties":{"icao_code":"KHII","name":"","location":"","country":""}},{"type":"Feature","geometry":{"type":"Point","coordinates":[-122.949997,45.540401]},"properties":{"icao_code":"KHIO","name":"","location":"","country":""}},{"type":"Feature","geometry":{"type":"Point","coordinates":[-81.389503,35.7411]},"properties":{"icao_code":"KHKY","name":"","location":"","country":""}},{"type":"Feature","geometry":{"type":"Point","coordinates":[-80.646301,40.174999]},"properties":{"icao_code":"KHLG","name":"","location":"","country":""}},{"type":"Feature","geometry":{"type":"Point","coordinates":[-111.983002,46.6068]},"properties":{"icao_code":"KHLN","name":"","location":"","country":""}},{"type":"Feature","geometry":{"type":"Point","coordinates":[-106.107002,32.852501]},"properties":{"icao_code":"KHMN","name":"","location":"","country":""}},{"type":"Feature","geometry":{"type":"Point","coordinates":[-103.217003,32.6875]},"properties":{"icao_code":"KHOB","name":"","location":"","country":""}},{"type":"Feature","geometry":{"type":"Point","coordinates":[-98.2285,44.385201]},"properties":{"icao_code":"KHON","name":"","location":"","country":""}},{"type":"Feature","geometry":{"type":"Point","coordinates":[-87.48974,36.674154]},"properties":{"icao_code":"KHOP","name":"","location":"","country":""}},{"type":"Feature","geometry":{"type":"Point","coordinates":[-93.096262,34.4788]},"properties":{"icao_code":"KHOT","name":"","location":"","country":""}},{"type":"Feature","geometry":{"type":"Point","coordinates":[-95.2789,29.645399]},"properties":{"icao_code":"KHOU","name":"","location":"","country":""}},{"type":"Feature","geometry":{"type":"Point","coordinates":[-73.707603,41.067001]},"properties":{"icao_code":"KHPN","name":"","location":"","country":""}},{"type":"Feature","geometry":{"type":"Point","coordinates":[-123.936996,46.971199]},"properties":{"icao_code":"KHQM","name":"","location":"","country":""}},{"type":"Feature","geometry":{"type":"Point","coordinates":[-97.654404,26.2285]},"properties":{"icao_code":"KHRL","name":"","location":"","country":""}},{"type":"Feature","geometry":{"type":"Point","coordinates":[-93.154701,36.261501]},"properties":{"icao_code":"KHRO","name":"","location":"","country":""}},{"type":"Feature","geometry":{"type":"Point","coordinates":[-80.383598,25.4886]},"properties":{"icao_code":"KHST","name":"","location":"","country":""}},{"type":"Feature","geometry":{"type":"Point","coordinates":[-86.775101,34.637199]},"properties":{"icao_code":"KHSV","name":"","location":"","country":""}},{"type":"Feature","geometry":{"type":"Point","coordinates":[-82.557999,38.366699]},"properties":{"icao_code":"KHTS","name":"","location":"","country":""}},{"type":"Feature","geometry":{"type":"Point","coordinates":[-86.684799,34.678699]},"properties":{"icao_code":"KHUA","name":"","location":"","country":""}},{"type":"Feature","geometry":{"type":"Point","coordinates":[-67.792099,46.1231]},"properties":{"icao_code":"KHUL","name":"","location":"","country":""}},{"type":"Feature","geometry":{"type":"Point","coordinates":[-97.860603,38.065498]},"properties":{"icao_code":"KHUT","name":"","location":"","country":""}},{"type":"Feature","geometry":{"type":"Point","coordinates":[-72.886803,41.263699]},"properties":{"icao_code":"KHVN","name":"","location":"","country":""}},{"type":"Feature","geometry":{"type":"Point","coordinates":[-109.762859,48.541387]},"properties":{"icao_code":"KHVR","name":"","location":"","country":""}},{"type":"Feature","geometry":{"type":"Point","coordinates":[-80.697502,32.2244]},"properties":{"icao_code":"KHXD","name":"","location":"","country":""}},{"type":"Feature","geometry":{"type":"Point","coordinates":[-70.280403,41.6693]},"properties":{"icao_code":"KHYA","name":"","location":"","country":""}},{"type":"Feature","geometry":{"type":"Point","coordinates":[-91.444298,46.0252]},"properties":{"icao_code":"KHYR","name":"","location":"","country":""}},{"type":"Feature","geometry":{"type":"Point","coordinates":[-99.273148,38.844521]},"properties":{"icao_code":"KHYS","name":"","location":"","country":""}},{"type":"Feature","geometry":{"type":"Point","coordinates":[-80.695503,41.778]},"properties":{"icao_code":"KHZY","name":"","location":"","country":""}},{"type":"Feature","geometry":{"type":"Point","coordinates":[-97.268204,37.621899]},"properties":{"icao_code":"KIAB","name":"","location":"","country":""}},{"type":"Feature","geometry":{"type":"Point","coordinates":[-77.455803,38.9445]},"properties":{"icao_code":"KIAD","name":"","location":"","country":""}},{"type":"Feature","geometry":{"type":"Point","coordinates":[-78.946198,43.1073]},"properties":{"icao_code":"KIAG","name":"","location":"","country":""}},{"type":"Feature","geometry":{"type":"Point","coordinates":[-95.3414,29.9844]},"properties":{"icao_code":"KIAH","name":"","location":"","country":""}},{"type":"Feature","geometry":{"type":"Point","coordinates":[-97.433098,37.649899]},"properties":{"icao_code":"KICT","name":"","location":"","country":""}},{"type":"Feature","geometry":{"type":"Point","coordinates":[-112.070999,43.514599]},"properties":{"icao_code":"KIDA","name":"","location":"","country":""}},{"type":"Feature","geometry":{"type":"Point","coordinates":[-114.559998,35.157398]},"properties":{"icao_code":"KIFP","name":"","location":"","country":""}},{"type":"Feature","geometry":{"type":"Point","coordinates":[-113.938004,35.259499]},"properties":{"icao_code":"KIGM","name":"","location":"","country":""}},{"type":"Feature","geometry":{"type":"Point","coordinates":[-87.846298,41.0714]},"properties":{"icao_code":"KIKK","name":"","location":"","country":""}},{"type":"Feature","geometry":{"type":"Point","coordinates":[-75.606499,39.678699]},"properties":{"icao_code":"KILG","name":"","location":"","country":""}},{"type":"Feature","geometry":{"type":"Point","coordinates":[-77.902603,34.270599]},"properties":{"icao_code":"KILM","name":"","location":"","country":""}},{"type":"Feature","geometry":{"type":"Point","coordinates":[-83.792099,39.427898]},"properties":{"icao_code":"KILN","name":"","location":"","country":""}},{"type":"Feature","geometry":{"type":"Point","coordinates":[-88.114557,45.81911]},"properties":{"icao_code":"KIMT","name":"","location":"","country":""}},{"type":"Feature","geometry":{"type":"Point","coordinates":[-86.294403,39.7173]},"properties":{"icao_code":"KIND","name":"","location":"","country":""}},{"type":"Feature","geometry":{"type":"Point","coordinates":[-103.200996,31.7796]},"properties":{"icao_code":"KINK","name":"","location":"","country":""}},{"type":"Feature","geometry":{"type":"Point","coordinates":[-93.403099,48.5662]},"properties":{"icao_code":"KINL","name":"","location":"","country":""}},{"type":"Feature","geometry":{"type":"Point","coordinates":[-80.222,36.133701]},"properties":{"icao_code":"KINT","name":"","location":"","country":""}},{"type":"Feature","geometry":{"type":"Point","coordinates":[-110.723,35.0219]},"properties":{"icao_code":"KINW","name":"","location":"","country":""}},{"type":"Feature","geometry":{"type":"Point","coordinates":[-115.574026,32.83539]},"properties":{"icao_code":"KIPL","name":"","location":"","country":""}},{"type":"Feature","geometry":{"type":"Point","coordinates":[-76.92245,41.242126]},"properties":{"icao_code":"KIPT","name":"","location":"","country":""}},{"type":"Feature","geometry":{"type":"Point","coordinates":[-92.544899,40.093498]},"properties":{"icao_code":"KIRK","name":"","location":"","country":""}},{"type":"Feature","geometry":{"type":"Point","coordinates":[-81.437103,28.289801]},"properties":{"icao_code":"KISM","name":"","location":"","country":""}},{"type":"Feature","geometry":{"type":"Point","coordinates":[-77.608803,35.331402]},"properties":{"icao_code":"KISO","name":"","location":"","country":""}},{"type":"Feature","geometry":{"type":"Point","coordinates":[-73.100197,40.7952]},"properties":{"icao_code":"KISP","name":"","location":"","country":""}},{"type":"Feature","geometry":{"type":"Point","coordinates":[-76.458397,42.491001]},"properties":{"icao_code":"KITH","name":"","location":"","country":""}},{"type":"Feature","geometry":{"type":"Point","coordinates":[-111.654999,33.3078]},"properties":{"icao_code":"KIWA","name":"","location":"","country":""}},{"type":"Feature","geometry":{"type":"Point","coordinates":[-110.737999,43.6073]},"properties":{"icao_code":"KJAC","name":"","location":"","country":""}},{"type":"Feature","geometry":{"type":"Point","coordinates":[-90.075897,32.311199]},"properties":{"icao_code":"KJAN","name":"","location":"","country":""}},{"type":"Feature","geometry":{"type":"Point","coordinates":[-81.687813,30.492469]},"properties":{"icao_code":"KJAX","name":"","location":"","country":""}},{"type":"Feature","geometry":{"type":"Point","coordinates":[-90.6464,35.831699]},"properties":{"icao_code":"KJBR","name":"","location":"","country":""}},{"type":"Feature","geometry":{"type":"Point","coordinates":[-99.763496,30.511299]},"properties":{"icao_code":"KJCT","name":"","location":"","country":""}},{"type":"Feature","geometry":{"type":"Point","coordinates":[-73.779317,40.639447]},"properties":{"icao_code":"KJFK","name":"","location":"","country":""}},{"type":"Feature","geometry":{"type":"Point","coordinates":[-79.254008,42.15425]},"properties":{"icao_code":"KJHW","name":"","location":"","country":""}},{"type":"Feature","geometry":{"type":"Point","coordinates":[-94.498299,37.151798]},"properties":{"icao_code":"KJLN","name":"","location":"","country":""}},{"type":"Feature","geometry":{"type":"Point","coordinates":[-98.6782,46.929699]},"properties":{"icao_code":"KJMS","name":"","location":"","country":""}},{"type":"Feature","geometry":{"type":"Point","coordinates":[-80.709099,35.387798]},"properties":{"icao_code":"KJQF","name":"","location":"","country":""}},{"type":"Feature","geometry":{"type":"Point","coordinates":[-78.8339,40.316101]},"properties":{"icao_code":"KJST","name":"","location":"","country":""}},{"type":"Feature","geometry":{"type":"Point","coordinates":[-84.463019,42.260509]},"properties":{"icao_code":"KJXN","name":"","location":"","country":""}},{"type":"Feature","geometry":{"type":"Point","coordinates":[-122.898003,46.118]},"properties":{"icao_code":"KKLS","name":"","location":"","country":""}},{"type":"Feature","geometry":{"type":"Point","coordinates":[-102.691373,38.066407]},"properties":{"icao_code":"KLAA","name":"","location":"","country":""}},{"type":"Feature","geometry":{"type":"Point","coordinates":[-86.939363,40.412875]},"properties":{"icao_code":"KLAF","name":"","location":"","country":""}},{"type":"Feature","geometry":{"type":"Point","coordinates":[-82.018776,27.987656]},"properties":{"icao_code":"KLAL","name":"","location":"","country":""}},{"type":"Feature","geometry":{"type":"Point","coordinates":[-84.587402,42.778702]},"properties":{"icao_code":"KLAN","name":"","location":"","country":""}},{"type":"Feature","geometry":{"type":"Point","coordinates":[-105.675003,41.312099]},"properties":{"icao_code":"KLAR","name":"","location":"","country":""}},{"type":"Feature","geometry":{"type":"Point","coordinates":[-115.151817,36.083361]},"properties":{"icao_code":"KLAS","name":"","location":"","country":""}},{"type":"Feature","geometry":{"type":"Point","coordinates":[-98.416603,34.567699]},"properties":{"icao_code":"KLAW","name":"","location":"","country":""}},{"type":"Feature","geometry":{"type":"Point","coordinates":[-118.407997,33.942501]},"properties":{"icao_code":"KLAX","name":"","location":"","country":""}},{"type":"Feature","geometry":{"type":"Point","coordinates":[-101.822998,33.663601]},"properties":{"icao_code":"KLBB","name":"","location":"","country":""}},{"type":"Feature","geometry":{"type":"Point","coordinates":[-79.4048,40.275902]},"properties":{"icao_code":"KLBE","name":"","location":"","country":""}},{"type":"Feature","geometry":{"type":"Point","coordinates":[-100.683998,41.126202]},"properties":{"icao_code":"KLBF","name":"","location":"","country":""}},{"type":"Feature","geometry":{"type":"Point","coordinates":[-100.959999,37.044201]},"properties":{"icao_code":"KLBL","name":"","location":"","country":""}},{"type":"Feature","geometry":{"type":"Point","coordinates":[-79.05943,34.610773]},"properties":{"icao_code":"KLBT","name":"","location":"","country":""}},{"type":"Feature","geometry":{"type":"Point","coordinates":[-95.462097,29.108601]},"properties":{"icao_code":"KLBX","name":"","location":"","country":""}},{"type":"Feature","geometry":{"type":"Point","coordinates":[-93.223297,30.126101]},"properties":{"icao_code":"KLCH","name":"","location":"","country":""}},{"type":"Feature","geometry":{"type":"Point","coordinates":[-82.927803,39.813801]},"properties":{"icao_code":"KLCK","name":"","location":"","country":""}},{"type":"Feature","geometry":{"type":"Point","coordinates":[-72.304199,43.626099]},"properties":{"icao_code":"KLEB","name":"","location":"","country":""}},{"type":"Feature","geometry":{"type":"Point","coordinates":[-81.808701,28.823099]},"properties":{"icao_code":"KLEE","name":"","location":"","country":""}},{"type":"Feature","geometry":{"type":"Point","coordinates":[-84.605904,38.036499]},"properties":{"icao_code":"KLEX","name":"","location":"","country":""}},{"type":"Feature","geometry":{"type":"Point","coordinates":[-76.360497,37.082901]},"properties":{"icao_code":"KLFI","name":"","location":"","country":""}},{"type":"Feature","geometry":{"type":"Point","coordinates":[-94.75,31.233999]},"properties":{"icao_code":"KLFK","name":"","location":"","country":""}},{"type":"Feature","geometry":{"type":"Point","coordinates":[-91.987602,30.205299]},"properties":{"icao_code":"KLFT","name":"","location":"","country":""}},{"type":"Feature","geometry":{"type":"Point","coordinates":[-73.872597,40.777199]},"properties":{"icao_code":"KLGA","name":"","location":"","country":""}},{"type":"Feature","geometry":{"type":"Point","coordinates":[-118.149891,33.816523]},"properties":{"icao_code":"KLGB","name":"","location":"","country":""}},{"type":"Feature","geometry":{"type":"Point","coordinates":[-111.851997,41.791199]},"properties":{"icao_code":"KLGU","name":"","location":"","country":""}},{"type":"Feature","geometry":{"type":"Point","coordinates":[-92.223728,34.729582]},"properties":{"icao_code":"KLIT","name":"","location":"","country":""}},{"type":"Feature","geometry":{"type":"Point","coordinates":[-121.733002,42.156101]},"properties":{"icao_code":"KLMT","name":"","location":"","country":""}},{"type":"Feature","geometry":{"type":"Point","coordinates":[-108.730003,42.815201]},"properties":{"icao_code":"KLND","name":"","location":"","country":""}},{"type":"Feature","geometry":{"type":"Point","coordinates":[-96.759201,40.851002]},"properties":{"icao_code":"KLNK","name":"","location":"","country":""}},{"type":"Feature","geometry":{"type":"Point","coordinates":[-76.296097,40.1217]},"properties":{"icao_code":"KLNS","name":"","location":"","country":""}},{"type":"Feature","geometry":{"type":"Point","coordinates":[-118.565002,40.066399]},"properties":{"icao_code":"KLOL","name":"","location":"","country":""}},{"type":"Feature","geometry":{"type":"Point","coordinates":[-85.663696,38.228001]},"properties":{"icao_code":"KLOU","name":"","location":"","country":""}},{"type":"Feature","geometry":{"type":"Point","coordinates":[-84.0849,37.082199]},"properties":{"icao_code":"KLOZ","name":"","location":"","country":""}},{"type":"Feature","geometry":{"type":"Point","coordinates":[-99.461601,27.5438]},"properties":{"icao_code":"KLRD","name":"","location":"","country":""}},{"type":"Feature","geometry":{"type":"Point","coordinates":[-92.149696,34.916901]},"properties":{"icao_code":"KLRF","name":"","location":"","country":""}},{"type":"Feature","geometry":{"type":"Point","coordinates":[-106.921997,32.289398]},"properties":{"icao_code":"KLRU","name":"","location":"","country":""}},{"type":"Feature","geometry":{"type":"Point","coordinates":[-91.256699,43.879002]},"properties":{"icao_code":"KLSE","name":"","location":"","country":""}},{"type":"Feature","geometry":{"type":"Point","coordinates":[-84.988003,32.332546]},"properties":{"icao_code":"KLSF","name":"","location":"","country":""}},{"type":"Feature","geometry":{"type":"Point","coordinates":[-115.033997,36.236198]},"properties":{"icao_code":"KLSV","name":"","location":"","country":""}},{"type":"Feature","geometry":{"type":"Point","coordinates":[-99.266701,34.667099]},"properties":{"icao_code":"KLTS","name":"","location":"","country":""}},{"type":"Feature","geometry":{"type":"Point","coordinates":[-112.383003,33.535]},"properties":{"icao_code":"KLUF","name":"","location":"","country":""}},{"type":"Feature","geometry":{"type":"Point","coordinates":[-84.418945,39.102357]},"properties":{"icao_code":"KLUK","name":"","location":"","country":""}},{"type":"Feature","geometry":{"type":"Point","coordinates":[-110.447998,45.699402]},"properties":{"icao_code":"KLVM","name":"","location":"","country":""}},{"type":"Feature","geometry":{"type":"Point","coordinates":[-105.141998,35.654202]},"properties":{"icao_code":"KLVS","name":"","location":"","country":""}},{"type":"Feature","geometry":{"type":"Point","coordinates":[-80.400438,37.857914]},"properties":{"icao_code":"KLWB","name":"","location":"","country":""}},{"type":"Feature","geometry":{"type":"Point","coordinates":[-71.123398,42.717201]},"properties":{"icao_code":"KLWM","name":"","location":"","country":""}},{"type":"Feature","geometry":{"type":"Point","coordinates":[-117.014999,46.3745]},"properties":{"icao_code":"KLWS","name":"","location":"","country":""}},{"type":"Feature","geometry":{"type":"Point","coordinates":[-109.466143,47.048429]},"properties":{"icao_code":"KLWT","name":"","location":"","country":""}},{"type":"Feature","geometry":{"type":"Point","coordinates":[-79.200401,37.326698]},"properties":{"icao_code":"KLYH","name":"","location":"","country":""}},{"type":"Feature","geometry":{"type":"Point","coordinates":[-102.202003,31.942499]},"properties":{"icao_code":"KMAF","name":"","location":"","country":""}},{"type":"Feature","geometry":{"type":"Point","coordinates":[-100.407997,45.546501]},"properties":{"icao_code":"KMBG","name":"","location":"","country":""}},{"type":"Feature","geometry":{"type":"Point","coordinates":[-84.082275,43.531913]},"properties":{"icao_code":"KMBS","name":"","location":"","country":""}},{"type":"Feature","geometry":{"type":"Point","coordinates":[-90.471901,31.178499]},"properties":{"icao_code":"KMCB","name":"","location":"","country":""}},{"type":"Feature","geometry":{"type":"Point","coordinates":[-121.401001,38.667599]},"properties":{"icao_code":"KMCC","name":"","location":"","country":""}},{"type":"Feature","geometry":{"type":"Point","coordinates":[-120.514,37.284698]},"properties":{"icao_code":"KMCE","name":"","location":"","country":""}},{"type":"Feature","geometry":{"type":"Point","coordinates":[-82.521202,27.8493]},"properties":{"icao_code":"KMCF","name":"","location":"","country":""}},{"type":"Feature","geometry":{"type":"Point","coordinates":[-94.713898,39.2976]},"properties":{"icao_code":"KMCI","name":"","location":"","country":""}},{"type":"Feature","geometry":{"type":"Point","coordinates":[-100.592794,40.207787]},"properties":{"icao_code":"KMCK","name":"","location":"","country":""}},{"type":"Feature","geometry":{"type":"Point","coordinates":[-83.6492,32.692799]},"properties":{"icao_code":"KMCN","name":"","location":"","country":""}},{"type":"Feature","geometry":{"type":"Point","coordinates":[-81.308998,28.429399]},"properties":{"icao_code":"KMCO","name":"","location":"","country":""}},{"type":"Feature","geometry":{"type":"Point","coordinates":[-93.329716,43.159801]},"properties":{"icao_code":"KMCW","name":"","location":"","country":""}},{"type":"Feature","geometry":{"type":"Point","coordinates":[-89.251999,37.778099]},"properties":{"icao_code":"KMDH","name":"","location":"","country":""}},{"type":"Feature","geometry":{"type":"Point","coordinates":[-76.763397,40.193501]},"properties":{"icao_code":"KMDT","name":"","location":"","country":""}},{"type":"Feature","geometry":{"type":"Point","coordinates":[-87.752403,41.785999]},"properties":{"icao_code":"KMDW","name":"","location":"","country":""}},{"type":"Feature","geometry":{"type":"Point","coordinates":[-88.7519,32.3326]},"properties":{"icao_code":"KMEI","name":"","location":"","country":""}},{"type":"Feature","geometry":{"type":"Point","coordinates":[-89.9767,35.0424]},"properties":{"icao_code":"KMEM","name":"","location":"","country":""}},{"type":"Feature","geometry":{"type":"Point","coordinates":[-120.568001,37.380501]},"properties":{"icao_code":"KMER","name":"","location":"","country":""}},{"type":"Feature","geometry":{"type":"Point","coordinates":[-82.516602,40.8214]},"properties":{"icao_code":"KMFD","name":"","location":"","country":""}},{"type":"Feature","geometry":{"type":"Point","coordinates":[-98.237965,26.176141]},"properties":{"icao_code":"KMFE","name":"","location":"","country":""}},{"type":"Feature","geometry":{"type":"Point","coordinates":[-122.873001,42.374199]},"properties":{"icao_code":"KMFR","name":"","location":"","country":""}},{"type":"Feature","geometry":{"type":"Point","coordinates":[-84.516296,33.915401]},"properties":{"icao_code":"KMGE","name":"","location":"","country":""}},{"type":"Feature","geometry":{"type":"Point","coordinates":[-86.393997,32.300598]},"properties":{"icao_code":"KMGM","name":"","location":"","country":""}},{"type":"Feature","geometry":{"type":"Point","coordinates":[-79.917598,39.643305]},"properties":{"icao_code":"KMGW","name":"","location":"","country":""}},{"type":"Feature","geometry":{"type":"Point","coordinates":[-96.670799,39.140999]},"properties":{"icao_code":"KMHK","name":"","location":"","country":""}},{"type":"Feature","geometry":{"type":"Point","coordinates":[-121.297989,38.554744]},"properties":{"icao_code":"KMHR","name":"","location":"","country":""}},{"type":"Feature","geometry":{"type":"Point","coordinates":[-71.435699,42.932598]},"properties":{"icao_code":"KMHT","name":"","location":"","country":""}},{"type":"Feature","geometry":{"type":"Point","coordinates":[-80.290604,25.7932]},"properties":{"icao_code":"KMIA","name":"","location":"","country":""}},{"type":"Feature","geometry":{"type":"Point","coordinates":[-101.358002,48.4156]},"properties":{"icao_code":"KMIB","name":"","location":"","country":""}},{"type":"Feature","geometry":{"type":"Point","coordinates":[-85.395897,40.242298]},"properties":{"icao_code":"KMIE","name":"","location":"","country":""}},{"type":"Feature","geometry":{"type":"Point","coordinates":[-75.072197,39.367802]},"properties":{"icao_code":"KMIV","name":"","location":"","country":""}},{"type":"Feature","geometry":{"type":"Point","coordinates":[-94.592796,39.123199]},"properties":{"icao_code":"KMKC","name":"","location":"","country":""}},{"type":"Feature","geometry":{"type":"Point","coordinates":[-87.896599,42.947201]},"properties":{"icao_code":"KMKE","name":"","location":"","country":""}},{"type":"Feature","geometry":{"type":"Point","coordinates":[-86.238197,43.169498]},"properties":{"icao_code":"KMKG","name":"","location":"","country":""}},{"type":"Feature","geometry":{"type":"Point","coordinates":[-88.915604,35.599899]},"properties":{"icao_code":"KMKL","name":"","location":"","country":""}},{"type":"Feature","geometry":{"type":"Point","coordinates":[-80.645302,28.1028]},"properties":{"icao_code":"KMLB","name":"","location":"","country":""}},{"type":"Feature","geometry":{"type":"Point","coordinates":[-95.783501,34.882401]},"properties":{"icao_code":"KMLC","name":"","location":"","country":""}},{"type":"Feature","geometry":{"type":"Point","coordinates":[-90.5075,41.448502]},"properties":{"icao_code":"KMLI","name":"","location":"","country":""}},{"type":"Feature","geometry":{"type":"Point","coordinates":[-105.885372,46.427268]},"properties":{"icao_code":"KMLS","name":"","location":"","country":""}},{"type":"Feature","geometry":{"type":"Point","coordinates":[-92.037697,32.510899]},"properties":{"icao_code":"KMLU","name":"","location":"","country":""}},{"type":"Feature","geometry":{"type":"Point","coordinates":[-80.8013,33.920799]},"properties":{"icao_code":"KMMT","name":"","location":"","country":""}},{"type":"Feature","geometry":{"type":"Point","coordinates":[-74.414949,40.799062]},"properties":{"icao_code":"KMMU","name":"","location":"","country":""}},{"type":"Feature","geometry":{"type":"Point","coordinates":[-88.242798,30.6912]},"properties":{"icao_code":"KMOB","name":"","location":"","country":""}},{"type":"Feature","geometry":{"type":"Point","coordinates":[-120.954002,37.625801]},"properties":{"icao_code":"KMOD","name":"","location":"","country":""}},{"type":"Feature","geometry":{"type":"Point","coordinates":[-101.279999,48.259399]},"properties":{"icao_code":"KMOT","name":"","location":"","country":""}},{"type":"Feature","geometry":{"type":"Point","coordinates":[-72.562302,44.203499]},"properties":{"icao_code":"KMPV","name":"","location":"","country":""}},{"type":"Feature","geometry":{"type":"Point","coordinates":[-86.520103,36.008999]},"properties":{"icao_code":"KMQY","name":"","location":"","country":""}},{"type":"Feature","geometry":{"type":"Point","coordinates":[-77.984596,39.401901]},"properties":{"icao_code":"KMRB","name":"","location":"","country":""}},{"type":"Feature","geometry":{"type":"Point","coordinates":[-121.843002,36.587002]},"properties":{"icao_code":"KMRY","name":"","location":"","country":""}},{"type":"Feature","geometry":{"type":"Point","coordinates":[-87.612981,34.745123]},"properties":{"icao_code":"KMSL","name":"","location":"","country":""}},{"type":"Feature","geometry":{"type":"Point","coordinates":[-89.337502,43.1399]},"properties":{"icao_code":"KMSN","name":"","location":"","country":""}},{"type":"Feature","geometry":{"type":"Point","coordinates":[-114.091003,46.916302]},"properties":{"icao_code":"KMSO","name":"","location":"","country":""}},{"type":"Feature","geometry":{"type":"Point","coordinates":[-93.221741,44.880081]},"properties":{"icao_code":"KMSP","name":"","location":"","country":""}},{"type":"Feature","geometry":{"type":"Point","coordinates":[-74.844304,44.936157]},"properties":{"icao_code":"KMSS","name":"","location":"","country":""}},{"type":"Feature","geometry":{"type":"Point","coordinates":[-90.258003,29.993401]},"properties":{"icao_code":"KMSY","name":"","location":"","country":""}},{"type":"Feature","geometry":{"type":"Point","coordinates":[-82.836919,42.613463]},"properties":{"icao_code":"KMTC","name":"","location":"","country":""}},{"type":"Feature","geometry":{"type":"Point","coordinates":[-81.051399,24.726101]},"properties":{"icao_code":"KMTH","name":"","location":"","country":""}},{"type":"Feature","geometry":{"type":"Point","coordinates":[-107.893997,38.5098]},"properties":{"icao_code":"KMTJ","name":"","location":"","country":""}},{"type":"Feature","geometry":{"type":"Point","coordinates":[-76.413803,39.325699]},"properties":{"icao_code":"KMTN","name":"","location":"","country":""}},{"type":"Feature","geometry":{"type":"Point","coordinates":[-76.568661,40.435214]},"properties":{"icao_code":"KMUI","name":"","location":"","country":""}},{"type":"Feature","geometry":{"type":"Point","coordinates":[-115.872002,43.043598]},"properties":{"icao_code":"KMUO","name":"","location":"","country":""}},{"type":"Feature","geometry":{"type":"Point","coordinates":[-89.016568,37.751208]},"properties":{"icao_code":"KMWA","name":"","location":"","country":""}},{"type":"Feature","geometry":{"type":"Point","coordinates":[-119.32,47.207699]},"properties":{"icao_code":"KMWH","name":"","location":"","country":""}},{"type":"Feature","geometry":{"type":"Point","coordinates":[-86.365799,32.3829]},"properties":{"icao_code":"KMXF","name":"","location":"","country":""}},{"type":"Feature","geometry":{"type":"Point","coordinates":[-116.101112,44.888837]},"properties":{"icao_code":"KMYL","name":"","location":"","country":""}},{"type":"Feature","geometry":{"type":"Point","coordinates":[-78.928299,33.679699]},"properties":{"icao_code":"KMYR","name":"","location":"","country":""}},{"type":"Feature","geometry":{"type":"Point","coordinates":[-121.57,39.097801]},"properties":{"icao_code":"KMYV","name":"","location":"","country":""}},{"type":"Feature","geometry":{"type":"Point","coordinates":[-90.035004,29.8253]},"properties":{"icao_code":"KNBG","name":"","location":"","country":""}},{"type":"Feature","geometry":{"type":"Point","coordinates":[-74.353302,40.033298]},"properties":{"icao_code":"KNEL","name":"","location":"","country":""}},{"type":"Feature","geometry":{"type":"Point","coordinates":[-90.028297,30.0424]},"properties":{"icao_code":"KNEW","name":"","location":"","country":""}},{"type":"Feature","geometry":{"type":"Point","coordinates":[-118.700996,39.416599]},"properties":{"icao_code":"KNFL","name":"","location":"","country":""}},{"type":"Feature","geometry":{"type":"Point","coordinates":[-97.441498,32.769199]},"properties":{"icao_code":"KNFW","name":"","location":"","country":""}},{"type":"Feature","geometry":{"type":"Point","coordinates":[-97.2911,27.6926]},"properties":{"icao_code":"KNGP","name":"","location":"","country":""}},{"type":"Feature","geometry":{"type":"Point","coordinates":[-76.289299,36.937599]},"properties":{"icao_code":"KNGU","name":"","location":"","country":""}},{"type":"Feature","geometry":{"type":"Point","coordinates":[-76.411797,38.285999]},"properties":{"icao_code":"KNHK","name":"","location":"","country":""}},{"type":"Feature","geometry":{"type":"Point","coordinates":[-81.680603,30.2358]},"properties":{"icao_code":"KNIP","name":"","location":"","country":""}},{"type":"Feature","geometry":{"type":"Point","coordinates":[-115.671996,32.829201]},"properties":{"icao_code":"KNJK","name":"","location":"","country":""}},{"type":"Feature","geometry":{"type":"Point","coordinates":[-117.142998,32.868401]},"properties":{"icao_code":"KNKX","name":"","location":"","country":""}},{"type":"Feature","geometry":{"type":"Point","coordinates":[-119.952004,36.333]},"properties":{"icao_code":"KNLC","name":"","location":"","country":""}},{"type":"Feature","geometry":{"type":"Point","coordinates":[-87.318604,30.352699]},"properties":{"icao_code":"KNPA","name":"","location":"","country":""}},{"type":"Feature","geometry":{"type":"Point","coordinates":[-89.8703,35.356701]},"properties":{"icao_code":"KNQA","name":"","location":"","country":""}},{"type":"Feature","geometry":{"type":"Point","coordinates":[-97.8097,27.5072]},"properties":{"icao_code":"KNQI","name":"","location":"","country":""}},{"type":"Feature","geometry":{"type":"Point","coordinates":[-81.688904,24.5758]},"properties":{"icao_code":"KNQX","name":"","location":"","country":""}},{"type":"Feature","geometry":{"type":"Point","coordinates":[-81.424698,30.3911]},"properties":{"icao_code":"KNRB","name":"","location":"","country":""}},{"type":"Feature","geometry":{"type":"Point","coordinates":[-87.021896,30.724199]},"properties":{"icao_code":"KNSE","name":"","location":"","country":""}},{"type":"Feature","geometry":{"type":"Point","coordinates":[-119.121002,34.1203]},"properties":{"icao_code":"KNTD","name":"","location":"","country":""}},{"type":"Feature","geometry":{"type":"Point","coordinates":[-76.033501,36.820702]},"properties":{"icao_code":"KNTU","name":"","location":"","country":""}},{"type":"Feature","geometry":{"type":"Point","coordinates":[-122.049004,37.4161]},"properties":{"icao_code":"KNUQ","name":"","location":"","country":""}},{"type":"Feature","geometry":{"type":"Point","coordinates":[-122.655998,48.351799]},"properties":{"icao_code":"KNUW","name":"","location":"","country":""}},{"type":"Feature","geometry":{"type":"Point","coordinates":[-77.305298,38.501701]},"properties":{"icao_code":"KNYG","name":"","location":"","country":""}},{"type":"Feature","geometry":{"type":"Point","coordinates":[-114.609375,32.650938]},"properties":{"icao_code":"KNYL","name":"","location":"","country":""}},{"type":"Feature","geometry":{"type":"Point","coordinates":[-117.214996,32.6992]},"properties":{"icao_code":"KNZY","name":"","location":"","country":""}},{"type":"Feature","geometry":{"type":"Point","coordinates":[-77.612099,34.829201]},"properties":{"icao_code":"KOAJ","name":"","location":"","country":""}},{"type":"Feature","geometry":{"type":"Point","coordinates":[-122.221184,37.720085]},"properties":{"icao_code":"KOAK","name":"","location":"","country":""}},{"type":"Feature","geometry":{"type":"Point","coordinates":[-95.90851,41.119307]},"properties":{"icao_code":"KOFF","name":"","location":"","country":""}},{"type":"Feature","geometry":{"type":"Point","coordinates":[-97.435097,41.9855]},"properties":{"icao_code":"KOFK","name":"","location":"","country":""}},{"type":"Feature","geometry":{"type":"Point","coordinates":[-80.859497,33.456799]},"properties":{"icao_code":"KOGB","name":"","location":"","country":""}},{"type":"Feature","geometry":{"type":"Point","coordinates":[-112.012001,41.1959]},"properties":{"icao_code":"KOGD","name":"","location":"","country":""}},{"type":"Feature","geometry":{"type":"Point","coordinates":[-75.4655,44.6819]},"properties":{"icao_code":"KOGS","name":"","location":"","country":""}},{"type":"Feature","geometry":{"type":"Point","coordinates":[-97.598248,35.393388]},"properties":{"icao_code":"KOKC","name":"","location":"","country":""}},{"type":"Feature","geometry":{"type":"Point","coordinates":[-105.574997,48.094501]},"properties":{"icao_code":"KOLF","name":"","location":"","country":""}},{"type":"Feature","geometry":{"type":"Point","coordinates":[-122.903,46.969399]},"properties":{"icao_code":"KOLM","name":"","location":"","country":""}},{"type":"Feature","geometry":{"type":"Point","coordinates":[-110.848,31.4177]},"properties":{"icao_code":"KOLS","name":"","location":"","country":""}},{"type":"Feature","geometry":{"type":"Point","coordinates":[-97.340174,41.448145]},"properties":{"icao_code":"KOLU","name":"","location":"","country":""}},{"type":"Feature","geometry":{"type":"Point","coordinates":[-95.894096,41.3032]},"properties":{"icao_code":"KOMA","name":"","location":"","country":""}},{"type":"Feature","geometry":{"type":"Point","coordinates":[-117.013289,44.0198]},"properties":{"icao_code":"KONO","name":"","location":"","country":""}},{"type":"Feature","geometry":{"type":"Point","coordinates":[-124.057999,44.580399]},"properties":{"icao_code":"KONP","name":"","location":"","country":""}},{"type":"Feature","geometry":{"type":"Point","coordinates":[-117.600998,34.056]},"properties":{"icao_code":"KONT","name":"","location":"","country":""}},{"type":"Feature","geometry":{"type":"Point","coordinates":[-80.278397,25.907]},"properties":{"icao_code":"KOPF","name":"","location":"","country":""}},{"type":"Feature","geometry":{"type":"Point","coordinates":[-71.412102,41.597099]},"properties":{"icao_code":"KOQU","name":"","location":"","country":""}},{"type":"Feature","geometry":{"type":"Point","coordinates":[-87.9048,41.9786]},"properties":{"icao_code":"KORD","name":"","location":"","country":""}},{"type":"Feature","geometry":{"type":"Point","coordinates":[-76.201,36.895341]},"properties":{"icao_code":"KORF","name":"","location":"","country":""}},{"type":"Feature","geometry":{"type":"Point","coordinates":[-71.875702,42.2673]},"properties":{"icao_code":"KORH","name":"","location":"","country":""}},{"type":"Feature","geometry":{"type":"Point","coordinates":[-122.910004,48.708199]},"properties":{"icao_code":"KORS","name":"","location":"","country":""}},{"type":"Feature","geometry":{"type":"Point","coordinates":[-88.556999,43.984402]},"properties":{"icao_code":"KOSH","name":"","location":"","country":""}},{"type":"Feature","geometry":{"type":"Point","coordinates":[-83.072998,40.0798]},"properties":{"icao_code":"KOSU","name":"","location":"","country":""}},{"type":"Feature","geometry":{"type":"Point","coordinates":[-124.246002,43.417099]},"properties":{"icao_code":"KOTH","name":"","location":"","country":""}},{"type":"Feature","geometry":{"type":"Point","coordinates":[-92.449837,41.106368]},"properties":{"icao_code":"KOTM","name":"","location":"","country":""}},{"type":"Feature","geometry":{"type":"Point","coordinates":[-87.166801,37.740101]},"properties":{"icao_code":"KOWB","name":"","location":"","country":""}},{"type":"Feature","geometry":{"type":"Point","coordinates":[-71.172897,42.190498]},"properties":{"icao_code":"KOWD","name":"","location":"","country":""}},{"type":"Feature","geometry":{"type":"Point","coordinates":[-119.207001,34.200802]},"properties":{"icao_code":"KOXR","name":"","location":"","country":""}},{"type":"Feature","geometry":{"type":"Point","coordinates":[-85.713402,31.2757]},"properties":{"icao_code":"KOZR","name":"","location":"","country":""}},{"type":"Feature","geometry":{"type":"Point","coordinates":[-122.281998,47.9063]},"properties":{"icao_code":"KPAE","name":"","location":"","country":""}},{"type":"Feature","geometry":{"type":"Point","coordinates":[-88.773804,37.060799]},"properties":{"icao_code":"KPAH","name":"","location":"","country":""}},{"type":"Feature","geometry":{"type":"Point","coordinates":[-85.575401,30.069599]},"properties":{"icao_code":"KPAM","name":"","location":"","country":""}},{"type":"Feature","geometry":{"type":"Point","coordinates":[-122.114998,37.461102]},"properties":{"icao_code":"KPAO","name":"","location":"","country":""}},{"type":"Feature","geometry":{"type":"Point","coordinates":[-91.935643,34.174121]},"properties":{"icao_code":"KPBF","name":"","location":"","country":""}},{"type":"Feature","geometry":{"type":"Point","coordinates":[-73.468102,44.650902]},"properties":{"icao_code":"KPBG","name":"","location":"","country":""}},{"type":"Feature","geometry":{"type":"Point","coordinates":[-80.095596,26.683201]},"properties":{"icao_code":"KPBI","name":"","location":"","country":""}},{"type":"Feature","geometry":{"type":"Point","coordinates":[-84.30213,33.87633]},"properties":{"icao_code":"KPDK","name":"","location":"","country":""}},{"type":"Feature","geometry":{"type":"Point","coordinates":[-118.841003,45.695099]},"properties":{"icao_code":"KPDT","name":"","location":"","country":""}},{"type":"Feature","geometry":{"type":"Point","coordinates":[-122.598,45.588699]},"properties":{"icao_code":"KPDX","name":"","location":"","country":""}},{"type":"Feature","geometry":{"type":"Point","coordinates":[-111.447716,36.924234]},"properties":{"icao_code":"KPGA","name":"","location":"","country":""}},{"type":"Feature","geometry":{"type":"Point","coordinates":[-81.990501,26.9202]},"properties":{"icao_code":"KPGD","name":"","location":"","country":""}},{"type":"Feature","geometry":{"type":"Point","coordinates":[-77.384262,35.635535]},"properties":{"icao_code":"KPGV","name":"","location":"","country":""}},{"type":"Feature","geometry":{"type":"Point","coordinates":[-76.492996,37.131901]},"properties":{"icao_code":"KPHF","name":"","location":"","country":""}},{"type":"Feature","geometry":{"type":"Point","coordinates":[-75.241096,39.871899]},"properties":{"icao_code":"KPHL","name":"","location":"","country":""}},{"type":"Feature","geometry":{"type":"Point","coordinates":[-112.005905,33.435302]},"properties":{"icao_code":"KPHX","name":"","location":"","country":""}},{"type":"Feature","geometry":{"type":"Point","coordinates":[-89.693298,40.6642]},"properties":{"icao_code":"KPIA","name":"","location":"","country":""}},{"type":"Feature","geometry":{"type":"Point","coordinates":[-89.337097,31.4671]},"properties":{"icao_code":"KPIB","name":"","location":"","country":""}},{"type":"Feature","geometry":{"type":"Point","coordinates":[-82.687401,27.9102]},"properties":{"icao_code":"KPIE","name":"","location":"","country":""}},{"type":"Feature","geometry":{"type":"Point","coordinates":[-112.596001,42.909801]},"properties":{"icao_code":"KPIH","name":"","location":"","country":""}},{"type":"Feature","geometry":{"type":"Point","coordinates":[-100.286003,44.382702]},"properties":{"icao_code":"KPIR","name":"","location":"","country":""}},{"type":"Feature","geometry":{"type":"Point","coordinates":[-80.232903,40.491501]},"properties":{"icao_code":"KPIT","name":"","location":"","country":""}},{"type":"Feature","geometry":{"type":"Point","coordinates":[-81.439201,39.3451]},"properties":{"icao_code":"KPKB","name":"","location":"","country":""}},{"type":"Feature","geometry":{"type":"Point","coordinates":[-84.7967,45.5709]},"properties":{"icao_code":"KPLN","name":"","location":"","country":""}},{"type":"Feature","geometry":{"type":"Point","coordinates":[-118.084999,34.629398]},"properties":{"icao_code":"KPMD","name":"","location":"","country":""}},{"type":"Feature","geometry":{"type":"Point","coordinates":[-109.806999,42.795502]},"properties":{"icao_code":"KPNA","name":"","location":"","country":""}},{"type":"Feature","geometry":{"type":"Point","coordinates":[-97.0998,36.731998]},"properties":{"icao_code":"KPNC","name":"","location":"","country":""}},{"type":"Feature","geometry":{"type":"Point","coordinates":[-75.010614,40.082406]},"properties":{"icao_code":"KPNE","name":"","location":"","country":""}},{"type":"Feature","geometry":{"type":"Point","coordinates":[-87.1866,30.4734]},"properties":{"icao_code":"KPNS","name":"","location":"","country":""}},{"type":"Feature","geometry":{"type":"Point","coordinates":[-79.014503,35.170898]},"properties":{"icao_code":"KPOB","name":"","location":"","country":""}},{"type":"Feature","geometry":{"type":"Point","coordinates":[-93.191704,31.0448]},"properties":{"icao_code":"KPOE","name":"","location":"","country":""}},{"type":"Feature","geometry":{"type":"Point","coordinates":[-73.884201,41.626598]},"properties":{"icao_code":"KPOU","name":"","location":"","country":""}},{"type":"Feature","geometry":{"type":"Point","coordinates":[-68.0448,46.688999]},"properties":{"icao_code":"KPQI","name":"","location":"","country":""}},{"type":"Feature","geometry":{"type":"Point","coordinates":[-120.626999,35.672901]},"properties":{"icao_code":"KPRB","name":"","location":"","country":""}},{"type":"Feature","geometry":{"type":"Point","coordinates":[-112.419998,34.654499]},"properties":{"icao_code":"KPRC","name":"","location":"","country":""}},{"type":"Feature","geometry":{"type":"Point","coordinates":[-95.450798,33.6366]},"properties":{"icao_code":"KPRX","name":"","location":"","country":""}},{"type":"Feature","geometry":{"type":"Point","coordinates":[-119.119003,46.264702]},"properties":{"icao_code":"KPSC","name":"","location":"","country":""}},{"type":"Feature","geometry":{"type":"Point","coordinates":[-70.823303,43.0779]},"properties":{"icao_code":"KPSM","name":"","location":"","country":""}},{"type":"Feature","geometry":{"type":"Point","coordinates":[-116.507004,33.8297]},"properties":{"icao_code":"KPSP","name":"","location":"","country":""}},{"type":"Feature","geometry":{"type":"Point","coordinates":[-83.420097,42.665501]},"properties":{"icao_code":"KPTK","name":"","location":"","country":""}},{"type":"Feature","geometry":{"type":"Point","coordinates":[-104.497002,38.289101]},"properties":{"icao_code":"KPUB","name":"","location":"","country":""}},{"type":"Feature","geometry":{"type":"Point","coordinates":[-117.11163,46.741601]},"properties":{"icao_code":"KPUW","name":"","location":"","country":""}},{"type":"Feature","geometry":{"type":"Point","coordinates":[-71.425668,41.725038]},"properties":{"icao_code":"KPVD","name":"","location":"","country":""}},{"type":"Feature","geometry":{"type":"Point","coordinates":[-111.723,40.2192]},"properties":{"icao_code":"KPVU","name":"","location":"","country":""}},{"type":"Feature","geometry":{"type":"Point","coordinates":[-70.309303,43.646198]},"properties":{"icao_code":"KPWM","name":"","location":"","country":""}},{"type":"Feature","geometry":{"type":"Point","coordinates":[-122.764999,47.4902]},"properties":{"icao_code":"KPWT","name":"","location":"","country":""}},{"type":"Feature","geometry":{"type":"Point","coordinates":[-117.445,33.9519]},"properties":{"icao_code":"KRAL","name":"","location":"","country":""}},{"type":"Feature","geometry":{"type":"Point","coordinates":[-103.056999,44.0453]},"properties":{"icao_code":"KRAP","name":"","location":"","country":""}},{"type":"Feature","geometry":{"type":"Point","coordinates":[-122.251999,40.1507]},"properties":{"icao_code":"KRBL","name":"","location":"","country":""}},{"type":"Feature","geometry":{"type":"Point","coordinates":[-103.103996,44.145]},"properties":{"icao_code":"KRCA","name":"","location":"","country":""}},{"type":"Feature","geometry":{"type":"Point","coordinates":[-122.292999,40.508999]},"properties":{"icao_code":"KRDD","name":"","location":"","country":""}},{"type":"Feature","geometry":{"type":"Point","coordinates":[-75.965202,40.378502]},"properties":{"icao_code":"KRDG","name":"","location":"","country":""}},{"type":"Feature","geometry":{"type":"Point","coordinates":[-121.150002,44.254101]},"properties":{"icao_code":"KRDM","name":"","location":"","country":""}},{"type":"Feature","geometry":{"type":"Point","coordinates":[-97.401199,47.961102]},"properties":{"icao_code":"KRDR","name":"","location":"","country":""}},{"type":"Feature","geometry":{"type":"Point","coordinates":[-78.787498,35.877602]},"properties":{"icao_code":"KRDU","name":"","location":"","country":""}},{"type":"Feature","geometry":{"type":"Point","coordinates":[-89.097198,42.1954]},"properties":{"icao_code":"KRFD","name":"","location":"","country":""}},{"type":"Feature","geometry":{"type":"Point","coordinates":[-89.467499,45.631199]},"properties":{"icao_code":"KRHI","name":"","location":"","country":""}},{"type":"Feature","geometry":{"type":"Point","coordinates":[-77.319702,37.505199]},"properties":{"icao_code":"KRIC","name":"","location":"","country":""}},{"type":"Feature","geometry":{"type":"Point","coordinates":[-107.726997,39.526299]},"properties":{"icao_code":"KRIL","name":"","location":"","country":""}},{"type":"Feature","geometry":{"type":"Point","coordinates":[-117.259003,33.880699]},"properties":{"icao_code":"KRIV","name":"","location":"","country":""}},{"type":"Feature","geometry":{"type":"Point","coordinates":[-108.459999,43.064201]},"properties":{"icao_code":"KRIW","name":"","location":"","country":""}},{"type":"Feature","geometry":{"type":"Point","coordinates":[-69.099197,44.060101]},"properties":{"icao_code":"KRKD","name":"","location":"","country":""}},{"type":"Feature","geometry":{"type":"Point","coordinates":[-109.065001,41.5942]},"properties":{"icao_code":"KRKS","name":"","location":"","country":""}},{"type":"Feature","geometry":{"type":"Point","coordinates":[-75.406998,43.233799]},"properties":{"icao_code":"KRME","name":"","location":"","country":""}},{"type":"Feature","geometry":{"type":"Point","coordinates":[-85.157997,34.350601]},"properties":{"icao_code":"KRMG","name":"","location":"","country":""}},{"type":"Feature","geometry":{"type":"Point","coordinates":[-98.2789,29.529699]},"properties":{"icao_code":"KRND","name":"","location":"","country":""}},{"type":"Feature","geometry":{"type":"Point","coordinates":[-92.538101,45.1483]},"properties":{"icao_code":"KRNH","name":"","location":"","country":""}},{"type":"Feature","geometry":{"type":"Point","coordinates":[-119.767998,39.4991]},"properties":{"icao_code":"KRNO","name":"","location":"","country":""}},{"type":"Feature","geometry":{"type":"Point","coordinates":[-79.975403,37.3255]},"properties":{"icao_code":"KROA","name":"","location":"","country":""}},{"type":"Feature","geometry":{"type":"Point","coordinates":[-77.672401,43.1189]},"properties":{"icao_code":"KROC","name":"","location":"","country":""}},{"type":"Feature","geometry":{"type":"Point","coordinates":[-104.530998,33.301601]},"properties":{"icao_code":"KROW","name":"","location":"","country":""}},{"type":"Feature","geometry":{"type":"Point","coordinates":[-98.811798,38.872101]},"properties":{"icao_code":"KRSL","name":"","location":"","country":""}},{"type":"Feature","geometry":{"type":"Point","coordinates":[-92.5,43.908298]},"properties":{"icao_code":"KRST","name":"","location":"","country":""}},{"type":"Feature","geometry":{"type":"Point","coordinates":[-81.755203,26.5362]},"properties":{"icao_code":"KRSW","name":"","location":"","country":""}},{"type":"Feature","geometry":{"type":"Point","coordinates":[-72.9496,43.5294]},"properties":{"icao_code":"KRUT","name":"","location":"","country":""}},{"type":"Feature","geometry":{"type":"Point","coordinates":[-95.984596,36.0396]},"properties":{"icao_code":"KRVS","name":"","location":"","country":""}},{"type":"Feature","geometry":{"type":"Point","coordinates":[-95.082298,44.547199]},"properties":{"icao_code":"KRWF","name":"","location":"","country":""}},{"type":"Feature","geometry":{"type":"Point","coordinates":[-77.891899,35.8563]},"properties":{"icao_code":"KRWI","name":"","location":"","country":""}},{"type":"Feature","geometry":{"type":"Point","coordinates":[-107.199997,41.805599]},"properties":{"icao_code":"KRWL","name":"","location":"","country":""}},{"type":"Feature","geometry":{"type":"Point","coordinates":[-121.492996,38.512501]},"properties":{"icao_code":"KSAC","name":"","location":"","country":""}},{"type":"Feature","geometry":{"type":"Point","coordinates":[-106.088997,35.6171]},"properties":{"icao_code":"KSAF","name":"","location":"","country":""}},{"type":"Feature","geometry":{"type":"Point","coordinates":[-117.190002,32.733601]},"properties":{"icao_code":"KSAN","name":"","location":"","country":""}},{"type":"Feature","geometry":{"type":"Point","coordinates":[-98.469803,29.533701]},"properties":{"icao_code":"KSAT","name":"","location":"","country":""}},{"type":"Feature","geometry":{"type":"Point","coordinates":[-81.202103,32.127602]},"properties":{"icao_code":"KSAV","name":"","location":"","country":""}},{"type":"Feature","geometry":{"type":"Point","coordinates":[-87.395401,46.3536]},"properties":{"icao_code":"KSAW","name":"","location":"","country":""}},{"type":"Feature","geometry":{"type":"Point","coordinates":[-119.839996,34.426201]},"properties":{"icao_code":"KSBA","name":"","location":"","country":""}},{"type":"Feature","geometry":{"type":"Point","coordinates":[-117.235001,34.095402]},"properties":{"icao_code":"KSBD","name":"","location":"","country":""}},{"type":"Feature","geometry":{"type":"Point","coordinates":[-86.317299,41.708698]},"properties":{"icao_code":"KSBN","name":"","location":"","country":""}},{"type":"Feature","geometry":{"type":"Point","coordinates":[-120.641998,35.236801]},"properties":{"icao_code":"KSBP","name":"","location":"","country":""}},{"type":"Feature","geometry":{"type":"Point","coordinates":[-75.5103,38.3405]},"properties":{"icao_code":"KSBY","name":"","location":"","country":""}},{"type":"Feature","geometry":{"type":"Point","coordinates":[-73.928902,42.852501]},"properties":{"icao_code":"KSCH","name":"","location":"","country":""}},{"type":"Feature","geometry":{"type":"Point","coordinates":[-121.238079,37.893279]},"properties":{"icao_code":"KSCK","name":"","location":"","country":""}},{"type":"Feature","geometry":{"type":"Point","coordinates":[-85.736,38.1744]},"properties":{"icao_code":"KSDF","name":"","location":"","country":""}},{"type":"Feature","geometry":{"type":"Point","coordinates":[-116.980019,32.572639]},"properties":{"icao_code":"KSDM","name":"","location":"","country":""}},{"type":"Feature","geometry":{"type":"Point","coordinates":[-104.194422,47.705141]},"properties":{"icao_code":"KSDY","name":"","location":"","country":""}},{"type":"Feature","geometry":{"type":"Point","coordinates":[-122.310276,47.447943]},"properties":{"icao_code":"KSEA","name":"","location":"","country":""}},{"type":"Feature","geometry":{"type":"Point","coordinates":[-81.237503,28.777599]},"properties":{"icao_code":"KSFB","name":"","location":"","country":""}},{"type":"Feature","geometry":{"type":"Point","coordinates":[-117.321925,47.682899]},"properties":{"icao_code":"KSFF","name":"","location":"","country":""}},{"type":"Feature","geometry":{"type":"Point","coordinates":[-122.374821,37.619806]},"properties":{"icao_code":"KSFO","name":"","location":"","country":""}},{"type":"Feature","geometry":{"type":"Point","coordinates":[-93.388603,37.245701]},"properties":{"icao_code":"KSGF","name":"","location":"","country":""}},{"type":"Feature","geometry":{"type":"Point","coordinates":[-83.840202,39.840302]},"properties":{"icao_code":"KSGH","name":"","location":"","country":""}},{"type":"Feature","geometry":{"type":"Point","coordinates":[-81.339798,29.9592]},"properties":{"icao_code":"KSGJ","name":"","location":"","country":""}},{"type":"Feature","geometry":{"type":"Point","coordinates":[-95.656502,29.622299]},"properties":{"icao_code":"KSGR","name":"","location":"","country":""}},{"type":"Feature","geometry":{"type":"Point","coordinates":[-113.510306,37.036389]},"properties":{"icao_code":"KSGU","name":"","location":"","country":""}},{"type":"Feature","geometry":{"type":"Point","coordinates":[-78.8964,38.263802]},"properties":{"icao_code":"KSHD","name":"","location":"","country":""}},{"type":"Feature","geometry":{"type":"Point","coordinates":[-106.980003,44.769199]},"properties":{"icao_code":"KSHR","name":"","location":"","country":""}},{"type":"Feature","geometry":{"type":"Point","coordinates":[-93.8256,32.446602]},"properties":{"icao_code":"KSHV","name":"","location":"","country":""}},{"type":"Feature","geometry":{"type":"Point","coordinates":[-121.929188,37.362452]},"properties":{"icao_code":"KSJC","name":"","location":"","country":""}},{"type":"Feature","geometry":{"type":"Point","coordinates":[-100.496002,31.3577]},"properties":{"icao_code":"KSJT","name":"","location":"","country":""}},{"type":"Feature","geometry":{"type":"Point","coordinates":[-117.655998,47.615101]},"properties":{"icao_code":"KSKA","name":"","location":"","country":""}},{"type":"Feature","geometry":{"type":"Point","coordinates":[-98.5811,29.384199]},"properties":{"icao_code":"KSKF","name":"","location":"","country":""}},{"type":"Feature","geometry":{"type":"Point","coordinates":[-105.67749,36.452494]},"properties":{"icao_code":"KSKX","name":"","location":"","country":""}},{"type":"Feature","geometry":{"type":"Point","coordinates":[-111.979866,40.78886]},"properties":{"icao_code":"KSLC","name":"","location":"","country":""}},{"type":"Feature","geometry":{"type":"Point","coordinates":[-123.002998,44.9095]},"properties":{"icao_code":"KSLE","name":"","location":"","country":""}},{"type":"Feature","geometry":{"type":"Point","coordinates":[-74.204629,44.38691]},"properties":{"icao_code":"KSLK","name":"","location":"","country":""}},{"type":"Feature","geometry":{"type":"Point","coordinates":[-97.652199,38.791]},"properties":{"icao_code":"KSLN","name":"","location":"","country":""}},{"type":"Feature","geometry":{"type":"Point","coordinates":[-84.615898,37.053398]},"properties":{"icao_code":"KSME","name":"","location":"","country":""}},{"type":"Feature","geometry":{"type":"Point","coordinates":[-121.591003,38.6954]},"properties":{"icao_code":"KSMF","name":"","location":"","country":""}},{"type":"Feature","geometry":{"type":"Point","coordinates":[-113.88196,45.122233]},"properties":{"icao_code":"KSMN","name":"","location":"","country":""}},{"type":"Feature","geometry":{"type":"Point","coordinates":[-118.450996,34.0158]},"properties":{"icao_code":"KSMO","name":"","location":"","country":""}},{"type":"Feature","geometry":{"type":"Point","coordinates":[-120.457001,34.898899]},"properties":{"icao_code":"KSMX","name":"","location":"","country":""}},{"type":"Feature","geometry":{"type":"Point","coordinates":[-117.867996,33.675701]},"properties":{"icao_code":"KSNA","name":"","location":"","country":""}},{"type":"Feature","geometry":{"type":"Point","coordinates":[-121.606003,36.6628]},"properties":{"icao_code":"KSNS","name":"","location":"","country":""}},{"type":"Feature","geometry":{"type":"Point","coordinates":[-102.985001,41.101299]},"properties":{"icao_code":"KSNY","name":"","location":"","country":""}},{"type":"Feature","geometry":{"type":"Point","coordinates":[-110.007091,34.264062]},"properties":{"icao_code":"KSOW","name":"","location":"","country":""}},{"type":"Feature","geometry":{"type":"Point","coordinates":[-89.677902,39.844101]},"properties":{"icao_code":"KSPI","name":"","location":"","country":""}},{"type":"Feature","geometry":{"type":"Point","coordinates":[-98.491898,33.9888]},"properties":{"icao_code":"KSPS","name":"","location":"","country":""}},{"type":"Feature","geometry":{"type":"Point","coordinates":[-122.250838,37.51313]},"properties":{"icao_code":"KSQL","name":"","location":"","country":""}},{"type":"Feature","geometry":{"type":"Point","coordinates":[-82.554359,27.394631]},"properties":{"icao_code":"KSRQ","name":"","location":"","country":""}},{"type":"Feature","geometry":{"type":"Point","coordinates":[-105.535004,33.462799]},"properties":{"icao_code":"KSRR","name":"","location":"","country":""}},{"type":"Feature","geometry":{"type":"Point","coordinates":[-80.470596,33.972698]},"properties":{"icao_code":"KSSC","name":"","location":"","country":""}},{"type":"Feature","geometry":{"type":"Point","coordinates":[-98.4711,29.337]},"properties":{"icao_code":"KSSF","name":"","location":"","country":""}},{"type":"Feature","geometry":{"type":"Point","coordinates":[-81.391296,31.1518]},"properties":{"icao_code":"KSSI","name":"","location":"","country":""}},{"type":"Feature","geometry":{"type":"Point","coordinates":[-94.059898,45.5466]},"properties":{"icao_code":"KSTC","name":"","location":"","country":""}},{"type":"Feature","geometry":{"type":"Point","coordinates":[-94.909698,39.7719]},"properties":{"icao_code":"KSTJ","name":"","location":"","country":""}},{"type":"Feature","geometry":{"type":"Point","coordinates":[-90.370003,38.748697]},"properties":{"icao_code":"KSTL","name":"","location":"","country":""}},{"type":"Feature","geometry":{"type":"Point","coordinates":[-93.060036,44.93479]},"properties":{"icao_code":"KSTP","name":"","location":"","country":""}},{"type":"Feature","geometry":{"type":"Point","coordinates":[-122.813003,38.508999]},"properties":{"icao_code":"KSTS","name":"","location":"","country":""}},{"type":"Feature","geometry":{"type":"Point","coordinates":[-114.295998,43.504398]},"properties":{"icao_code":"KSUN","name":"","location":"","country":""}},{"type":"Feature","geometry":{"type":"Point","coordinates":[-90.652,38.662102]},"properties":{"icao_code":"KSUS","name":"","location":"","country":""}},{"type":"Feature","geometry":{"type":"Point","coordinates":[-121.927002,38.262699]},"properties":{"icao_code":"KSUU","name":"","location":"","country":""}},{"type":"Feature","geometry":{"type":"Point","coordinates":[-96.382237,42.397605]},"properties":{"icao_code":"KSUX","name":"","location":"","country":""}},{"type":"Feature","geometry":{"type":"Point","coordinates":[-108.154736,32.636701]},"properties":{"icao_code":"KSVC","name":"","location":"","country":""}},{"type":"Feature","geometry":{"type":"Point","coordinates":[-81.145699,32.009998]},"properties":{"icao_code":"KSVN","name":"","location":"","country":""}},{"type":"Feature","geometry":{"type":"Point","coordinates":[-74.104797,41.504101]},"properties":{"icao_code":"KSWF","name":"","location":"","country":""}},{"type":"Feature","geometry":{"type":"Point","coordinates":[-97.085581,36.162132]},"properties":{"icao_code":"KSWO","name":"","location":"","country":""}},{"type":"Feature","geometry":{"type":"Point","coordinates":[-76.1063,43.111198]},"properties":{"icao_code":"KSYR","name":"","location":"","country":""}},{"type":"Feature","geometry":{"type":"Point","coordinates":[-93.547897,38.730301]},"properties":{"icao_code":"KSZL","name":"","location":"","country":""}},{"type":"Feature","geometry":{"type":"Point","coordinates":[-92.140701,37.7416]},"properties":{"icao_code":"KTBN","name":"","location":"","country":""}},{"type":"Feature","geometry":{"type":"Point","coordinates":[-103.602997,35.1828]},"properties":{"icao_code":"KTCC","name":"","location":"","country":""}},{"type":"Feature","geometry":{"type":"Point","coordinates":[-87.611397,33.2206]},"properties":{"icao_code":"KTCL","name":"","location":"","country":""}},{"type":"Feature","geometry":{"type":"Point","coordinates":[-122.475998,47.137699]},"properties":{"icao_code":"KTCM","name":"","location":"","country":""}},{"type":"Feature","geometry":{"type":"Point","coordinates":[-107.272003,33.2369]},"properties":{"icao_code":"KTCS","name":"","location":"","country":""}},{"type":"Feature","geometry":{"type":"Point","coordinates":[-74.060799,40.850101]},"properties":{"icao_code":"KTEB","name":"","location":"","country":""}},{"type":"Feature","geometry":{"type":"Point","coordinates":[-107.907997,37.9538]},"properties":{"icao_code":"KTEX","name":"","location":"","country":""}},{"type":"Feature","geometry":{"type":"Point","coordinates":[-97.386597,35.4147]},"properties":{"icao_code":"KTIK","name":"","location":"","country":""}},{"type":"Feature","geometry":{"type":"Point","coordinates":[-122.577295,47.267407]},"properties":{"icao_code":"KTIW","name":"","location":"","country":""}},{"type":"Feature","geometry":{"type":"Point","coordinates":[-80.799202,28.514799]},"properties":{"icao_code":"KTIX","name":"","location":"","country":""}},{"type":"Feature","geometry":{"type":"Point","coordinates":[-84.350304,30.3965]},"properties":{"icao_code":"KTLH","name":"","location":"","country":""}},{"type":"Feature","geometry":{"type":"Point","coordinates":[-80.4328,25.6479]},"properties":{"icao_code":"KTMB","name":"","location":"","country":""}},{"type":"Feature","geometry":{"type":"Point","coordinates":[-86.012101,31.860399]},"properties":{"icao_code":"KTOI","name":"","location":"","country":""}},{"type":"Feature","geometry":{"type":"Point","coordinates":[-83.8078,41.5868]},"properties":{"icao_code":"KTOL","name":"","location":"","country":""}},{"type":"Feature","geometry":{"type":"Point","coordinates":[-95.622606,39.069899]},"properties":{"icao_code":"KTOP","name":"","location":"","country":""}},{"type":"Feature","geometry":{"type":"Point","coordinates":[-82.533203,27.9755]},"properties":{"icao_code":"KTPA","name":"","location":"","country":""}},{"type":"Feature","geometry":{"type":"Point","coordinates":[-117.086998,38.0602]},"properties":{"icao_code":"KTPH","name":"","location":"","country":""}},{"type":"Feature","geometry":{"type":"Point","coordinates":[-97.407799,31.1525]},"properties":{"icao_code":"KTPL","name":"","location":"","country":""}},{"type":"Feature","geometry":{"type":"Point","coordinates":[-82.407401,36.475201]},"properties":{"icao_code":"KTRI","name":"","location":"","country":""}},{"type":"Feature","geometry":{"type":"Point","coordinates":[-120.140562,39.318628]},"properties":{"icao_code":"KTRK","name":"","location":"","country":""}},{"type":"Feature","geometry":{"type":"Point","coordinates":[-116.160004,33.626701]},"properties":{"icao_code":"KTRM","name":"","location":"","country":""}},{"type":"Feature","geometry":{"type":"Point","coordinates":[-122.401001,45.5494]},"properties":{"icao_code":"KTTD","name":"","location":"","country":""}},{"type":"Feature","geometry":{"type":"Point","coordinates":[-74.813499,40.276699]},"properties":{"icao_code":"KTTN","name":"","location":"","country":""}},{"type":"Feature","geometry":{"type":"Point","coordinates":[-95.8881,36.198399]},"properties":{"icao_code":"KTUL","name":"","location":"","country":""}},{"type":"Feature","geometry":{"type":"Point","coordinates":[-88.769897,34.268101]},"properties":{"icao_code":"KTUP","name":"","location":"","country":""}},{"type":"Feature","geometry":{"type":"Point","coordinates":[-110.938053,32.115004]},"properties":{"icao_code":"KTUS","name":"","location":"","country":""}},{"type":"Feature","geometry":{"type":"Point","coordinates":[-85.582199,44.741402]},"properties":{"icao_code":"KTVC","name":"","location":"","country":""}},{"type":"Feature","geometry":{"type":"Point","coordinates":[-96.184998,48.065701]},"properties":{"icao_code":"KTVF","name":"","location":"","country":""}},{"type":"Feature","geometry":{"type":"Point","coordinates":[-119.995003,38.893902]},"properties":{"icao_code":"KTVL","name":"","location":"","country":""}},{"type":"Feature","geometry":{"type":"Point","coordinates":[-114.487999,42.4818]},"properties":{"icao_code":"KTWF","name":"","location":"","country":""}},{"type":"Feature","geometry":{"type":"Point","coordinates":[-93.990997,33.453701]},"properties":{"icao_code":"KTXK","name":"","location":"","country":""}},{"type":"Feature","geometry":{"type":"Point","coordinates":[-95.402397,32.354099]},"properties":{"icao_code":"KTYR","name":"","location":"","country":""}},{"type":"Feature","geometry":{"type":"Point","coordinates":[-83.994003,35.811001]},"properties":{"icao_code":"KTYS","name":"","location":"","country":""}},{"type":"Feature","geometry":{"type":"Point","coordinates":[-111.992996,40.619499]},"properties":{"icao_code":"KSVR","name":"","location":"","country":""}},{"type":"Feature","geometry":{"type":"Point","coordinates":[-91.194603,39.942699]},"properties":{"icao_code":"KUIN","name":"","location":"","country":""}},{"type":"Feature","geometry":{"type":"Point","coordinates":[-123.200996,39.125999]},"properties":{"icao_code":"KUKI","name":"","location":"","country":""}},{"type":"Feature","geometry":{"type":"Point","coordinates":[-77.84852,40.849374]},"properties":{"icao_code":"KUNV","name":"","location":"","country":""}},{"type":"Feature","geometry":{"type":"Point","coordinates":[-89.536797,34.3843]},"properties":{"icao_code":"KUOX","name":"","location":"","country":""}},{"type":"Feature","geometry":{"type":"Point","coordinates":[-95.587196,30.746901]},"properties":{"icao_code":"KUTS","name":"","location":"","country":""}},{"type":"Feature","geometry":{"type":"Point","coordinates":[-83.193001,30.9678]},"properties":{"icao_code":"KVAD","name":"","location":"","country":""}},{"type":"Feature","geometry":{"type":"Point","coordinates":[-120.584,34.737301]},"properties":{"icao_code":"KVBG","name":"","location":"","country":""}},{"type":"Feature","geometry":{"type":"Point","coordinates":[-96.918503,28.8526]},"properties":{"icao_code":"KVCT","name":"","location":"","country":""}},{"type":"Feature","geometry":{"type":"Point","coordinates":[-109.511661,40.436214]},"properties":{"icao_code":"KVEL","name":"","location":"","country":""}},{"type":"Feature","geometry":{"type":"Point","coordinates":[-115.194,36.210701]},"properties":{"icao_code":"KVGT","name":"","location":"","country":""}},{"type":"Feature","geometry":{"type":"Point","coordinates":[-119.392998,36.318699]},"properties":{"icao_code":"KVIS","name":"","location":"","country":""}},{"type":"Feature","geometry":{"type":"Point","coordinates":[-83.276703,30.782499]},"properties":{"icao_code":"KVLD","name":"","location":"","country":""}},{"type":"Feature","geometry":{"type":"Point","coordinates":[-118.489998,34.209801]},"properties":{"icao_code":"KVNY","name":"","location":"","country":""}},{"type":"Feature","geometry":{"type":"Point","coordinates":[-90.253403,43.938999]},"properties":{"icao_code":"KVOK","name":"","location":"","country":""}},{"type":"Feature","geometry":{"type":"Point","coordinates":[-86.525398,30.4832]},"properties":{"icao_code":"KVPS","name":"","location":"","country":""}},{"type":"Feature","geometry":{"type":"Point","coordinates":[-87.007103,41.453999]},"properties":{"icao_code":"KVPZ","name":"","location":"","country":""}},{"type":"Feature","geometry":{"type":"Point","coordinates":[-81.876701,30.2187]},"properties":{"icao_code":"KVQQ","name":"","location":"","country":""}},{"type":"Feature","geometry":{"type":"Point","coordinates":[-80.417901,27.6556]},"properties":{"icao_code":"KVRB","name":"","location":"","country":""}},{"type":"Feature","geometry":{"type":"Point","coordinates":[-100.549192,42.856211]},"properties":{"icao_code":"KVTN","name":"","location":"","country":""}},{"type":"Feature","geometry":{"type":"Point","coordinates":[-118.219002,34.7411]},"properties":{"icao_code":"KWJF","name":"","location":"","country":""}},{"type":"Feature","geometry":{"type":"Point","coordinates":[-117.806,40.896599]},"properties":{"icao_code":"KWMC","name":"","location":"","country":""}},{"type":"Feature","geometry":{"type":"Point","coordinates":[-83.591904,32.640099]},"properties":{"icao_code":"KWRB","name":"","location":"","country":""}},{"type":"Feature","geometry":{"type":"Point","coordinates":[-74.591698,40.015598]},"properties":{"icao_code":"KWRI","name":"","location":"","country":""}},{"type":"Feature","geometry":{"type":"Point","coordinates":[-107.950996,43.965698]},"properties":{"icao_code":"KWRL","name":"","location":"","country":""}},{"type":"Feature","geometry":{"type":"Point","coordinates":[-71.803398,41.349602]},"properties":{"icao_code":"KWST","name":"","location":"","country":""}},{"type":"Feature","geometry":{"type":"Point","coordinates":[-74.908302,39.008499]},"properties":{"icao_code":"KWWD","name":"","location":"","country":""}},{"type":"Feature","geometry":{"type":"Point","coordinates":[-99.522667,36.438]},"properties":{"icao_code":"KWWR","name":"","location":"","country":""}},{"type":"Feature","geometry":{"type":"Point","coordinates":[-111.117996,44.6884]},"properties":{"icao_code":"KWYS","name":"","location":"","country":""}},{"type":"Feature","geometry":{"type":"Point","coordinates":[-94.306801,36.281898]},"properties":{"icao_code":"KXNA","name":"","location":"","country":""}},{"type":"Feature","geometry":{"type":"Point","coordinates":[-103.748797,48.258387]},"properties":{"icao_code":"KXWA","name":"","location":"","country":""}},{"type":"Feature","geometry":{"type":"Point","coordinates":[-83.530403,42.2379]},"properties":{"icao_code":"KYIP","name":"","location":"","country":""}},{"type":"Feature","geometry":{"type":"Point","coordinates":[-120.543999,46.568199]},"properties":{"icao_code":"KYKM","name":"","location":"","country":""}},{"type":"Feature","geometry":{"type":"Point","coordinates":[-97.385902,42.916698]},"properties":{"icao_code":"KYKN","name":"","location":"","country":""}},{"type":"Feature","geometry":{"type":"Point","coordinates":[-80.6791,41.2607]},"properties":{"icao_code":"KYNG","name":"","location":"","country":""}},{"type":"Feature","geometry":{"type":"Point","coordinates":[-81.892097,39.944401]},"properties":{"icao_code":"KZZV","name":"","location":"","country":""}},{"type":"Feature","geometry":{"type":"Point","coordinates":[20.415955,42.035802]},"properties":{"icao_code":"LAKU","name":"","location":"","country":""}},{"type":"Feature","geometry":{"type":"Point","coordinates":[19.7206,41.4147]},"properties":{"icao_code":"LATI","name":"","location":"","country":""}},{"type":"Feature","geometry":{"type":"Point","coordinates":[27.515173,42.569917]},"properties":{"icao_code":"LBBG","name":"","location":"","country":""}},{"type":"Feature","geometry":{"type":"Point","coordinates":[25.7129,43.151402]},"properties":{"icao_code":"LBGO","name":"","location":"","country":""}},{"type":"Feature","geometry":{"type":"Point","coordinates":[24.8508,42.067799]},"properties":{"icao_code":"LBPD","name":"","location":"","country":""}},{"type":"Feature","geometry":{"type":"Point","coordinates":[24.714001,42.290401]},"properties":{"icao_code":"LBPG","name":"","location":"","country":""}},{"type":"Feature","geometry":{"type":"Point","coordinates":[23.417671,42.696357]},"properties":{"icao_code":"LBSF","name":"","location":"","country":""}},{"type":"Feature","geometry":{"type":"Point","coordinates":[28.181299,43.423801]},"properties":{"icao_code":"LBWB","name":"","location":"","country":""}},{"type":"Feature","geometry":{"type":"Point","coordinates":[27.8251,43.232101]},"properties":{"icao_code":"LBWN","name":"","location":"","country":""}},{"type":"Feature","geometry":{"type":"Point","coordinates":[33.506584,35.152337]},"properties":{"icao_code":"LCEN","name":"","location":"","country":""}},{"type":"Feature","geometry":{"type":"Point","coordinates":[33.720088,35.23591]},"properties":{"icao_code":"LCGK","name":"","location":"","country":""}},{"type":"Feature","geometry":{"type":"Point","coordinates":[33.624901,34.875099]},"properties":{"icao_code":"LCLK","name":"","location":"","country":""}},{"type":"Feature","geometry":{"type":"Point","coordinates":[32.485699,34.717999]},"properties":{"icao_code":"LCPH","name":"","location":"","country":""}},{"type":"Feature","geometry":{"type":"Point","coordinates":[32.9879,34.590401]},"properties":{"icao_code":"LCRA","name":"","location":"","country":""}},{"type":"Feature","geometry":{"type":"Point","coordinates":[18.265543,42.562247]},"properties":{"icao_code":"LDDU","name":"","location":"","country":""}},{"type":"Feature","geometry":{"type":"Point","coordinates":[18.811278,45.462355]},"properties":{"icao_code":"LDOS","name":"","location":"","country":""}},{"type":"Feature","geometry":{"type":"Point","coordinates":[13.9222,44.893501]},"properties":{"icao_code":"LDPL","name":"","location":"","country":""}},{"type":"Feature","geometry":{"type":"Point","coordinates":[14.5703,45.2169]},"properties":{"icao_code":"LDRI","name":"","location":"","country":""}},{"type":"Feature","geometry":{"type":"Point","coordinates":[16.678362,43.284454]},"properties":{"icao_code":"LDSB","name":"","location":"","country":""}},{"type":"Feature","geometry":{"type":"Point","coordinates":[16.298,43.538898]},"properties":{"icao_code":"LDSP","name":"","location":"","country":""}},{"type":"Feature","geometry":{"type":"Point","coordinates":[16.0688,45.742901]},"properties":{"icao_code":"LDZA","name":"","location":"","country":""}},{"type":"Feature","geometry":{"type":"Point","coordinates":[15.354879,44.094988]},"properties":{"icao_code":"LDZD","name":"","location":"","country":""}},{"type":"Feature","geometry":{"type":"Point","coordinates":[-1.86352,38.948502]},"properties":{"icao_code":"LEAB","name":"","location":"","country":""}},{"type":"Feature","geometry":{"type":"Point","coordinates":[-0.558156,38.2822]},"properties":{"icao_code":"LEAL","name":"","location":"","country":""}},{"type":"Feature","geometry":{"type":"Point","coordinates":[-2.3701,36.843899]},"properties":{"icao_code":"LEAM","name":"","location":"","country":""}},{"type":"Feature","geometry":{"type":"Point","coordinates":[-6.03462,43.563599]},"properties":{"icao_code":"LEAS","name":"","location":"","country":""}},{"type":"Feature","geometry":{"type":"Point","coordinates":[-4.84888,37.841999]},"properties":{"icao_code":"LEBA","name":"","location":"","country":""}},{"type":"Feature","geometry":{"type":"Point","coordinates":[-2.91061,43.301102]},"properties":{"icao_code":"LEBB","name":"","location":"","country":""}},{"type":"Feature","geometry":{"type":"Point","coordinates":[-3.62076,42.357601]},"properties":{"icao_code":"LEBG","name":"","location":"","country":""}},{"type":"Feature","geometry":{"type":"Point","coordinates":[2.07846,41.2971]},"properties":{"icao_code":"LEBL","name":"","location":"","country":""}},{"type":"Feature","geometry":{"type":"Point","coordinates":[-6.82133,38.8913]},"properties":{"icao_code":"LEBZ","name":"","location":"","country":""}},{"type":"Feature","geometry":{"type":"Point","coordinates":[0.073333,40.213889]},"properties":{"icao_code":"LECH","name":"","location":"","country":""}},{"type":"Feature","geometry":{"type":"Point","coordinates":[-8.37726,43.302101]},"properties":{"icao_code":"LECO","name":"","location":"","country":""}},{"type":"Feature","geometry":{"type":"Point","coordinates":[-3.78514,40.370701]},"properties":{"icao_code":"LECU","name":"","location":"","country":""}},{"type":"Feature","geometry":{"type":"Point","coordinates":[0.535023,41.728185]},"properties":{"icao_code":"LEDA","name":"","location":"","country":""}},{"type":"Feature","geometry":{"type":"Point","coordinates":[2.761774,41.904639]},"properties":{"icao_code":"LEGE","name":"","location":"","country":""}},{"type":"Feature","geometry":{"type":"Point","coordinates":[-3.77736,37.188702]},"properties":{"icao_code":"LEGR","name":"","location":"","country":""}},{"type":"Feature","geometry":{"type":"Point","coordinates":[-3.72383,40.294102]},"properties":{"icao_code":"LEGT","name":"","location":"","country":""}},{"type":"Feature","geometry":{"type":"Point","coordinates":[1.37312,38.872898]},"properties":{"icao_code":"LEIB","name":"","location":"","country":""}},{"type":"Feature","geometry":{"type":"Point","coordinates":[-6.06011,36.744598]},"properties":{"icao_code":"LEJR","name":"","location":"","country":""}},{"type":"Feature","geometry":{"type":"Point","coordinates":[-0.812389,37.775002]},"properties":{"icao_code":"LELC","name":"","location":"","country":""}},{"type":"Feature","geometry":{"type":"Point","coordinates":[-5.65556,42.589001]},"properties":{"icao_code":"LELN","name":"","location":"","country":""}},{"type":"Feature","geometry":{"type":"Point","coordinates":[-3.56264,40.471926]},"properties":{"icao_code":"LEMD","name":"","location":"","country":""}},{"type":"Feature","geometry":{"type":"Point","coordinates":[-4.49911,36.6749]},"properties":{"icao_code":"LEMG","name":"","location":"","country":""}},{"type":"Feature","geometry":{"type":"Point","coordinates":[4.21865,39.862598]},"properties":{"icao_code":"LEMH","name":"","location":"","country":""}},{"type":"Feature","geometry":{"type":"Point","coordinates":[-1.125,37.803]},"properties":{"icao_code":"LEMI","name":"","location":"","country":""}},{"type":"Feature","geometry":{"type":"Point","coordinates":[-5.61594,37.1749]},"properties":{"icao_code":"LEMO","name":"","location":"","country":""}},{"type":"Feature","geometry":{"type":"Point","coordinates":[2.73881,39.551701]},"properties":{"icao_code":"LEPA","name":"","location":"","country":""}},{"type":"Feature","geometry":{"type":"Point","coordinates":[-1.64633,42.77]},"properties":{"icao_code":"LEPP","name":"","location":"","country":""}},{"type":"Feature","geometry":{"type":"Point","coordinates":[-3.969944,38.856479]},"properties":{"icao_code":"LERL","name":"","location":"","country":""}},{"type":"Feature","geometry":{"type":"Point","coordinates":[1.16717,41.1474]},"properties":{"icao_code":"LERS","name":"","location":"","country":""}},{"type":"Feature","geometry":{"type":"Point","coordinates":[-6.34946,36.645199]},"properties":{"icao_code":"LERT","name":"","location":"","country":""}},{"type":"Feature","geometry":{"type":"Point","coordinates":[-5.50199,40.952099]},"properties":{"icao_code":"LESA","name":"","location":"","country":""}},{"type":"Feature","geometry":{"type":"Point","coordinates":[-1.79061,43.356499]},"properties":{"icao_code":"LESO","name":"","location":"","country":""}},{"type":"Feature","geometry":{"type":"Point","coordinates":[-8.41514,42.896301]},"properties":{"icao_code":"LEST","name":"","location":"","country":""}},{"type":"Feature","geometry":{"type":"Point","coordinates":[-1.217366,40.410269]},"properties":{"icao_code":"LETL","name":"","location":"","country":""}},{"type":"Feature","geometry":{"type":"Point","coordinates":[-3.456808,40.487875]},"properties":{"icao_code":"LETO","name":"","location":"","country":""}},{"type":"Feature","geometry":{"type":"Point","coordinates":[-0.481625,39.4893]},"properties":{"icao_code":"LEVC","name":"","location":"","country":""}},{"type":"Feature","geometry":{"type":"Point","coordinates":[-4.85194,41.7061]},"properties":{"icao_code":"LEVD","name":"","location":"","country":""}},{"type":"Feature","geometry":{"type":"Point","coordinates":[-2.72447,42.882801]},"properties":{"icao_code":"LEVT","name":"","location":"","country":""}},{"type":"Feature","geometry":{"type":"Point","coordinates":[-8.62677,42.2318]},"properties":{"icao_code":"LEVX","name":"","location":"","country":""}},{"type":"Feature","geometry":{"type":"Point","coordinates":[-3.82001,43.427101]},"properties":{"icao_code":"LEXJ","name":"","location":"","country":""}},{"type":"Feature","geometry":{"type":"Point","coordinates":[-1.04155,41.666199]},"properties":{"icao_code":"LEZG","name":"","location":"","country":""}},{"type":"Feature","geometry":{"type":"Point","coordinates":[-5.89311,37.417999]},"properties":{"icao_code":"LEZL","name":"","location":"","country":""}},{"type":"Feature","geometry":{"type":"Point","coordinates":[1.95476,50.962101]},"properties":{"icao_code":"LFAC","name":"","location":"","country":""}},{"type":"Feature","geometry":{"type":"Point","coordinates":[1.621656,50.518284]},"properties":{"icao_code":"LFAT","name":"","location":"","country":""}},{"type":"Feature","geometry":{"type":"Point","coordinates":[0.59309,44.174171]},"properties":{"icao_code":"LFBA","name":"","location":"","country":""}},{"type":"Feature","geometry":{"type":"Point","coordinates":[-0.715556,44.8283]},"properties":{"icao_code":"LFBD","name":"","location":"","country":""}},{"type":"Feature","geometry":{"type":"Point","coordinates":[0.518611,44.825298]},"properties":{"icao_code":"LFBE","name":"","location":"","country":""}},{"type":"Feature","geometry":{"type":"Point","coordinates":[-0.3175,45.658298]},"properties":{"icao_code":"LFBG","name":"","location":"","country":""}},{"type":"Feature","geometry":{"type":"Point","coordinates":[-1.19528,46.179199]},"properties":{"icao_code":"LFBH","name":"","location":"","country":""}},{"type":"Feature","geometry":{"type":"Point","coordinates":[0.306666,46.5877]},"properties":{"icao_code":"LFBI","name":"","location":"","country":""}},{"type":"Feature","geometry":{"type":"Point","coordinates":[2.36396,46.222599]},"properties":{"icao_code":"LFBK","name":"","location":"","country":""}},{"type":"Feature","geometry":{"type":"Point","coordinates":[1.17944,45.862801]},"properties":{"icao_code":"LFBL","name":"","location":"","country":""}},{"type":"Feature","geometry":{"type":"Point","coordinates":[-0.394529,46.313477]},"properties":{"icao_code":"LFBN","name":"","location":"","country":""}},{"type":"Feature","geometry":{"type":"Point","coordinates":[1.36382,43.629101]},"properties":{"icao_code":"LFBO","name":"","location":"","country":""}},{"type":"Feature","geometry":{"type":"Point","coordinates":[-0.418611,43.380001]},"properties":{"icao_code":"LFBP","name":"","location":"","country":""}},{"type":"Feature","geometry":{"type":"Point","coordinates":[-0.006439,43.178699]},"properties":{"icao_code":"LFBT","name":"","location":"","country":""}},{"type":"Feature","geometry":{"type":"Point","coordinates":[0.221456,45.729198]},"properties":{"icao_code":"LFBU","name":"","location":"","country":""}},{"type":"Feature","geometry":{"type":"Point","coordinates":[0.815556,45.198101]},"properties":{"icao_code":"LFBX","name":"","location":"","country":""}},{"type":"Feature","geometry":{"type":"Point","coordinates":[-1.531111,43.468333]},"properties":{"icao_code":"LFBZ","name":"","location":"","country":""}},{"type":"Feature","geometry":{"type":"Point","coordinates":[1.47528,44.351398]},"properties":{"icao_code":"LFCC","name":"","location":"","country":""}},{"type":"Feature","geometry":{"type":"Point","coordinates":[2.11306,43.913898]},"properties":{"icao_code":"LFCI","name":"","location":"","country":""}},{"type":"Feature","geometry":{"type":"Point","coordinates":[2.28918,43.556301]},"properties":{"icao_code":"LFCK","name":"","location":"","country":""}},{"type":"Feature","geometry":{"type":"Point","coordinates":[2.48267,44.407902]},"properties":{"icao_code":"LFCR","name":"","location":"","country":""}},{"type":"Feature","geometry":{"type":"Point","coordinates":[-0.9725,45.628101]},"properties":{"icao_code":"LFCY","name":"","location":"","country":""}},{"type":"Feature","geometry":{"type":"Point","coordinates":[-0.983056,45.887798]},"properties":{"icao_code":"LFDN","name":"","location":"","country":""}},{"type":"Feature","geometry":{"type":"Point","coordinates":[7.35901,48.109901]},"properties":{"icao_code":"LFGA","name":"","location":"","country":""}},{"type":"Feature","geometry":{"type":"Point","coordinates":[5.427589,47.038955]},"properties":{"icao_code":"LFGJ","name":"","location":"","country":""}},{"type":"Feature","geometry":{"type":"Point","coordinates":[4.372194,44.544367]},"properties":{"icao_code":"LFHO","name":"","location":"","country":""}},{"type":"Feature","geometry":{"type":"Point","coordinates":[6.25132,48.982101]},"properties":{"icao_code":"LFJL","name":"","location":"","country":""}},{"type":"Feature","geometry":{"type":"Point","coordinates":[-0.312222,47.560299]},"properties":{"icao_code":"LFJR","name":"","location":"","country":""}},{"type":"Feature","geometry":{"type":"Point","coordinates":[9.48373,42.5527]},"properties":{"icao_code":"LFKB","name":"","location":"","country":""}},{"type":"Feature","geometry":{"type":"Point","coordinates":[8.793056,42.524444]},"properties":{"icao_code":"LFKC","name":"","location":"","country":""}},{"type":"Feature","geometry":{"type":"Point","coordinates":[9.09778,41.500599]},"properties":{"icao_code":"LFKF","name":"","location":"","country":""}},{"type":"Feature","geometry":{"type":"Point","coordinates":[8.80292,41.923599]},"properties":{"icao_code":"LFKJ","name":"","location":"","country":""}},{"type":"Feature","geometry":{"type":"Point","coordinates":[9.406,41.9244]},"properties":{"icao_code":"LFKS","name":"","location":"","country":""}},{"type":"Feature","geometry":{"type":"Point","coordinates":[3.49711,47.850201]},"properties":{"icao_code":"LFLA","name":"","location":"","country":""}},{"type":"Feature","geometry":{"type":"Point","coordinates":[5.88023,45.6381]},"properties":{"icao_code":"LFLB","name":"","location":"","country":""}},{"type":"Feature","geometry":{"type":"Point","coordinates":[3.16917,45.786701]},"properties":{"icao_code":"LFLC","name":"","location":"","country":""}},{"type":"Feature","geometry":{"type":"Point","coordinates":[2.369633,47.060158]},"properties":{"icao_code":"LFLD","name":"","location":"","country":""}},{"type":"Feature","geometry":{"type":"Point","coordinates":[5.090139,45.725996]},"properties":{"icao_code":"LFLL","name":"","location":"","country":""}},{"type":"Feature","geometry":{"type":"Point","coordinates":[4.014177,46.414019]},"properties":{"icao_code":"LFLN","name":"","location":"","country":""}},{"type":"Feature","geometry":{"type":"Point","coordinates":[3.999023,46.053818]},"properties":{"icao_code":"LFLO","name":"","location":"","country":""}},{"type":"Feature","geometry":{"type":"Point","coordinates":[6.0987,45.928947]},"properties":{"icao_code":"LFLP","name":"","location":"","country":""}},{"type":"Feature","geometry":{"type":"Point","coordinates":[5.32937,45.3629]},"properties":{"icao_code":"LFLS","name":"","location":"","country":""}},{"type":"Feature","geometry":{"type":"Point","coordinates":[4.9699,44.9216]},"properties":{"icao_code":"LFLU","name":"","location":"","country":""}},{"type":"Feature","geometry":{"type":"Point","coordinates":[3.403637,46.16969]},"properties":{"icao_code":"LFLV","name":"","location":"","country":""}},{"type":"Feature","geometry":{"type":"Point","coordinates":[2.42194,44.891399]},"properties":{"icao_code":"LFLW","name":"","location":"","country":""}},{"type":"Feature","geometry":{"type":"Point","coordinates":[1.728326,46.860221]},"properties":{"icao_code":"LFLX","name":"","location":"","country":""}},{"type":"Feature","geometry":{"type":"Point","coordinates":[4.943991,45.727947]},"properties":{"icao_code":"LFLY","name":"","location":"","country":""}},{"type":"Feature","geometry":{"type":"Point","coordinates":[6.955176,43.547998]},"properties":{"icao_code":"LFMD","name":"","location":"","country":""}},{"type":"Feature","geometry":{"type":"Point","coordinates":[4.29639,45.5406]},"properties":{"icao_code":"LFMH","name":"","location":"","country":""}},{"type":"Feature","geometry":{"type":"Point","coordinates":[4.92384,43.522701]},"properties":{"icao_code":"LFMI","name":"","location":"","country":""}},{"type":"Feature","geometry":{"type":"Point","coordinates":[2.30632,43.216]},"properties":{"icao_code":"LFMK","name":"","location":"","country":""}},{"type":"Feature","geometry":{"type":"Point","coordinates":[5.2125,43.438088]},"properties":{"icao_code":"LFML","name":"","location":"","country":""}},{"type":"Feature","geometry":{"type":"Point","coordinates":[7.21587,43.658401]},"properties":{"icao_code":"LFMN","name":"","location":"","country":""}},{"type":"Feature","geometry":{"type":"Point","coordinates":[2.87067,42.740398]},"properties":{"icao_code":"LFMP","name":"","location":"","country":""}},{"type":"Feature","geometry":{"type":"Point","coordinates":[5.78519,43.252499]},"properties":{"icao_code":"LFMQ","name":"","location":"","country":""}},{"type":"Feature","geometry":{"type":"Point","coordinates":[3.96301,43.576199]},"properties":{"icao_code":"LFMT","name":"","location":"","country":""}},{"type":"Feature","geometry":{"type":"Point","coordinates":[3.3539,43.323502]},"properties":{"icao_code":"LFMU","name":"","location":"","country":""}},{"type":"Feature","geometry":{"type":"Point","coordinates":[4.90183,43.907299]},"properties":{"icao_code":"LFMV","name":"","location":"","country":""}},{"type":"Feature","geometry":{"type":"Point","coordinates":[3.53282,44.502102]},"properties":{"icao_code":"LFNB","name":"","location":"","country":""}},{"type":"Feature","geometry":{"type":"Point","coordinates":[2.11278,49.454399]},"properties":{"icao_code":"LFOB","name":"","location":"","country":""}},{"type":"Feature","geometry":{"type":"Point","coordinates":[1.21986,49.028702]},"properties":{"icao_code":"LFOE","name":"","location":"","country":""}},{"type":"Feature","geometry":{"type":"Point","coordinates":[0.088406,49.534038]},"properties":{"icao_code":"LFOH","name":"","location":"","country":""}},{"type":"Feature","geometry":{"type":"Point","coordinates":[1.831891,50.143501]},"properties":{"icao_code":"LFOI","name":"","location":"","country":""}},{"type":"Feature","geometry":{"type":"Point","coordinates":[4.20611,48.77333]},"properties":{"icao_code":"LFOK","name":"","location":"","country":""}},{"type":"Feature","geometry":{"type":"Point","coordinates":[1.179142,49.384887]},"properties":{"icao_code":"LFOP","name":"","location":"","country":""}},{"type":"Feature","geometry":{"type":"Point","coordinates":[0.727606,47.432201]},"properties":{"icao_code":"LFOT","name":"","location":"","country":""}},{"type":"Feature","geometry":{"type":"Point","coordinates":[-0.743999,48.032208]},"properties":{"icao_code":"LFOV","name":"","location":"","country":""}},{"type":"Feature","geometry":{"type":"Point","coordinates":[2.44139,48.969398]},"properties":{"icao_code":"LFPB","name":"","location":"","country":""}},{"type":"Feature","geometry":{"type":"Point","coordinates":[2.51914,49.253502]},"properties":{"icao_code":"LFPC","name":"","location":"","country":""}},{"type":"Feature","geometry":{"type":"Point","coordinates":[2.55,49.012798]},"properties":{"icao_code":"LFPG","name":"","location":"","country":""}},{"type":"Feature","geometry":{"type":"Point","coordinates":[2.10619,48.7519]},"properties":{"icao_code":"LFPN","name":"","location":"","country":""}},{"type":"Feature","geometry":{"type":"Point","coordinates":[2.37944,48.72333]},"properties":{"icao_code":"LFPO","name":"","location":"","country":""}},{"type":"Feature","geometry":{"type":"Point","coordinates":[3.113114,47.002913]},"properties":{"icao_code":"LFQG","name":"","location":"","country":""}},{"type":"Feature","geometry":{"type":"Point","coordinates":[3.086886,50.563332]},"properties":{"icao_code":"LFQQ","name":"","location":"","country":""}},{"type":"Feature","geometry":{"type":"Point","coordinates":[2.64224,50.618401]},"properties":{"icao_code":"LFQT","name":"","location":"","country":""}},{"type":"Feature","geometry":{"type":"Point","coordinates":[4.64708,49.783901]},"properties":{"icao_code":"LFQV","name":"","location":"","country":""}},{"type":"Feature","geometry":{"type":"Point","coordinates":[-4.41854,48.447899]},"properties":{"icao_code":"LFRB","name":"","location":"","country":""}},{"type":"Feature","geometry":{"type":"Point","coordinates":[-1.47028,49.650101]},"properties":{"icao_code":"LFRC","name":"","location":"","country":""}},{"type":"Feature","geometry":{"type":"Point","coordinates":[-2.07996,48.5877]},"properties":{"icao_code":"LFRD","name":"","location":"","country":""}},{"type":"Feature","geometry":{"type":"Point","coordinates":[-2.34639,47.289398]},"properties":{"icao_code":"LFRE","name":"","location":"","country":""}},{"type":"Feature","geometry":{"type":"Point","coordinates":[-1.56417,48.883099]},"properties":{"icao_code":"LFRF","name":"","location":"","country":""}},{"type":"Feature","geometry":{"type":"Point","coordinates":[0.154481,49.365237]},"properties":{"icao_code":"LFRG","name":"","location":"","country":""}},{"type":"Feature","geometry":{"type":"Point","coordinates":[-3.44,47.760601]},"properties":{"icao_code":"LFRH","name":"","location":"","country":""}},{"type":"Feature","geometry":{"type":"Point","coordinates":[-1.37863,46.7019]},"properties":{"icao_code":"LFRI","name":"","location":"","country":""}},{"type":"Feature","geometry":{"type":"Point","coordinates":[-4.15164,48.5303]},"properties":{"icao_code":"LFRJ","name":"","location":"","country":""}},{"type":"Feature","geometry":{"type":"Point","coordinates":[-0.454883,49.17678]},"properties":{"icao_code":"LFRK","name":"","location":"","country":""}},{"type":"Feature","geometry":{"type":"Point","coordinates":[0.201702,47.948604]},"properties":{"icao_code":"LFRM","name":"","location":"","country":""}},{"type":"Feature","geometry":{"type":"Point","coordinates":[-1.73479,48.0695]},"properties":{"icao_code":"LFRN","name":"","location":"","country":""}},{"type":"Feature","geometry":{"type":"Point","coordinates":[-3.47166,48.754398]},"properties":{"icao_code":"LFRO","name":"","location":"","country":""}},{"type":"Feature","geometry":{"type":"Point","coordinates":[-4.169655,47.973031]},"properties":{"icao_code":"LFRQ","name":"","location":"","country":""}},{"type":"Feature","geometry":{"type":"Point","coordinates":[-1.61073,47.153198]},"properties":{"icao_code":"LFRS","name":"","location":"","country":""}},{"type":"Feature","geometry":{"type":"Point","coordinates":[-2.853518,48.538628]},"properties":{"icao_code":"LFRT","name":"","location":"","country":""}},{"type":"Feature","geometry":{"type":"Point","coordinates":[-3.81578,48.603199]},"properties":{"icao_code":"LFRU","name":"","location":"","country":""}},{"type":"Feature","geometry":{"type":"Point","coordinates":[-2.71856,47.723301]},"properties":{"icao_code":"LFRV","name":"","location":"","country":""}},{"type":"Feature","geometry":{"type":"Point","coordinates":[-2.152634,47.31142]},"properties":{"icao_code":"LFRZ","name":"","location":"","country":""}},{"type":"Feature","geometry":{"type":"Point","coordinates":[7.521117,47.60068]},"properties":{"icao_code":"LFSB","name":"","location":"","country":""}},{"type":"Feature","geometry":{"type":"Point","coordinates":[5.09,47.268902]},"properties":{"icao_code":"LFSD","name":"","location":"","country":""}},{"type":"Feature","geometry":{"type":"Point","coordinates":[6.06998,48.325001]},"properties":{"icao_code":"LFSG","name":"","location":"","country":""}},{"type":"Feature","geometry":{"type":"Point","coordinates":[1.485556,45.039722]},"properties":{"icao_code":"LFSL","name":"","location":"","country":""}},{"type":"Feature","geometry":{"type":"Point","coordinates":[6.23046,48.692101]},"properties":{"icao_code":"LFSN","name":"","location":"","country":""}},{"type":"Feature","geometry":{"type":"Point","coordinates":[7.62823,48.5383]},"properties":{"icao_code":"LFST","name":"","location":"","country":""}},{"type":"Feature","geometry":{"type":"Point","coordinates":[6.14603,43.097301]},"properties":{"icao_code":"LFTH","name":"","location":"","country":""}},{"type":"Feature","geometry":{"type":"Point","coordinates":[4.41635,43.757401]},"properties":{"icao_code":"LFTW","name":"","location":"","country":""}},{"type":"Feature","geometry":{"type":"Point","coordinates":[-56.1731,46.762901]},"properties":{"icao_code":"LFVP","name":"","location":"","country":""}},{"type":"Feature","geometry":{"type":"Point","coordinates":[21.292601,37.9207]},"properties":{"icao_code":"LGAD","name":"","location":"","country":""}},{"type":"Feature","geometry":{"type":"Point","coordinates":[25.956301,40.8559]},"properties":{"icao_code":"LGAL","name":"","location":"","country":""}},{"type":"Feature","geometry":{"type":"Point","coordinates":[23.9445,37.936401]},"properties":{"icao_code":"LGAV","name":"","location":"","country":""}},{"type":"Feature","geometry":{"type":"Point","coordinates":[22.7943,39.219601]},"properties":{"icao_code":"LGBL","name":"","location":"","country":""}},{"type":"Feature","geometry":{"type":"Point","coordinates":[23.556,38.063801]},"properties":{"icao_code":"LGEL","name":"","location":"","country":""}},{"type":"Feature","geometry":{"type":"Point","coordinates":[26.1406,38.343201]},"properties":{"icao_code":"LGHI","name":"","location":"","country":""}},{"type":"Feature","geometry":{"type":"Point","coordinates":[20.8225,39.6964]},"properties":{"icao_code":"LGIO","name":"","location":"","country":""}},{"type":"Feature","geometry":{"type":"Point","coordinates":[25.1803,35.339699]},"properties":{"icao_code":"LGIR","name":"","location":"","country":""}},{"type":"Feature","geometry":{"type":"Point","coordinates":[20.5005,38.120098]},"properties":{"icao_code":"LGKF","name":"","location":"","country":""}},{"type":"Feature","geometry":{"type":"Point","coordinates":[22.025499,37.068298]},"properties":{"icao_code":"LGKL","name":"","location":"","country":""}},{"type":"Feature","geometry":{"type":"Point","coordinates":[27.09115,36.794523]},"properties":{"icao_code":"LGKO","name":"","location":"","country":""}},{"type":"Feature","geometry":{"type":"Point","coordinates":[27.146,35.421398]},"properties":{"icao_code":"LGKP","name":"","location":"","country":""}},{"type":"Feature","geometry":{"type":"Point","coordinates":[19.912038,39.602024]},"properties":{"icao_code":"LGKR","name":"","location":"","country":""}},{"type":"Feature","geometry":{"type":"Point","coordinates":[24.6192,40.9133]},"properties":{"icao_code":"LGKV","name":"","location":"","country":""}},{"type":"Feature","geometry":{"type":"Point","coordinates":[21.840799,40.286098]},"properties":{"icao_code":"LGKZ","name":"","location":"","country":""}},{"type":"Feature","geometry":{"type":"Point","coordinates":[25.348101,37.435101]},"properties":{"icao_code":"LGMK","name":"","location":"","country":""}},{"type":"Feature","geometry":{"type":"Point","coordinates":[26.598887,39.057272]},"properties":{"icao_code":"LGMT","name":"","location":"","country":""}},{"type":"Feature","geometry":{"type":"Point","coordinates":[20.765301,38.925499]},"properties":{"icao_code":"LGPZ","name":"","location":"","country":""}},{"type":"Feature","geometry":{"type":"Point","coordinates":[28.086201,36.405399]},"properties":{"icao_code":"LGRP","name":"","location":"","country":""}},{"type":"Feature","geometry":{"type":"Point","coordinates":[21.4256,38.1511]},"properties":{"icao_code":"LGRX","name":"","location":"","country":""}},{"type":"Feature","geometry":{"type":"Point","coordinates":[24.1497,35.5317]},"properties":{"icao_code":"LGSA","name":"","location":"","country":""}},{"type":"Feature","geometry":{"type":"Point","coordinates":[23.5037,39.177101]},"properties":{"icao_code":"LGSK","name":"","location":"","country":""}},{"type":"Feature","geometry":{"type":"Point","coordinates":[26.911699,37.689999]},"properties":{"icao_code":"LGSM","name":"","location":"","country":""}},{"type":"Feature","geometry":{"type":"Point","coordinates":[25.4793,36.3992]},"properties":{"icao_code":"LGSR","name":"","location":"","country":""}},{"type":"Feature","geometry":{"type":"Point","coordinates":[26.101299,35.216099]},"properties":{"icao_code":"LGST","name":"","location":"","country":""}},{"type":"Feature","geometry":{"type":"Point","coordinates":[22.970009,40.51928]},"properties":{"icao_code":"LGTS","name":"","location":"","country":""}},{"type":"Feature","geometry":{"type":"Point","coordinates":[20.8843,37.7509]},"properties":{"icao_code":"LGZA","name":"","location":"","country":""}},{"type":"Feature","geometry":{"type":"Point","coordinates":[19.262393,47.43018]},"properties":{"icao_code":"LHBP","name":"","location":"","country":""}},{"type":"Feature","geometry":{"type":"Point","coordinates":[21.615299,47.488899]},"properties":{"icao_code":"LHDC","name":"","location":"","country":""}},{"type":"Feature","geometry":{"type":"Point","coordinates":[19.749201,46.9175]},"properties":{"icao_code":"LHKE","name":"","location":"","country":""}},{"type":"Feature","geometry":{"type":"Point","coordinates":[18.242044,45.988891]},"properties":{"icao_code":"LHPP","name":"","location":"","country":""}},{"type":"Feature","geometry":{"type":"Point","coordinates":[17.159084,46.686391]},"properties":{"icao_code":"LHSM","name":"","location":"","country":""}},{"type":"Feature","geometry":{"type":"Point","coordinates":[17.0802,38.9972]},"properties":{"icao_code":"LIBC","name":"","location":"","country":""}},{"type":"Feature","geometry":{"type":"Point","coordinates":[16.760599,41.138901]},"properties":{"icao_code":"LIBD","name":"","location":"","country":""}},{"type":"Feature","geometry":{"type":"Point","coordinates":[15.534566,41.433596]},"properties":{"icao_code":"LIBF","name":"","location":"","country":""}},{"type":"Feature","geometry":{"type":"Point","coordinates":[17.4032,40.517502]},"properties":{"icao_code":"LIBG","name":"","location":"","country":""}},{"type":"Feature","geometry":{"type":"Point","coordinates":[18.133301,40.239201]},"properties":{"icao_code":"LIBN","name":"","location":"","country":""}},{"type":"Feature","geometry":{"type":"Point","coordinates":[14.1811,42.431702]},"properties":{"icao_code":"LIBP","name":"","location":"","country":""}},{"type":"Feature","geometry":{"type":"Point","coordinates":[17.947001,40.6576]},"properties":{"icao_code":"LIBR","name":"","location":"","country":""}},{"type":"Feature","geometry":{"type":"Point","coordinates":[16.243762,38.905197]},"properties":{"icao_code":"LICA","name":"","location":"","country":""}},{"type":"Feature","geometry":{"type":"Point","coordinates":[14.60889,36.99583]},"properties":{"icao_code":"LICB","name":"","location":"","country":""}},{"type":"Feature","geometry":{"type":"Point","coordinates":[15.0664,37.466801]},"properties":{"icao_code":"LICC","name":"","location":"","country":""}},{"type":"Feature","geometry":{"type":"Point","coordinates":[12.6181,35.497898]},"properties":{"icao_code":"LICD","name":"","location":"","country":""}},{"type":"Feature","geometry":{"type":"Point","coordinates":[11.9689,36.816502]},"properties":{"icao_code":"LICG","name":"","location":"","country":""}},{"type":"Feature","geometry":{"type":"Point","coordinates":[13.091,38.175999]},"properties":{"icao_code":"LICJ","name":"","location":"","country":""}},{"type":"Feature","geometry":{"type":"Point","coordinates":[15.6516,38.071201]},"properties":{"icao_code":"LICR","name":"","location":"","country":""}},{"type":"Feature","geometry":{"type":"Point","coordinates":[12.488,37.9114]},"properties":{"icao_code":"LICT","name":"","location":"","country":""}},{"type":"Feature","geometry":{"type":"Point","coordinates":[14.9224,37.401699]},"properties":{"icao_code":"LICZ","name":"","location":"","country":""}},{"type":"Feature","geometry":{"type":"Point","coordinates":[8.29077,40.632099]},"properties":{"icao_code":"LIEA","name":"","location":"","country":""}},{"type":"Feature","geometry":{"type":"Point","coordinates":[8.97248,39.354198]},"properties":{"icao_code":"LIED","name":"","location":"","country":""}},{"type":"Feature","geometry":{"type":"Point","coordinates":[9.05428,39.251499]},"properties":{"icao_code":"LIEE","name":"","location":"","country":""}},{"type":"Feature","geometry":{"type":"Point","coordinates":[9.51763,40.898701]},"properties":{"icao_code":"LIEO","name":"","location":"","country":""}},{"type":"Feature","geometry":{"type":"Point","coordinates":[9.68298,39.9188]},"properties":{"icao_code":"LIET","name":"","location":"","country":""}},{"type":"Feature","geometry":{"type":"Point","coordinates":[8.888233,45.742199]},"properties":{"icao_code":"LILN","name":"","location":"","country":""}},{"type":"Feature","geometry":{"type":"Point","coordinates":[8.72811,45.6306]},"properties":{"icao_code":"LIMC","name":"","location":"","country":""}},{"type":"Feature","geometry":{"type":"Point","coordinates":[9.709223,45.670725]},"properties":{"icao_code":"LIME","name":"","location":"","country":""}},{"type":"Feature","geometry":{"type":"Point","coordinates":[7.64963,45.200802]},"properties":{"icao_code":"LIMF","name":"","location":"","country":""}},{"type":"Feature","geometry":{"type":"Point","coordinates":[8.12743,44.050598]},"properties":{"icao_code":"LIMG","name":"","location":"","country":""}},{"type":"Feature","geometry":{"type":"Point","coordinates":[8.840732,44.412039]},"properties":{"icao_code":"LIMJ","name":"","location":"","country":""}},{"type":"Feature","geometry":{"type":"Point","coordinates":[9.27674,45.445099]},"properties":{"icao_code":"LIML","name":"","location":"","country":""}},{"type":"Feature","geometry":{"type":"Point","coordinates":[10.29705,44.826351]},"properties":{"icao_code":"LIMP","name":"","location":"","country":""}},{"type":"Feature","geometry":{"type":"Point","coordinates":[7.3683,45.738552]},"properties":{"icao_code":"LIMW","name":"","location":"","country":""}},{"type":"Feature","geometry":{"type":"Point","coordinates":[7.62322,44.547001]},"properties":{"icao_code":"LIMZ","name":"","location":"","country":""}},{"type":"Feature","geometry":{"type":"Point","coordinates":[12.596503,46.031898]},"properties":{"icao_code":"LIPA","name":"","location":"","country":""}},{"type":"Feature","geometry":{"type":"Point","coordinates":[11.3264,46.460201]},"properties":{"icao_code":"LIPB","name":"","location":"","country":""}},{"type":"Feature","geometry":{"type":"Point","coordinates":[11.2887,44.5354]},"properties":{"icao_code":"LIPE","name":"","location":"","country":""}},{"type":"Feature","geometry":{"type":"Point","coordinates":[12.1944,45.648399]},"properties":{"icao_code":"LIPH","name":"","location":"","country":""}},{"type":"Feature","geometry":{"type":"Point","coordinates":[12.0701,44.194801]},"properties":{"icao_code":"LIPK","name":"","location":"","country":""}},{"type":"Feature","geometry":{"type":"Point","coordinates":[10.3306,45.428902]},"properties":{"icao_code":"LIPO","name":"","location":"","country":""}},{"type":"Feature","geometry":{"type":"Point","coordinates":[13.4722,45.827499]},"properties":{"icao_code":"LIPQ","name":"","location":"","country":""}},{"type":"Feature","geometry":{"type":"Point","coordinates":[12.6117,44.020302]},"properties":{"icao_code":"LIPR","name":"","location":"","country":""}},{"type":"Feature","geometry":{"type":"Point","coordinates":[10.887303,45.394955]},"properties":{"icao_code":"LIPX","name":"","location":"","country":""}},{"type":"Feature","geometry":{"type":"Point","coordinates":[13.3623,43.616299]},"properties":{"icao_code":"LIPY","name":"","location":"","country":""}},{"type":"Feature","geometry":{"type":"Point","coordinates":[12.3519,45.505299]},"properties":{"icao_code":"LIPZ","name":"","location":"","country":""}},{"type":"Feature","geometry":{"type":"Point","coordinates":[11.255,43.256302]},"properties":{"icao_code":"LIQS","name":"","location":"","country":""}},{"type":"Feature","geometry":{"type":"Point","coordinates":[12.5949,41.7994]},"properties":{"icao_code":"LIRA","name":"","location":"","country":""}},{"type":"Feature","geometry":{"type":"Point","coordinates":[12.251998,41.804532]},"properties":{"icao_code":"LIRF","name":"","location":"","country":""}},{"type":"Feature","geometry":{"type":"Point","coordinates":[14.9113,40.620399]},"properties":{"icao_code":"LIRI","name":"","location":"","country":""}},{"type":"Feature","geometry":{"type":"Point","coordinates":[10.239811,42.760871]},"properties":{"icao_code":"LIRJ","name":"","location":"","country":""}},{"type":"Feature","geometry":{"type":"Point","coordinates":[14.2908,40.886002]},"properties":{"icao_code":"LIRN","name":"","location":"","country":""}},{"type":"Feature","geometry":{"type":"Point","coordinates":[10.3927,43.683899]},"properties":{"icao_code":"LIRP","name":"","location":"","country":""}},{"type":"Feature","geometry":{"type":"Point","coordinates":[11.202822,43.808558]},"properties":{"icao_code":"LIRQ","name":"","location":"","country":""}},{"type":"Feature","geometry":{"type":"Point","coordinates":[11.0719,42.759701]},"properties":{"icao_code":"LIRS","name":"","location":"","country":""}},{"type":"Feature","geometry":{"type":"Point","coordinates":[12.5132,43.095901]},"properties":{"icao_code":"LIRZ","name":"","location":"","country":""}},{"type":"Feature","geometry":{"type":"Point","coordinates":[14.4576,46.223701]},"properties":{"icao_code":"LJLJ","name":"","location":"","country":""}},{"type":"Feature","geometry":{"type":"Point","coordinates":[15.6861,46.4799]},"properties":{"icao_code":"LJMB","name":"","location":"","country":""}},{"type":"Feature","geometry":{"type":"Point","coordinates":[13.615951,45.47201]},"properties":{"icao_code":"LJPZ","name":"","location":"","country":""}},{"type":"Feature","geometry":{"type":"Point","coordinates":[15.3818,49.939701]},"properties":{"icao_code":"LKCV","name":"","location":"","country":""}},{"type":"Feature","geometry":{"type":"Point","coordinates":[14.5436,50.121399]},"properties":{"icao_code":"LKKB","name":"","location":"","country":""}},{"type":"Feature","geometry":{"type":"Point","coordinates":[17.439699,49.0294]},"properties":{"icao_code":"LKKU","name":"","location":"","country":""}},{"type":"Feature","geometry":{"type":"Point","coordinates":[12.915,50.202999]},"properties":{"icao_code":"LKKV","name":"","location":"","country":""}},{"type":"Feature","geometry":{"type":"Point","coordinates":[13.2746,49.675201]},"properties":{"icao_code":"LKLN","name":"","location":"","country":""}},{"type":"Feature","geometry":{"type":"Point","coordinates":[18.111099,49.696301]},"properties":{"icao_code":"LKMT","name":"","location":"","country":""}},{"type":"Feature","geometry":{"type":"Point","coordinates":[16.123981,49.166272]},"properties":{"icao_code":"LKNA","name":"","location":"","country":""}},{"type":"Feature","geometry":{"type":"Point","coordinates":[15.7386,50.013401]},"properties":{"icao_code":"LKPD","name":"","location":"","country":""}},{"type":"Feature","geometry":{"type":"Point","coordinates":[17.404699,49.4258]},"properties":{"icao_code":"LKPO","name":"","location":"","country":""}},{"type":"Feature","geometry":{"type":"Point","coordinates":[14.259911,50.100874]},"properties":{"icao_code":"LKPR","name":"","location":"","country":""}},{"type":"Feature","geometry":{"type":"Point","coordinates":[16.694401,49.151299]},"properties":{"icao_code":"LKTB","name":"","location":"","country":""}},{"type":"Feature","geometry":{"type":"Point","coordinates":[14.3958,50.216599]},"properties":{"icao_code":"LKVO","name":"","location":"","country":""}},{"type":"Feature","geometry":{"type":"Point","coordinates":[34.8867,32.011398]},"properties":{"icao_code":"LLBG","name":"","location":"","country":""}},{"type":"Feature","geometry":{"type":"Point","coordinates":[34.8218,31.8395]},"properties":{"icao_code":"LLEK","name":"","location":"","country":""}},{"type":"Feature","geometry":{"type":"Point","coordinates":[35.014116,29.727009]},"properties":{"icao_code":"LLER","name":"","location":"","country":""}},{"type":"Feature","geometry":{"type":"Point","coordinates":[35.043098,32.809399]},"properties":{"icao_code":"LLHA","name":"","location":"","country":""}},{"type":"Feature","geometry":{"type":"Point","coordinates":[35.571899,32.980999]},"properties":{"icao_code":"LLIB","name":"","location":"","country":""}},{"type":"Feature","geometry":{"type":"Point","coordinates":[35.388599,31.328199]},"properties":{"icao_code":"LLMZ","name":"","location":"","country":""}},{"type":"Feature","geometry":{"type":"Point","coordinates":[35.012299,31.2083]},"properties":{"icao_code":"LLNV","name":"","location":"","country":""}},{"type":"Feature","geometry":{"type":"Point","coordinates":[35.179501,32.6651]},"properties":{"icao_code":"LLRD","name":"","location":"","country":""}},{"type":"Feature","geometry":{"type":"Point","coordinates":[34.666698,30.7761]},"properties":{"icao_code":"LLRM","name":"","location":"","country":""}},{"type":"Feature","geometry":{"type":"Point","coordinates":[14.4775,35.857498]},"properties":{"icao_code":"LMML","name":"","location":"","country":""}},{"type":"Feature","geometry":{"type":"Point","coordinates":[16.260099,47.8433]},"properties":{"icao_code":"LOAN","name":"","location":"","country":""}},{"type":"Feature","geometry":{"type":"Point","coordinates":[15.4396,46.9911]},"properties":{"icao_code":"LOWG","name":"","location":"","country":""}},{"type":"Feature","geometry":{"type":"Point","coordinates":[11.344,47.260201]},"properties":{"icao_code":"LOWI","name":"","location":"","country":""}},{"type":"Feature","geometry":{"type":"Point","coordinates":[14.3377,46.642502]},"properties":{"icao_code":"LOWK","name":"","location":"","country":""}},{"type":"Feature","geometry":{"type":"Point","coordinates":[14.1875,48.2332]},"properties":{"icao_code":"LOWL","name":"","location":"","country":""}},{"type":"Feature","geometry":{"type":"Point","coordinates":[13.0043,47.793301]},"properties":{"icao_code":"LOWS","name":"","location":"","country":""}},{"type":"Feature","geometry":{"type":"Point","coordinates":[16.5697,48.110298]},"properties":{"icao_code":"LOWW","name":"","location":"","country":""}},{"type":"Feature","geometry":{"type":"Point","coordinates":[16.221838,47.836933]},"properties":{"icao_code":"LOXN","name":"","location":"","country":""}},{"type":"Feature","geometry":{"type":"Point","coordinates":[14.7442,47.202801]},"properties":{"icao_code":"LOXZ","name":"","location":"","country":""}},{"type":"Feature","geometry":{"type":"Point","coordinates":[-9.0301,38.883301]},"properties":{"icao_code":"LPAR","name":"","location":"","country":""}},{"type":"Feature","geometry":{"type":"Point","coordinates":[-25.170601,36.971401]},"properties":{"icao_code":"LPAZ","name":"","location":"","country":""}},{"type":"Feature","geometry":{"type":"Point","coordinates":[-6.70713,41.8578]},"properties":{"icao_code":"LPBG","name":"","location":"","country":""}},{"type":"Feature","geometry":{"type":"Point","coordinates":[-7.9324,38.078899]},"properties":{"icao_code":"LPBJ","name":"","location":"","country":""}},{"type":"Feature","geometry":{"type":"Point","coordinates":[-8.445189,41.587]},"properties":{"icao_code":"LPBR","name":"","location":"","country":""}},{"type":"Feature","geometry":{"type":"Point","coordinates":[-7.439875,39.844528]},"properties":{"icao_code":"LPCB","name":"","location":"","country":""}},{"type":"Feature","geometry":{"type":"Point","coordinates":[-8.470815,40.158758]},"properties":{"icao_code":"LPCO","name":"","location":"","country":""}},{"type":"Feature","geometry":{"type":"Point","coordinates":[-9.35523,38.724998]},"properties":{"icao_code":"LPCS","name":"","location":"","country":""}},{"type":"Feature","geometry":{"type":"Point","coordinates":[-31.131399,39.455299]},"properties":{"icao_code":"LPFL","name":"","location":"","country":""}},{"type":"Feature","geometry":{"type":"Point","coordinates":[-7.96591,37.0144]},"properties":{"icao_code":"LPFR","name":"","location":"","country":""}},{"type":"Feature","geometry":{"type":"Point","coordinates":[-28.0298,39.092201]},"properties":{"icao_code":"LPGR","name":"","location":"","country":""}},{"type":"Feature","geometry":{"type":"Point","coordinates":[-28.7159,38.519901]},"properties":{"icao_code":"LPHR","name":"","location":"","country":""}},{"type":"Feature","geometry":{"type":"Point","coordinates":[-27.090799,38.761799]},"properties":{"icao_code":"LPLA","name":"","location":"","country":""}},{"type":"Feature","geometry":{"type":"Point","coordinates":[-16.7745,32.697899]},"properties":{"icao_code":"LPMA","name":"","location":"","country":""}},{"type":"Feature","geometry":{"type":"Point","coordinates":[-8.8875,39.828335]},"properties":{"icao_code":"LPMR","name":"","location":"","country":""}},{"type":"Feature","geometry":{"type":"Point","coordinates":[-25.697901,37.741199]},"properties":{"icao_code":"LPPD","name":"","location":"","country":""}},{"type":"Feature","geometry":{"type":"Point","coordinates":[-28.441299,38.554298]},"properties":{"icao_code":"LPPI","name":"","location":"","country":""}},{"type":"Feature","geometry":{"type":"Point","coordinates":[-8.58396,37.1493]},"properties":{"icao_code":"LPPM","name":"","location":"","country":""}},{"type":"Feature","geometry":{"type":"Point","coordinates":[-8.68139,41.2481]},"properties":{"icao_code":"LPPR","name":"","location":"","country":""}},{"type":"Feature","geometry":{"type":"Point","coordinates":[-16.35,33.073399]},"properties":{"icao_code":"LPPS","name":"","location":"","country":""}},{"type":"Feature","geometry":{"type":"Point","coordinates":[-9.13592,38.7813]},"properties":{"icao_code":"LPPT","name":"","location":"","country":""}},{"type":"Feature","geometry":{"type":"Point","coordinates":[-28.1758,38.665501]},"properties":{"icao_code":"LPSJ","name":"","location":"","country":""}},{"type":"Feature","geometry":{"type":"Point","coordinates":[-8.057787,39.211545]},"properties":{"icao_code":"LPSO","name":"","location":"","country":""}},{"type":"Feature","geometry":{"type":"Point","coordinates":[-8.516209,41.27729]},"properties":{"icao_code":"LPVL","name":"","location":"","country":""}},{"type":"Feature","geometry":{"type":"Point","coordinates":[-7.72047,41.2743]},"properties":{"icao_code":"LPVR","name":"","location":"","country":""}},{"type":"Feature","geometry":{"type":"Point","coordinates":[-7.88899,40.725498]},"properties":{"icao_code":"LPVZ","name":"","location":"","country":""}},{"type":"Feature","geometry":{"type":"Point","coordinates":[17.297501,44.941399]},"properties":{"icao_code":"LQBK","name":"","location":"","country":""}},{"type":"Feature","geometry":{"type":"Point","coordinates":[17.8459,43.282902]},"properties":{"icao_code":"LQMO","name":"","location":"","country":""}},{"type":"Feature","geometry":{"type":"Point","coordinates":[18.331499,43.8246]},"properties":{"icao_code":"LQSA","name":"","location":"","country":""}},{"type":"Feature","geometry":{"type":"Point","coordinates":[18.7248,44.458698]},"properties":{"icao_code":"LQTZ","name":"","location":"","country":""}},{"type":"Feature","geometry":{"type":"Point","coordinates":[27.7267,44.3923]},"properties":{"icao_code":"LRFT","name":"","location":"","country":""}},{"type":"Feature","geometry":{"type":"Point","coordinates":[26.9786,45.2164]},"properties":{"icao_code":"LRBO","name":"","location":"","country":""}},{"type":"Feature","geometry":{"type":"Point","coordinates":[21.261999,46.176601]},"properties":{"icao_code":"LRAR","name":"","location":"","country":""}},{"type":"Feature","geometry":{"type":"Point","coordinates":[26.910299,46.5219]},"properties":{"icao_code":"LRBC","name":"","location":"","country":""}},{"type":"Feature","geometry":{"type":"Point","coordinates":[23.464445,47.658444]},"properties":{"icao_code":"LRBM","name":"","location":"","country":""}},{"type":"Feature","geometry":{"type":"Point","coordinates":[26.1021,44.503201]},"properties":{"icao_code":"LRBS","name":"","location":"","country":""}},{"type":"Feature","geometry":{"type":"Point","coordinates":[25.522871,45.70558]},"properties":{"icao_code":"LRBV","name":"","location":"","country":""}},{"type":"Feature","geometry":{"type":"Point","coordinates":[28.4883,44.362202]},"properties":{"icao_code":"LRCK","name":"","location":"","country":""}},{"type":"Feature","geometry":{"type":"Point","coordinates":[23.684292,46.787425]},"properties":{"icao_code":"LRCL","name":"","location":"","country":""}},{"type":"Feature","geometry":{"type":"Point","coordinates":[22.252507,45.420142]},"properties":{"icao_code":"LRCS","name":"","location":"","country":""}},{"type":"Feature","geometry":{"type":"Point","coordinates":[23.8859,46.5023]},"properties":{"icao_code":"LRCT","name":"","location":"","country":""}},{"type":"Feature","geometry":{"type":"Point","coordinates":[23.888599,44.3181]},"properties":{"icao_code":"LRCV","name":"","location":"","country":""}},{"type":"Feature","geometry":{"type":"Point","coordinates":[27.620833,47.180278]},"properties":{"icao_code":"LRIA","name":"","location":"","country":""}},{"type":"Feature","geometry":{"type":"Point","coordinates":[21.9025,47.025299]},"properties":{"icao_code":"LROD","name":"","location":"","country":""}},{"type":"Feature","geometry":{"type":"Point","coordinates":[26.103396,44.572127]},"properties":{"icao_code":"LROP","name":"","location":"","country":""}},{"type":"Feature","geometry":{"type":"Point","coordinates":[24.086666,45.785841]},"properties":{"icao_code":"LRSB","name":"","location":"","country":""}},{"type":"Feature","geometry":{"type":"Point","coordinates":[22.8857,47.7033]},"properties":{"icao_code":"LRSM","name":"","location":"","country":""}},{"type":"Feature","geometry":{"type":"Point","coordinates":[26.354099,47.6875]},"properties":{"icao_code":"LRSV","name":"","location":"","country":""}},{"type":"Feature","geometry":{"type":"Point","coordinates":[28.7143,45.0625]},"properties":{"icao_code":"LRTC","name":"","location":"","country":""}},{"type":"Feature","geometry":{"type":"Point","coordinates":[24.4125,46.467701]},"properties":{"icao_code":"LRTM","name":"","location":"","country":""}},{"type":"Feature","geometry":{"type":"Point","coordinates":[21.3379,45.809898]},"properties":{"icao_code":"LRTR","name":"","location":"","country":""}},{"type":"Feature","geometry":{"type":"Point","coordinates":[6.79284,47.0839]},"properties":{"icao_code":"LSGC","name":"","location":"","country":""}},{"type":"Feature","geometry":{"type":"Point","coordinates":[6.10895,46.238098]},"properties":{"icao_code":"LSGG","name":"","location":"","country":""}},{"type":"Feature","geometry":{"type":"Point","coordinates":[7.326944,46.219166]},"properties":{"icao_code":"LSGS","name":"","location":"","country":""}},{"type":"Feature","geometry":{"type":"Point","coordinates":[8.28417,46.943901]},"properties":{"icao_code":"LSMA","name":"","location":"","country":""}},{"type":"Feature","geometry":{"type":"Point","coordinates":[8.64823,47.398602]},"properties":{"icao_code":"LSMD","name":"","location":"","country":""}},{"type":"Feature","geometry":{"type":"Point","coordinates":[8.305184,47.092444]},"properties":{"icao_code":"LSME","name":"","location":"","country":""}},{"type":"Feature","geometry":{"type":"Point","coordinates":[6.91506,46.8432]},"properties":{"icao_code":"LSMP","name":"","location":"","country":""}},{"type":"Feature","geometry":{"type":"Point","coordinates":[8.91058,46.004299]},"properties":{"icao_code":"LSZA","name":"","location":"","country":""}},{"type":"Feature","geometry":{"type":"Point","coordinates":[7.498512,46.912868]},"properties":{"icao_code":"LSZB","name":"","location":"","country":""}},{"type":"Feature","geometry":{"type":"Point","coordinates":[7.41719,47.181599]},"properties":{"icao_code":"LSZG","name":"","location":"","country":""}},{"type":"Feature","geometry":{"type":"Point","coordinates":[8.548056,47.458056]},"properties":{"icao_code":"LSZH","name":"","location":"","country":""}},{"type":"Feature","geometry":{"type":"Point","coordinates":[9.56077,47.485001]},"properties":{"icao_code":"LSZR","name":"","location":"","country":""}},{"type":"Feature","geometry":{"type":"Point","coordinates":[9.88411,46.5341]},"properties":{"icao_code":"LSZS","name":"","location":"","country":""}},{"type":"Feature","geometry":{"type":"Point","coordinates":[32.995098,40.128101]},"properties":{"icao_code":"LTAC","name":"","location":"","country":""}},{"type":"Feature","geometry":{"type":"Point","coordinates":[32.688599,39.949799]},"properties":{"icao_code":"LTAD","name":"","location":"","country":""}},{"type":"Feature","geometry":{"type":"Point","coordinates":[35.280399,36.982201]},"properties":{"icao_code":"LTAF","name":"","location":"","country":""}},{"type":"Feature","geometry":{"type":"Point","coordinates":[35.4259,37.002102]},"properties":{"icao_code":"LTAG","name":"","location":"","country":""}},{"type":"Feature","geometry":{"type":"Point","coordinates":[30.601101,38.726398]},"properties":{"icao_code":"LTAH","name":"","location":"","country":""}},{"type":"Feature","geometry":{"type":"Point","coordinates":[30.800501,36.898701]},"properties":{"icao_code":"LTAI","name":"","location":"","country":""}},{"type":"Feature","geometry":{"type":"Point","coordinates":[37.478699,36.947201]},"properties":{"icao_code":"LTAJ","name":"","location":"","country":""}},{"type":"Feature","geometry":{"type":"Point","coordinates":[33.795799,41.314201]},"properties":{"icao_code":"LTAL","name":"","location":"","country":""}},{"type":"Feature","geometry":{"type":"Point","coordinates":[32.561901,37.979]},"properties":{"icao_code":"LTAN","name":"","location":"","country":""}},{"type":"Feature","geometry":{"type":"Point","coordinates":[32.0886,41.506401]},"properties":{"icao_code":"LTAS","name":"","location":"","country":""}},{"type":"Feature","geometry":{"type":"Point","coordinates":[38.091,38.435299]},"properties":{"icao_code":"LTAT","name":"","location":"","country":""}},{"type":"Feature","geometry":{"type":"Point","coordinates":[35.495399,38.770401]},"properties":{"icao_code":"LTAU","name":"","location":"","country":""}},{"type":"Feature","geometry":{"type":"Point","coordinates":[36.39056,40.32472]},"properties":{"icao_code":"LTAW","name":"","location":"","country":""}},{"type":"Feature","geometry":{"type":"Point","coordinates":[29.7013,37.785599]},"properties":{"icao_code":"LTAY","name":"","location":"","country":""}},{"type":"Feature","geometry":{"type":"Point","coordinates":[28.823714,40.971913]},"properties":{"icao_code":"LTBA","name":"","location":"","country":""}},{"type":"Feature","geometry":{"type":"Point","coordinates":[27.926001,39.619301]},"properties":{"icao_code":"LTBF","name":"","location":"","country":""}},{"type":"Feature","geometry":{"type":"Point","coordinates":[27.977699,40.318001]},"properties":{"icao_code":"LTBG","name":"","location":"","country":""}},{"type":"Feature","geometry":{"type":"Point","coordinates":[26.4268,40.137699]},"properties":{"icao_code":"LTBH","name":"","location":"","country":""}},{"type":"Feature","geometry":{"type":"Point","coordinates":[30.5821,39.7841]},"properties":{"icao_code":"LTBI","name":"","location":"","country":""}},{"type":"Feature","geometry":{"type":"Point","coordinates":[27.157,38.2924]},"properties":{"icao_code":"LTBJ","name":"","location":"","country":""}},{"type":"Feature","geometry":{"type":"Point","coordinates":[29.471701,38.681499]},"properties":{"icao_code":"LTBO","name":"","location":"","country":""}},{"type":"Feature","geometry":{"type":"Point","coordinates":[30.0833,40.735001]},"properties":{"icao_code":"LTBQ","name":"","location":"","country":""}},{"type":"Feature","geometry":{"type":"Point","coordinates":[29.562599,40.255199]},"properties":{"icao_code":"LTBR","name":"","location":"","country":""}},{"type":"Feature","geometry":{"type":"Point","coordinates":[28.7925,36.7131]},"properties":{"icao_code":"LTBS","name":"","location":"","country":""}},{"type":"Feature","geometry":{"type":"Point","coordinates":[27.9191,41.138199]},"properties":{"icao_code":"LTBU","name":"","location":"","country":""}},{"type":"Feature","geometry":{"type":"Point","coordinates":[30.5194,39.809898]},"properties":{"icao_code":"LTBY","name":"","location":"","country":""}},{"type":"Feature","geometry":{"type":"Point","coordinates":[39.28348,38.597974]},"properties":{"icao_code":"LTCA","name":"","location":"","country":""}},{"type":"Feature","geometry":{"type":"Point","coordinates":[38.085995,40.966872]},"properties":{"icao_code":"LTCB","name":"","location":"","country":""}},{"type":"Feature","geometry":{"type":"Point","coordinates":[40.201,37.893902]},"properties":{"icao_code":"LTCC","name":"","location":"","country":""}},{"type":"Feature","geometry":{"type":"Point","coordinates":[39.527,39.710201]},"properties":{"icao_code":"LTCD","name":"","location":"","country":""}},{"type":"Feature","geometry":{"type":"Point","coordinates":[41.1702,39.956501]},"properties":{"icao_code":"LTCE","name":"","location":"","country":""}},{"type":"Feature","geometry":{"type":"Point","coordinates":[43.115002,40.562199]},"properties":{"icao_code":"LTCF","name":"","location":"","country":""}},{"type":"Feature","geometry":{"type":"Point","coordinates":[39.7897,40.995098]},"properties":{"icao_code":"LTCG","name":"","location":"","country":""}},{"type":"Feature","geometry":{"type":"Point","coordinates":[43.332298,38.468201]},"properties":{"icao_code":"LTCI","name":"","location":"","country":""}},{"type":"Feature","geometry":{"type":"Point","coordinates":[41.1166,37.929001]},"properties":{"icao_code":"LTCJ","name":"","location":"","country":""}},{"type":"Feature","geometry":{"type":"Point","coordinates":[41.661201,38.747799]},"properties":{"icao_code":"LTCK","name":"","location":"","country":""}},{"type":"Feature","geometry":{"type":"Point","coordinates":[41.840401,37.978901]},"properties":{"icao_code":"LTCL","name":"","location":"","country":""}},{"type":"Feature","geometry":{"type":"Point","coordinates":[35.071774,42.018313]},"properties":{"icao_code":"LTCM","name":"","location":"","country":""}},{"type":"Feature","geometry":{"type":"Point","coordinates":[36.953522,37.538826]},"properties":{"icao_code":"LTCN","name":"","location":"","country":""}},{"type":"Feature","geometry":{"type":"Point","coordinates":[43.025742,39.655642]},"properties":{"icao_code":"LTCO","name":"","location":"","country":""}},{"type":"Feature","geometry":{"type":"Point","coordinates":[38.468899,37.7314]},"properties":{"icao_code":"LTCP","name":"","location":"","country":""}},{"type":"Feature","geometry":{"type":"Point","coordinates":[40.631699,37.223301]},"properties":{"icao_code":"LTCR","name":"","location":"","country":""}},{"type":"Feature","geometry":{"type":"Point","coordinates":[38.895592,37.445663]},"properties":{"icao_code":"LTCS","name":"","location":"","country":""}},{"type":"Feature","geometry":{"type":"Point","coordinates":[43.876648,39.976627]},"properties":{"icao_code":"LTCT","name":"","location":"","country":""}},{"type":"Feature","geometry":{"type":"Point","coordinates":[42.0582,37.3647]},"properties":{"icao_code":"LTCV","name":"","location":"","country":""}},{"type":"Feature","geometry":{"type":"Point","coordinates":[44.2381,37.5497]},"properties":{"icao_code":"LTCW","name":"","location":"","country":""}},{"type":"Feature","geometry":{"type":"Point","coordinates":[36.282223,36.362778]},"properties":{"icao_code":"LTDA","name":"","location":"","country":""}},{"type":"Feature","geometry":{"type":"Point","coordinates":[35.070522,36.890908]},"properties":{"icao_code":"LTDB","name":"","location":"","country":""}},{"type":"Feature","geometry":{"type":"Point","coordinates":[30.368401,37.8554]},"properties":{"icao_code":"LTFC","name":"","location":"","country":""}},{"type":"Feature","geometry":{"type":"Point","coordinates":[27.0138,39.5546]},"properties":{"icao_code":"LTFD","name":"","location":"","country":""}},{"type":"Feature","geometry":{"type":"Point","coordinates":[27.664301,37.250599]},"properties":{"icao_code":"LTFE","name":"","location":"","country":""}},{"type":"Feature","geometry":{"type":"Point","coordinates":[32.300598,36.299217]},"properties":{"icao_code":"LTFG","name":"","location":"","country":""}},{"type":"Feature","geometry":{"type":"Point","coordinates":[36.567546,41.253988]},"properties":{"icao_code":"LTFH","name":"","location":"","country":""}},{"type":"Feature","geometry":{"type":"Point","coordinates":[29.3092,40.898602]},"properties":{"icao_code":"LTFJ","name":"","location":"","country":""}},{"type":"Feature","geometry":{"type":"Point","coordinates":[28.741951,41.261297]},"properties":{"icao_code":"LTFM","name":"","location":"","country":""}},{"type":"Feature","geometry":{"type":"Point","coordinates":[40.848802,41.179766]},"properties":{"icao_code":"LTFO","name":"","location":"","country":""}},{"type":"Feature","geometry":{"type":"Point","coordinates":[27.781108,47.837666]},"properties":{"icao_code":"LUBL","name":"","location":"","country":""}},{"type":"Feature","geometry":{"type":"Point","coordinates":[28.212799,47.862701]},"properties":{"icao_code":"LUBM","name":"","location":"","country":""}},{"type":"Feature","geometry":{"type":"Point","coordinates":[28.2637,45.8438]},"properties":{"icao_code":"LUCH","name":"","location":"","country":""}},{"type":"Feature","geometry":{"type":"Point","coordinates":[28.931,46.9277]},"properties":{"icao_code":"LUKK","name":"","location":"","country":""}},{"type":"Feature","geometry":{"type":"Point","coordinates":[20.7423,41.18]},"properties":{"icao_code":"LWOH","name":"","location":"","country":""}},{"type":"Feature","geometry":{"type":"Point","coordinates":[21.622581,41.958087]},"properties":{"icao_code":"LWSK","name":"","location":"","country":""}},{"type":"Feature","geometry":{"type":"Point","coordinates":[-5.34966,36.151199]},"properties":{"icao_code":"LXGB","name":"","location":"","country":""}},{"type":"Feature","geometry":{"type":"Point","coordinates":[20.309099,44.818401]},"properties":{"icao_code":"LYBE","name":"","location":"","country":""}},{"type":"Feature","geometry":{"type":"Point","coordinates":[20.2575,44.935299]},"properties":{"icao_code":"LYBT","name":"","location":"","country":""}},{"type":"Feature","geometry":{"type":"Point","coordinates":[20.586662,43.817519]},"properties":{"icao_code":"LYKV","name":"","location":"","country":""}},{"type":"Feature","geometry":{"type":"Point","coordinates":[21.85451,43.337009]},"properties":{"icao_code":"LYNI","name":"","location":"","country":""}},{"type":"Feature","geometry":{"type":"Point","coordinates":[19.2519,42.359402]},"properties":{"icao_code":"LYPG","name":"","location":"","country":""}},{"type":"Feature","geometry":{"type":"Point","coordinates":[18.723301,42.404701]},"properties":{"icao_code":"LYTV","name":"","location":"","country":""}},{"type":"Feature","geometry":{"type":"Point","coordinates":[19.697701,43.898899]},"properties":{"icao_code":"LYUZ","name":"","location":"","country":""}},{"type":"Feature","geometry":{"type":"Point","coordinates":[106.034417,31.50191]},"properties":{"icao_code":"ZULA","name":"","location":"","country":""}},{"type":"Feature","geometry":{"type":"Point","coordinates":[17.2127,48.1702]},"properties":{"icao_code":"LZIB","name":"","location":"","country":""}},{"type":"Feature","geometry":{"type":"Point","coordinates":[21.2411,48.663101]},"properties":{"icao_code":"LZKZ","name":"","location":"","country":""}},{"type":"Feature","geometry":{"type":"Point","coordinates":[17.118401,48.402]},"properties":{"icao_code":"LZMC","name":"","location":"","country":""}},{"type":"Feature","geometry":{"type":"Point","coordinates":[17.8284,48.625198]},"properties":{"icao_code":"LZPP","name":"","location":"","country":""}},{"type":"Feature","geometry":{"type":"Point","coordinates":[19.1341,48.637798]},"properties":{"icao_code":"LZSL","name":"","location":"","country":""}},{"type":"Feature","geometry":{"type":"Point","coordinates":[20.2411,49.073601]},"properties":{"icao_code":"LZTT","name":"","location":"","country":""}},{"type":"Feature","geometry":{"type":"Point","coordinates":[18.613386,49.233292]},"properties":{"icao_code":"LZZI","name":"","location":"","country":""}},{"type":"Feature","geometry":{"type":"Point","coordinates":[-71.142303,21.4445]},"properties":{"icao_code":"MBGT","name":"","location":"","country":""}},{"type":"Feature","geometry":{"type":"Point","coordinates":[-71.942954,21.916094]},"properties":{"icao_code":"MBNC","name":"","location":"","country":""}},{"type":"Feature","geometry":{"type":"Point","coordinates":[-72.268321,21.773697]},"properties":{"icao_code":"MBPV","name":"","location":"","country":""}},{"type":"Feature","geometry":{"type":"Point","coordinates":[-71.528503,21.515699]},"properties":{"icao_code":"MBSC","name":"","location":"","country":""}},{"type":"Feature","geometry":{"type":"Point","coordinates":[-71.120399,18.251499]},"properties":{"icao_code":"MDBH","name":"","location":"","country":""}},{"type":"Feature","geometry":{"type":"Point","coordinates":[-71.644798,17.929001]},"properties":{"icao_code":"MDCR","name":"","location":"","country":""}},{"type":"Feature","geometry":{"type":"Point","coordinates":[-69.737405,19.269259]},"properties":{"icao_code":"MDCY","name":"","location":"","country":""}},{"type":"Feature","geometry":{"type":"Point","coordinates":[-69.985603,18.5725]},"properties":{"icao_code":"MDJB","name":"","location":"","country":""}},{"type":"Feature","geometry":{"type":"Point","coordinates":[-68.911111,18.452222]},"properties":{"icao_code":"MDLR","name":"","location":"","country":""}},{"type":"Feature","geometry":{"type":"Point","coordinates":[-68.363403,18.5674]},"properties":{"icao_code":"MDPC","name":"","location":"","country":""}},{"type":"Feature","geometry":{"type":"Point","coordinates":[-70.57,19.7579]},"properties":{"icao_code":"MDPP","name":"","location":"","country":""}},{"type":"Feature","geometry":{"type":"Point","coordinates":[-69.6689,18.429701]},"properties":{"icao_code":"MDSD","name":"","location":"","country":""}},{"type":"Feature","geometry":{"type":"Point","coordinates":[-70.604698,19.406099]},"properties":{"icao_code":"MDST","name":"","location":"","country":""}},{"type":"Feature","geometry":{"type":"Point","coordinates":[-90.4067,15.469]},"properties":{"icao_code":"MGCB","name":"","location":"","country":""}},{"type":"Feature","geometry":{"type":"Point","coordinates":[-90.527496,14.5833]},"properties":{"icao_code":"MGGT","name":"","location":"","country":""}},{"type":"Feature","geometry":{"type":"Point","coordinates":[-88.583801,15.7309]},"properties":{"icao_code":"MGPB","name":"","location":"","country":""}},{"type":"Feature","geometry":{"type":"Point","coordinates":[-90.445297,15.992]},"properties":{"icao_code":"MGRB","name":"","location":"","country":""}},{"type":"Feature","geometry":{"type":"Point","coordinates":[-91.697001,14.521431]},"properties":{"icao_code":"MGRT","name":"","location":"","country":""}},{"type":"Feature","geometry":{"type":"Point","coordinates":[-90.8358,13.9362]},"properties":{"icao_code":"MGSJ","name":"","location":"","country":""}},{"type":"Feature","geometry":{"type":"Point","coordinates":[-86.852997,15.7425]},"properties":{"icao_code":"MHLC","name":"","location":"","country":""}},{"type":"Feature","geometry":{"type":"Point","coordinates":[-87.923599,15.4526]},"properties":{"icao_code":"MHLM","name":"","location":"","country":""}},{"type":"Feature","geometry":{"type":"Point","coordinates":[-85.906601,16.4454]},"properties":{"icao_code":"MHNJ","name":"","location":"","country":""}},{"type":"Feature","geometry":{"type":"Point","coordinates":[-86.523003,16.316799]},"properties":{"icao_code":"MHRO","name":"","location":"","country":""}},{"type":"Feature","geometry":{"type":"Point","coordinates":[-87.621201,14.3824]},"properties":{"icao_code":"MHPR","name":"","location":"","country":""}},{"type":"Feature","geometry":{"type":"Point","coordinates":[-87.4758,15.7759]},"properties":{"icao_code":"MHTE","name":"","location":"","country":""}},{"type":"Feature","geometry":{"type":"Point","coordinates":[-87.217201,14.0609]},"properties":{"icao_code":"MHTG","name":"","location":"","country":""}},{"type":"Feature","geometry":{"type":"Point","coordinates":[-85.938573,15.926599]},"properties":{"icao_code":"MHTJ","name":"","location":"","country":""}},{"type":"Feature","geometry":{"type":"Point","coordinates":[-76.969754,18.404079]},"properties":{"icao_code":"MKBS","name":"","location":"","country":""}},{"type":"Feature","geometry":{"type":"Point","coordinates":[-76.787498,17.935699]},"properties":{"icao_code":"MKJP","name":"","location":"","country":""}},{"type":"Feature","geometry":{"type":"Point","coordinates":[-77.913399,18.5037]},"properties":{"icao_code":"MKJS","name":"","location":"","country":""}},{"type":"Feature","geometry":{"type":"Point","coordinates":[-76.5345,18.198799]},"properties":{"icao_code":"MKKJ","name":"","location":"","country":""}},{"type":"Feature","geometry":{"type":"Point","coordinates":[-76.823799,17.9886]},"properties":{"icao_code":"MKTP","name":"","location":"","country":""}},{"type":"Feature","geometry":{"type":"Point","coordinates":[-99.753113,16.757126]},"properties":{"icao_code":"MMAA","name":"","location":"","country":""}},{"type":"Feature","geometry":{"type":"Point","coordinates":[-100.237,25.865601]},"properties":{"icao_code":"MMAN","name":"","location":"","country":""}},{"type":"Feature","geometry":{"type":"Point","coordinates":[-102.318372,21.699589]},"properties":{"icao_code":"MMAS","name":"","location":"","country":""}},{"type":"Feature","geometry":{"type":"Point","coordinates":[-96.260319,15.774909]},"properties":{"icao_code":"MMBT","name":"","location":"","country":""}},{"type":"Feature","geometry":{"type":"Point","coordinates":[-99.261818,18.833922]},"properties":{"icao_code":"MMCB","name":"","location":"","country":""}},{"type":"Feature","geometry":{"type":"Point","coordinates":[-91.799004,18.6537]},"properties":{"icao_code":"MMCE","name":"","location":"","country":""}},{"type":"Feature","geometry":{"type":"Point","coordinates":[-107.475228,24.76504]},"properties":{"icao_code":"MMCL","name":"","location":"","country":""}},{"type":"Feature","geometry":{"type":"Point","coordinates":[-88.328018,18.504985]},"properties":{"icao_code":"MMCM","name":"","location":"","country":""}},{"type":"Feature","geometry":{"type":"Point","coordinates":[-109.833,27.392599]},"properties":{"icao_code":"MMCN","name":"","location":"","country":""}},{"type":"Feature","geometry":{"type":"Point","coordinates":[-90.500298,19.816799]},"properties":{"icao_code":"MMCP","name":"","location":"","country":""}},{"type":"Feature","geometry":{"type":"Point","coordinates":[-106.429001,31.636101]},"properties":{"icao_code":"MMCS","name":"","location":"","country":""}},{"type":"Feature","geometry":{"type":"Point","coordinates":[-105.964996,28.7029]},"properties":{"icao_code":"MMCU","name":"","location":"","country":""}},{"type":"Feature","geometry":{"type":"Point","coordinates":[-98.956497,23.7033]},"properties":{"icao_code":"MMCV","name":"","location":"","country":""}},{"type":"Feature","geometry":{"type":"Point","coordinates":[-100.886539,20.545998]},"properties":{"icao_code":"MMCY","name":"","location":"","country":""}},{"type":"Feature","geometry":{"type":"Point","coordinates":[-86.928538,20.514922]},"properties":{"icao_code":"MMCZ","name":"","location":"","country":""}},{"type":"Feature","geometry":{"type":"Point","coordinates":[-104.527938,24.125468]},"properties":{"icao_code":"MMDO","name":"","location":"","country":""}},{"type":"Feature","geometry":{"type":"Point","coordinates":[-104.842472,21.419833]},"properties":{"icao_code":"MMEP","name":"","location":"","country":""}},{"type":"Feature","geometry":{"type":"Point","coordinates":[-103.310108,20.523342]},"properties":{"icao_code":"MMGL","name":"","location":"","country":""}},{"type":"Feature","geometry":{"type":"Point","coordinates":[-110.925003,27.969]},"properties":{"icao_code":"MMGM","name":"","location":"","country":""}},{"type":"Feature","geometry":{"type":"Point","coordinates":[-111.049891,29.093527]},"properties":{"icao_code":"MMHO","name":"","location":"","country":""}},{"type":"Feature","geometry":{"type":"Point","coordinates":[-103.577002,19.277]},"properties":{"icao_code":"MMIA","name":"","location":"","country":""}},{"type":"Feature","geometry":{"type":"Point","coordinates":[-100.930195,25.544145]},"properties":{"icao_code":"MMIO","name":"","location":"","country":""}},{"type":"Feature","geometry":{"type":"Point","coordinates":[-95.093708,16.445961]},"properties":{"icao_code":"MMIT","name":"","location":"","country":""}},{"type":"Feature","geometry":{"type":"Point","coordinates":[-96.797008,19.475107]},"properties":{"icao_code":"MMJA","name":"","location":"","country":""}},{"type":"Feature","geometry":{"type":"Point","coordinates":[-102.220316,18.001672]},"properties":{"icao_code":"MMLC","name":"","location":"","country":""}},{"type":"Feature","geometry":{"type":"Point","coordinates":[-109.081055,25.685447]},"properties":{"icao_code":"MMLM","name":"","location":"","country":""}},{"type":"Feature","geometry":{"type":"Point","coordinates":[-101.480284,20.992695]},"properties":{"icao_code":"MMLO","name":"","location":"","country":""}},{"type":"Feature","geometry":{"type":"Point","coordinates":[-110.362,24.072701]},"properties":{"icao_code":"MMLP","name":"","location":"","country":""}},{"type":"Feature","geometry":{"type":"Point","coordinates":[-111.348,25.989201]},"properties":{"icao_code":"MMLT","name":"","location":"","country":""}},{"type":"Feature","geometry":{"type":"Point","coordinates":[-97.525299,25.769899]},"properties":{"icao_code":"MMMA","name":"","location":"","country":""}},{"type":"Feature","geometry":{"type":"Point","coordinates":[-89.645462,20.930485]},"properties":{"icao_code":"MMMD","name":"","location":"","country":""}},{"type":"Feature","geometry":{"type":"Point","coordinates":[-115.242805,32.630629]},"properties":{"icao_code":"MMML","name":"","location":"","country":""}},{"type":"Feature","geometry":{"type":"Point","coordinates":[-101.025002,19.849899]},"properties":{"icao_code":"MMMM","name":"","location":"","country":""}},{"type":"Feature","geometry":{"type":"Point","coordinates":[-94.580704,18.103399]},"properties":{"icao_code":"MMMT","name":"","location":"","country":""}},{"type":"Feature","geometry":{"type":"Point","coordinates":[-101.470001,26.9557]},"properties":{"icao_code":"MMMV","name":"","location":"","country":""}},{"type":"Feature","geometry":{"type":"Point","coordinates":[-99.071328,19.435137]},"properties":{"icao_code":"MMMX","name":"","location":"","country":""}},{"type":"Feature","geometry":{"type":"Point","coordinates":[-100.106989,25.778521]},"properties":{"icao_code":"MMMY","name":"","location":"","country":""}},{"type":"Feature","geometry":{"type":"Point","coordinates":[-106.264572,23.161474]},"properties":{"icao_code":"MMMZ","name":"","location":"","country":""}},{"type":"Feature","geometry":{"type":"Point","coordinates":[-99.570503,27.443899]},"properties":{"icao_code":"MMNL","name":"","location":"","country":""}},{"type":"Feature","geometry":{"type":"Point","coordinates":[-96.72197,17.000814]},"properties":{"icao_code":"MMOX","name":"","location":"","country":""}},{"type":"Feature","geometry":{"type":"Point","coordinates":[-97.4608,20.602699]},"properties":{"icao_code":"MMPA","name":"","location":"","country":""}},{"type":"Feature","geometry":{"type":"Point","coordinates":[-98.371582,19.158465]},"properties":{"icao_code":"MMPB","name":"","location":"","country":""}},{"type":"Feature","geometry":{"type":"Point","coordinates":[-100.53524,28.627873]},"properties":{"icao_code":"MMPG","name":"","location":"","country":""}},{"type":"Feature","geometry":{"type":"Point","coordinates":[-102.039001,19.3967]},"properties":{"icao_code":"MMPN","name":"","location":"","country":""}},{"type":"Feature","geometry":{"type":"Point","coordinates":[-105.254391,20.679913]},"properties":{"icao_code":"MMPR","name":"","location":"","country":""}},{"type":"Feature","geometry":{"type":"Point","coordinates":[-97.0891,15.876808]},"properties":{"icao_code":"MMPS","name":"","location":"","country":""}},{"type":"Feature","geometry":{"type":"Point","coordinates":[-100.185997,20.6173]},"properties":{"icao_code":"MMQT","name":"","location":"","country":""}},{"type":"Feature","geometry":{"type":"Point","coordinates":[-98.2285,26.0089]},"properties":{"icao_code":"MMRX","name":"","location":"","country":""}},{"type":"Feature","geometry":{"type":"Point","coordinates":[-109.720731,23.151919]},"properties":{"icao_code":"MMSD","name":"","location":"","country":""}},{"type":"Feature","geometry":{"type":"Point","coordinates":[-99.0257,19.7357]},"properties":{"icao_code":"MMSM","name":"","location":"","country":""}},{"type":"Feature","geometry":{"type":"Point","coordinates":[-100.931,22.254299]},"properties":{"icao_code":"MMSP","name":"","location":"","country":""}},{"type":"Feature","geometry":{"type":"Point","coordinates":[-103.411003,25.5683]},"properties":{"icao_code":"MMTC","name":"","location":"","country":""}},{"type":"Feature","geometry":{"type":"Point","coordinates":[-93.022499,16.563601]},"properties":{"icao_code":"MMTG","name":"","location":"","country":""}},{"type":"Feature","geometry":{"type":"Point","coordinates":[-116.969976,32.541043]},"properties":{"icao_code":"MMTJ","name":"","location":"","country":""}},{"type":"Feature","geometry":{"type":"Point","coordinates":[-87.660272,20.172098]},"properties":{"icao_code":"MMTL","name":"","location":"","country":""}},{"type":"Feature","geometry":{"type":"Point","coordinates":[-97.865898,22.2964]},"properties":{"icao_code":"MMTM","name":"","location":"","country":""}},{"type":"Feature","geometry":{"type":"Point","coordinates":[-99.56583,19.3369]},"properties":{"icao_code":"MMTO","name":"","location":"","country":""}},{"type":"Feature","geometry":{"type":"Point","coordinates":[-92.369871,14.794549]},"properties":{"icao_code":"MMTP","name":"","location":"","country":""}},{"type":"Feature","geometry":{"type":"Point","coordinates":[-86.874304,21.039444]},"properties":{"icao_code":"MMUN","name":"","location":"","country":""}},{"type":"Feature","geometry":{"type":"Point","coordinates":[-92.817398,17.997]},"properties":{"icao_code":"MMVA","name":"","location":"","country":""}},{"type":"Feature","geometry":{"type":"Point","coordinates":[-96.187302,19.145901]},"properties":{"icao_code":"MMVR","name":"","location":"","country":""}},{"type":"Feature","geometry":{"type":"Point","coordinates":[-102.686996,22.8971]},"properties":{"icao_code":"MMZC","name":"","location":"","country":""}},{"type":"Feature","geometry":{"type":"Point","coordinates":[-101.460629,17.601771]},"properties":{"icao_code":"MMZH","name":"","location":"","country":""}},{"type":"Feature","geometry":{"type":"Point","coordinates":[-104.558998,19.1448]},"properties":{"icao_code":"MMZO","name":"","location":"","country":""}},{"type":"Feature","geometry":{"type":"Point","coordinates":[-83.774101,11.991]},"properties":{"icao_code":"MNBL","name":"","location":"","country":""}},{"type":"Feature","geometry":{"type":"Point","coordinates":[-86.168198,12.1415]},"properties":{"icao_code":"MNMG","name":"","location":"","country":""}},{"type":"Feature","geometry":{"type":"Point","coordinates":[-83.386703,14.0472]},"properties":{"icao_code":"MNPC","name":"","location":"","country":""}},{"type":"Feature","geometry":{"type":"Point","coordinates":[-82.250801,9.34085]},"properties":{"icao_code":"MPBO","name":"","location":"","country":""}},{"type":"Feature","geometry":{"type":"Point","coordinates":[-80.409837,7.98784]},"properties":{"icao_code":"MPCE","name":"","location":"","country":""}},{"type":"Feature","geometry":{"type":"Point","coordinates":[-82.515062,9.458962]},"properties":{"icao_code":"MPCH","name":"","location":"","country":""}},{"type":"Feature","geometry":{"type":"Point","coordinates":[-82.434998,8.391]},"properties":{"icao_code":"MPDA","name":"","location":"","country":""}},{"type":"Feature","geometry":{"type":"Point","coordinates":[-79.867401,9.35664]},"properties":{"icao_code":"MPEJ","name":"","location":"","country":""}},{"type":"Feature","geometry":{"type":"Point","coordinates":[-79.555603,8.97334]},"properties":{"icao_code":"MPMG","name":"","location":"","country":""}},{"type":"Feature","geometry":{"type":"Point","coordinates":[-80.945297,8.0856]},"properties":{"icao_code":"MPSA","name":"","location":"","country":""}},{"type":"Feature","geometry":{"type":"Point","coordinates":[-79.383499,9.07136]},"properties":{"icao_code":"MPTO","name":"","location":"","country":""}},{"type":"Feature","geometry":{"type":"Point","coordinates":[-83.330171,9.163949]},"properties":{"icao_code":"MRBA","name":"","location":"","country":""}},{"type":"Feature","geometry":{"type":"Point","coordinates":[-83.585602,10.7687]},"properties":{"icao_code":"MRBC","name":"","location":"","country":""}},{"type":"Feature","geometry":{"type":"Point","coordinates":[-82.968754,8.60156]},"properties":{"icao_code":"MRCC","name":"","location":"","country":""}},{"type":"Feature","geometry":{"type":"Point","coordinates":[-83.182198,8.65401]},"properties":{"icao_code":"MRGF","name":"","location":"","country":""}},{"type":"Feature","geometry":{"type":"Point","coordinates":[-83.796997,10.2172]},"properties":{"icao_code":"MRGP","name":"","location":"","country":""}},{"type":"Feature","geometry":{"type":"Point","coordinates":[-85.544403,10.5933]},"properties":{"icao_code":"MRLB","name":"","location":"","country":""}},{"type":"Feature","geometry":{"type":"Point","coordinates":[-84.7061,11.0353]},"properties":{"icao_code":"MRLC","name":"","location":"","country":""}},{"type":"Feature","geometry":{"type":"Point","coordinates":[-83.022003,9.95796]},"properties":{"icao_code":"MRLM","name":"","location":"","country":""}},{"type":"Feature","geometry":{"type":"Point","coordinates":[-85.653,9.97649]},"properties":{"icao_code":"MRNS","name":"","location":"","country":""}},{"type":"Feature","geometry":{"type":"Point","coordinates":[-84.208801,9.99386]},"properties":{"icao_code":"MROC","name":"","location":"","country":""}},{"type":"Feature","geometry":{"type":"Point","coordinates":[-83.300003,8.53333]},"properties":{"icao_code":"MRPJ","name":"","location":"","country":""}},{"type":"Feature","geometry":{"type":"Point","coordinates":[-83.468597,8.95103]},"properties":{"icao_code":"MRPM","name":"","location":"","country":""}},{"type":"Feature","geometry":{"type":"Point","coordinates":[-84.139801,9.95705]},"properties":{"icao_code":"MRPV","name":"","location":"","country":""}},{"type":"Feature","geometry":{"type":"Point","coordinates":[-84.129799,9.44316]},"properties":{"icao_code":"MRQP","name":"","location":"","country":""}},{"type":"Feature","geometry":{"type":"Point","coordinates":[-85.016197,10.8922]},"properties":{"icao_code":"MRUP","name":"","location":"","country":""}},{"type":"Feature","geometry":{"type":"Point","coordinates":[-89.055702,13.4409]},"properties":{"icao_code":"MSLP","name":"","location":"","country":""}},{"type":"Feature","geometry":{"type":"Point","coordinates":[-89.119904,13.6995]},"properties":{"icao_code":"MSSS","name":"","location":"","country":""}},{"type":"Feature","geometry":{"type":"Point","coordinates":[-73.7883,18.271099]},"properties":{"icao_code":"MTCA","name":"","location":"","country":""}},{"type":"Feature","geometry":{"type":"Point","coordinates":[-72.199576,19.726734]},"properties":{"icao_code":"MTCH","name":"","location":"","country":""}},{"type":"Feature","geometry":{"type":"Point","coordinates":[-72.518501,18.2411]},"properties":{"icao_code":"MTJA","name":"","location":"","country":""}},{"type":"Feature","geometry":{"type":"Point","coordinates":[-74.170303,18.663099]},"properties":{"icao_code":"MTJE","name":"","location":"","country":""}},{"type":"Feature","geometry":{"type":"Point","coordinates":[-72.292596,18.580023]},"properties":{"icao_code":"MTPP","name":"","location":"","country":""}},{"type":"Feature","geometry":{"type":"Point","coordinates":[-72.84801,19.934045]},"properties":{"icao_code":"MTPX","name":"","location":"","country":""}},{"type":"Feature","geometry":{"type":"Point","coordinates":[-74.506203,20.365299]},"properties":{"icao_code":"MUBA","name":"","location":"","country":""}},{"type":"Feature","geometry":{"type":"Point","coordinates":[-76.621399,20.3964]},"properties":{"icao_code":"MUBY","name":"","location":"","country":""}},{"type":"Feature","geometry":{"type":"Point","coordinates":[-78.789597,22.0271]},"properties":{"icao_code":"MUCA","name":"","location":"","country":""}},{"type":"Feature","geometry":{"type":"Point","coordinates":[-78.3284,22.461]},"properties":{"icao_code":"MUCC","name":"","location":"","country":""}},{"type":"Feature","geometry":{"type":"Point","coordinates":[-80.4142,22.15]},"properties":{"icao_code":"MUCF","name":"","location":"","country":""}},{"type":"Feature","geometry":{"type":"Point","coordinates":[-81.545998,21.616501]},"properties":{"icao_code":"MUCL","name":"","location":"","country":""}},{"type":"Feature","geometry":{"type":"Point","coordinates":[-77.847504,21.4203]},"properties":{"icao_code":"MUCM","name":"","location":"","country":""}},{"type":"Feature","geometry":{"type":"Point","coordinates":[-75.835403,19.969801]},"properties":{"icao_code":"MUCU","name":"","location":"","country":""}},{"type":"Feature","geometry":{"type":"Point","coordinates":[-75.2071,19.9065]},"properties":{"icao_code":"MUGM","name":"","location":"","country":""}},{"type":"Feature","geometry":{"type":"Point","coordinates":[-75.158302,20.0853]},"properties":{"icao_code":"MUGT","name":"","location":"","country":""}},{"type":"Feature","geometry":{"type":"Point","coordinates":[-82.409103,22.989201]},"properties":{"icao_code":"MUHA","name":"","location":"","country":""}},{"type":"Feature","geometry":{"type":"Point","coordinates":[-76.315102,20.785601]},"properties":{"icao_code":"MUHG","name":"","location":"","country":""}},{"type":"Feature","geometry":{"type":"Point","coordinates":[-81.301598,23.124001]},"properties":{"icao_code":"MUKW","name":"","location":"","country":""}},{"type":"Feature","geometry":{"type":"Point","coordinates":[-83.641899,22.3361]},"properties":{"icao_code":"MULM","name":"","location":"","country":""}},{"type":"Feature","geometry":{"type":"Point","coordinates":[-74.922203,20.6539]},"properties":{"icao_code":"MUMO","name":"","location":"","country":""}},{"type":"Feature","geometry":{"type":"Point","coordinates":[-77.087545,20.288605]},"properties":{"icao_code":"MUMZ","name":"","location":"","country":""}},{"type":"Feature","geometry":{"type":"Point","coordinates":[-82.783798,21.8347]},"properties":{"icao_code":"MUNG","name":"","location":"","country":""}},{"type":"Feature","geometry":{"type":"Point","coordinates":[-82.579399,23.032801]},"properties":{"icao_code":"MUPB","name":"","location":"","country":""}},{"type":"Feature","geometry":{"type":"Point","coordinates":[-79.943604,22.492201]},"properties":{"icao_code":"MUSC","name":"","location":"","country":""}},{"type":"Feature","geometry":{"type":"Point","coordinates":[-84.157376,22.100525]},"properties":{"icao_code":"MUSJ","name":"","location":"","country":""}},{"type":"Feature","geometry":{"type":"Point","coordinates":[-82.955101,21.6425]},"properties":{"icao_code":"MUSN","name":"","location":"","country":""}},{"type":"Feature","geometry":{"type":"Point","coordinates":[-79.9972,21.7883]},"properties":{"icao_code":"MUTD","name":"","location":"","country":""}},{"type":"Feature","geometry":{"type":"Point","coordinates":[-81.435303,23.034401]},"properties":{"icao_code":"MUVR","name":"","location":"","country":""}},{"type":"Feature","geometry":{"type":"Point","coordinates":[-76.935799,20.9876]},"properties":{"icao_code":"MUVT","name":"","location":"","country":""}},{"type":"Feature","geometry":{"type":"Point","coordinates":[-79.882797,19.687]},"properties":{"icao_code":"MWCB","name":"","location":"","country":""}},{"type":"Feature","geometry":{"type":"Point","coordinates":[-80.088826,19.660161]},"properties":{"icao_code":"MWCL","name":"","location":"","country":""}},{"type":"Feature","geometry":{"type":"Point","coordinates":[-81.357697,19.292801]},"properties":{"icao_code":"MWCR","name":"","location":"","country":""}},{"type":"Feature","geometry":{"type":"Point","coordinates":[-77.684601,24.287701]},"properties":{"icao_code":"MYAB","name":"","location":"","country":""}},{"type":"Feature","geometry":{"type":"Point","coordinates":[-77.795601,24.697901]},"properties":{"icao_code":"MYAF","name":"","location":"","country":""}},{"type":"Feature","geometry":{"type":"Point","coordinates":[-77.589798,24.158701]},"properties":{"icao_code":"MYAK","name":"","location":"","country":""}},{"type":"Feature","geometry":{"type":"Point","coordinates":[-77.084262,26.510711]},"properties":{"icao_code":"MYAM","name":"","location":"","country":""}},{"type":"Feature","geometry":{"type":"Point","coordinates":[-78.049004,25.053801]},"properties":{"icao_code":"MYAN","name":"","location":"","country":""}},{"type":"Feature","geometry":{"type":"Point","coordinates":[-73.970901,22.441799]},"properties":{"icao_code":"MYAP","name":"","location":"","country":""}},{"type":"Feature","geometry":{"type":"Point","coordinates":[-77.391296,26.7453]},"properties":{"icao_code":"MYAT","name":"","location":"","country":""}},{"type":"Feature","geometry":{"type":"Point","coordinates":[-77.880898,25.417101]},"properties":{"icao_code":"MYBC","name":"","location":"","country":""}},{"type":"Feature","geometry":{"type":"Point","coordinates":[-77.840103,25.7383]},"properties":{"icao_code":"MYBG","name":"","location":"","country":""}},{"type":"Feature","geometry":{"type":"Point","coordinates":[-79.264702,25.6999]},"properties":{"icao_code":"MYBS","name":"","location":"","country":""}},{"type":"Feature","geometry":{"type":"Point","coordinates":[-75.673797,24.6294]},"properties":{"icao_code":"MYCA","name":"","location":"","country":""}},{"type":"Feature","geometry":{"type":"Point","coordinates":[-75.452301,24.3153]},"properties":{"icao_code":"MYCB","name":"","location":"","country":""}},{"type":"Feature","geometry":{"type":"Point","coordinates":[-74.182404,22.7456]},"properties":{"icao_code":"MYCI","name":"","location":"","country":""}},{"type":"Feature","geometry":{"type":"Point","coordinates":[-75.877998,23.562599]},"properties":{"icao_code":"MYEF","name":"","location":"","country":""}},{"type":"Feature","geometry":{"type":"Point","coordinates":[-76.683502,25.474899]},"properties":{"icao_code":"MYEH","name":"","location":"","country":""}},{"type":"Feature","geometry":{"type":"Point","coordinates":[-76.331001,25.2847]},"properties":{"icao_code":"MYEM","name":"","location":"","country":""}},{"type":"Feature","geometry":{"type":"Point","coordinates":[-76.820198,24.594299]},"properties":{"icao_code":"MYEN","name":"","location":"","country":""}},{"type":"Feature","geometry":{"type":"Point","coordinates":[-76.176882,24.895079]},"properties":{"icao_code":"MYER","name":"","location":"","country":""}},{"type":"Feature","geometry":{"type":"Point","coordinates":[-76.439102,24.1691]},"properties":{"icao_code":"MYES","name":"","location":"","country":""}},{"type":"Feature","geometry":{"type":"Point","coordinates":[-78.695602,26.558701]},"properties":{"icao_code":"MYGF","name":"","location":"","country":""}},{"type":"Feature","geometry":{"type":"Point","coordinates":[-73.666901,20.975]},"properties":{"icao_code":"MYIG","name":"","location":"","country":""}},{"type":"Feature","geometry":{"type":"Point","coordinates":[-75.093597,23.179001]},"properties":{"icao_code":"MYLD","name":"","location":"","country":""}},{"type":"Feature","geometry":{"type":"Point","coordinates":[-75.268621,23.582317]},"properties":{"icao_code":"MYLS","name":"","location":"","country":""}},{"type":"Feature","geometry":{"type":"Point","coordinates":[-73.013494,22.379499]},"properties":{"icao_code":"MYMM","name":"","location":"","country":""}},{"type":"Feature","geometry":{"type":"Point","coordinates":[-77.466202,25.039]},"properties":{"icao_code":"MYNN","name":"","location":"","country":""}},{"type":"Feature","geometry":{"type":"Point","coordinates":[-75.7295,22.181801]},"properties":{"icao_code":"MYRD","name":"","location":"","country":""}},{"type":"Feature","geometry":{"type":"Point","coordinates":[-74.524002,24.063299]},"properties":{"icao_code":"MYSM","name":"","location":"","country":""}},{"type":"Feature","geometry":{"type":"Point","coordinates":[-88.303556,17.539951]},"properties":{"icao_code":"MZBZ","name":"","location":"","country":""}},{"type":"Feature","geometry":{"type":"Point","coordinates":[-88.361511,16.536957]},"properties":{"icao_code":"MZPL","name":"","location":"","country":""}},{"type":"Feature","geometry":{"type":"Point","coordinates":[-159.806,-21.2027]},"properties":{"icao_code":"NCRG","name":"","location":"","country":""}},{"type":"Feature","geometry":{"type":"Point","coordinates":[177.442993,-17.7554]},"properties":{"icao_code":"NFFN","name":"","location":"","country":""}},{"type":"Feature","geometry":{"type":"Point","coordinates":[178.559006,-18.043301]},"properties":{"icao_code":"NFNA","name":"","location":"","country":""}},{"type":"Feature","geometry":{"type":"Point","coordinates":[179.339996,-16.4667]},"properties":{"icao_code":"NFNL","name":"","location":"","country":""}},{"type":"Feature","geometry":{"type":"Point","coordinates":[-175.149994,-21.241199]},"properties":{"icao_code":"NFTF","name":"","location":"","country":""}},{"type":"Feature","geometry":{"type":"Point","coordinates":[-174.341003,-19.777]},"properties":{"icao_code":"NFTL","name":"","location":"","country":""}},{"type":"Feature","geometry":{"type":"Point","coordinates":[-173.962006,-18.5853]},"properties":{"icao_code":"NFTV","name":"","location":"","country":""}},{"type":"Feature","geometry":{"type":"Point","coordinates":[179.195999,-8.525]},"properties":{"icao_code":"NGFU","name":"","location":"","country":""}},{"type":"Feature","geometry":{"type":"Point","coordinates":[173.147003,1.38164]},"properties":{"icao_code":"NGTA","name":"","location":"","country":""}},{"type":"Feature","geometry":{"type":"Point","coordinates":[174.776001,-1.22447]},"properties":{"icao_code":"NGTE","name":"","location":"","country":""}},{"type":"Feature","geometry":{"type":"Point","coordinates":[-169.925598,-19.079031]},"properties":{"icao_code":"NIUE","name":"","location":"","country":""}},{"type":"Feature","geometry":{"type":"Point","coordinates":[100.7593,27.5403]},"properties":{"icao_code":"ZPNL","name":"","location":"","country":""}},{"type":"Feature","geometry":{"type":"Point","coordinates":[-176.199005,-13.2383]},"properties":{"icao_code":"NLWW","name":"","location":"","country":""}},{"type":"Feature","geometry":{"type":"Point","coordinates":[-172.007996,-13.83]},"properties":{"icao_code":"NSFA","name":"","location":"","country":""}},{"type":"Feature","geometry":{"type":"Point","coordinates":[-170.710007,-14.331]},"properties":{"icao_code":"NSTU","name":"","location":"","country":""}},{"type":"Feature","geometry":{"type":"Point","coordinates":[-149.606995,-17.553699]},"properties":{"icao_code":"NTAA","name":"","location":"","country":""}},{"type":"Feature","geometry":{"type":"Point","coordinates":[-151.360992,-22.434099]},"properties":{"icao_code":"NTAR","name":"","location":"","country":""}},{"type":"Feature","geometry":{"type":"Point","coordinates":[-149.524002,-23.3654]},"properties":{"icao_code":"NTAT","name":"","location":"","country":""}},{"type":"Feature","geometry":{"type":"Point","coordinates":[-145.509995,-17.3526]},"properties":{"icao_code":"NTGA","name":"","location":"","country":""}},{"type":"Feature","geometry":{"type":"Point","coordinates":[-140.888071,-15.820044]},"properties":{"icao_code":"NTGB","name":"","location":"","country":""}},{"type":"Feature","geometry":{"type":"Point","coordinates":[-148.231003,-15.1196]},"properties":{"icao_code":"NTGC","name":"","location":"","country":""}},{"type":"Feature","geometry":{"type":"Point","coordinates":[-136.43855,-18.46652]},"properties":{"icao_code":"NTGE","name":"","location":"","country":""}},{"type":"Feature","geometry":{"type":"Point","coordinates":[-145.656998,-16.0541]},"properties":{"icao_code":"NTGF","name":"","location":"","country":""}},{"type":"Feature","geometry":{"type":"Point","coordinates":[-146.070007,-14.4368]},"properties":{"icao_code":"NTGI","name":"","location":"","country":""}},{"type":"Feature","geometry":{"type":"Point","coordinates":[-134.889999,-23.079901]},"properties":{"icao_code":"NTGJ","name":"","location":"","country":""}},{"type":"Feature","geometry":{"type":"Point","coordinates":[-146.884995,-15.6633]},"properties":{"icao_code":"NTGK","name":"","location":"","country":""}},{"type":"Feature","geometry":{"type":"Point","coordinates":[-143.658005,-16.5839]},"properties":{"icao_code":"NTGM","name":"","location":"","country":""}},{"type":"Feature","geometry":{"type":"Point","coordinates":[-145.246002,-14.7095]},"properties":{"icao_code":"NTGT","name":"","location":"","country":""}},{"type":"Feature","geometry":{"type":"Point","coordinates":[-146.617004,-15.2483]},"properties":{"icao_code":"NTGU","name":"","location":"","country":""}},{"type":"Feature","geometry":{"type":"Point","coordinates":[-148.716995,-14.8681]},"properties":{"icao_code":"NTGV","name":"","location":"","country":""}},{"type":"Feature","geometry":{"type":"Point","coordinates":[-146.257004,-14.4281]},"properties":{"icao_code":"NTHE","name":"","location":"","country":""}},{"type":"Feature","geometry":{"type":"Point","coordinates":[-145.024994,-14.4558]},"properties":{"icao_code":"NTKR","name":"","location":"","country":""}},{"type":"Feature","geometry":{"type":"Point","coordinates":[-140.229004,-8.7956]},"properties":{"icao_code":"NTMD","name":"","location":"","country":""}},{"type":"Feature","geometry":{"type":"Point","coordinates":[-139.011002,-9.76879]},"properties":{"icao_code":"NTMN","name":"","location":"","country":""}},{"type":"Feature","geometry":{"type":"Point","coordinates":[-151.751007,-16.444401]},"properties":{"icao_code":"NTTB","name":"","location":"","country":""}},{"type":"Feature","geometry":{"type":"Point","coordinates":[-147.660995,-14.9543]},"properties":{"icao_code":"NTTG","name":"","location":"","country":""}},{"type":"Feature","geometry":{"type":"Point","coordinates":[-151.021593,-16.687084]},"properties":{"icao_code":"NTTH","name":"","location":"","country":""}},{"type":"Feature","geometry":{"type":"Point","coordinates":[-149.761777,-17.48979]},"properties":{"icao_code":"NTTM","name":"","location":"","country":""}},{"type":"Feature","geometry":{"type":"Point","coordinates":[-140.945999,-18.0748]},"properties":{"icao_code":"NTTO","name":"","location":"","country":""}},{"type":"Feature","geometry":{"type":"Point","coordinates":[-152.244003,-16.4265]},"properties":{"icao_code":"NTTP","name":"","location":"","country":""}},{"type":"Feature","geometry":{"type":"Point","coordinates":[-151.466003,-16.7229]},"properties":{"icao_code":"NTTR","name":"","location":"","country":""}},{"type":"Feature","geometry":{"type":"Point","coordinates":[167.587006,-14.2181]},"properties":{"icao_code":"NVSQ","name":"","location":"","country":""}},{"type":"Feature","geometry":{"type":"Point","coordinates":[167.220001,-15.505]},"properties":{"icao_code":"NVSS","name":"","location":"","country":""}},{"type":"Feature","geometry":{"type":"Point","coordinates":[168.320007,-17.699301]},"properties":{"icao_code":"NVVV","name":"","location":"","country":""}},{"type":"Feature","geometry":{"type":"Point","coordinates":[169.223999,-19.455099]},"properties":{"icao_code":"NVVW","name":"","location":"","country":""}},{"type":"Feature","geometry":{"type":"Point","coordinates":[167.80379,-21.096407]},"properties":{"icao_code":"NWWA","name":"","location":"","country":""}},{"type":"Feature","geometry":{"type":"Point","coordinates":[164.838768,-21.053551]},"properties":{"icao_code":"NWWD","name":"","location":"","country":""}},{"type":"Feature","geometry":{"type":"Point","coordinates":[167.455994,-22.5889]},"properties":{"icao_code":"NWWE","name":"","location":"","country":""}},{"type":"Feature","geometry":{"type":"Point","coordinates":[167.239328,-20.774563]},"properties":{"icao_code":"NWWL","name":"","location":"","country":""}},{"type":"Feature","geometry":{"type":"Point","coordinates":[166.472783,-22.25812]},"properties":{"icao_code":"NWWM","name":"","location":"","country":""}},{"type":"Feature","geometry":{"type":"Point","coordinates":[168.038465,-21.482438]},"properties":{"icao_code":"NWWR","name":"","location":"","country":""}},{"type":"Feature","geometry":{"type":"Point","coordinates":[165.259524,-20.790127]},"properties":{"icao_code":"NWWU","name":"","location":"","country":""}},{"type":"Feature","geometry":{"type":"Point","coordinates":[166.573024,-20.640932]},"properties":{"icao_code":"NWWV","name":"","location":"","country":""}},{"type":"Feature","geometry":{"type":"Point","coordinates":[166.212997,-22.014601]},"properties":{"icao_code":"NWWW","name":"","location":"","country":""}},{"type":"Feature","geometry":{"type":"Point","coordinates":[174.786331,-37.01199]},"properties":{"icao_code":"NZAA","name":"","location":"","country":""}},{"type":"Feature","geometry":{"type":"Point","coordinates":[176.084,-38.7397]},"properties":{"icao_code":"NZAP","name":"","location":"","country":""}},{"type":"Feature","geometry":{"type":"Point","coordinates":[174.973007,-37.029701]},"properties":{"icao_code":"NZAR","name":"","location":"","country":""}},{"type":"Feature","geometry":{"type":"Point","coordinates":[172.532065,-43.489029]},"properties":{"icao_code":"NZCH","name":"","location":"","country":""}},{"type":"Feature","geometry":{"type":"Point","coordinates":[-176.46514,-43.81189]},"properties":{"icao_code":"NZCI","name":"","location":"","country":""}},{"type":"Feature","geometry":{"type":"Point","coordinates":[170.197998,-45.928101]},"properties":{"icao_code":"NZDN","name":"","location":"","country":""}},{"type":"Feature","geometry":{"type":"Point","coordinates":[177.977997,-38.6633]},"properties":{"icao_code":"NZGS","name":"","location":"","country":""}},{"type":"Feature","geometry":{"type":"Point","coordinates":[170.128006,-43.9067]},"properties":{"icao_code":"NZGT","name":"","location":"","country":""}},{"type":"Feature","geometry":{"type":"Point","coordinates":[170.985001,-42.7136]},"properties":{"icao_code":"NZHK","name":"","location":"","country":""}},{"type":"Feature","geometry":{"type":"Point","coordinates":[175.332001,-37.866699]},"properties":{"icao_code":"NZHN","name":"","location":"","country":""}},{"type":"Feature","geometry":{"type":"Point","coordinates":[173.913317,-35.259148]},"properties":{"icao_code":"NZKK","name":"","location":"","country":""}},{"type":"Feature","geometry":{"type":"Point","coordinates":[173.287053,-35.069837]},"properties":{"icao_code":"NZKT","name":"","location":"","country":""}},{"type":"Feature","geometry":{"type":"Point","coordinates":[169.371113,-45.210495]},"properties":{"icao_code":"NZLX","name":"","location":"","country":""}},{"type":"Feature","geometry":{"type":"Point","coordinates":[170.132996,-43.764999]},"properties":{"icao_code":"NZMC","name":"","location":"","country":""}},{"type":"Feature","geometry":{"type":"Point","coordinates":[167.649994,-45.5331]},"properties":{"icao_code":"NZMO","name":"","location":"","country":""}},{"type":"Feature","geometry":{"type":"Point","coordinates":[175.63454,-40.974634]},"properties":{"icao_code":"NZMS","name":"","location":"","country":""}},{"type":"Feature","geometry":{"type":"Point","coordinates":[174.179001,-39.008598]},"properties":{"icao_code":"NZNP","name":"","location":"","country":""}},{"type":"Feature","geometry":{"type":"Point","coordinates":[176.869995,-39.465801]},"properties":{"icao_code":"NZNR","name":"","location":"","country":""}},{"type":"Feature","geometry":{"type":"Point","coordinates":[173.220993,-41.298302]},"properties":{"icao_code":"NZNS","name":"","location":"","country":""}},{"type":"Feature","geometry":{"type":"Point","coordinates":[168.313004,-46.412399]},"properties":{"icao_code":"NZNV","name":"","location":"","country":""}},{"type":"Feature","geometry":{"type":"Point","coordinates":[175.388,-40.206001]},"properties":{"icao_code":"NZOH","name":"","location":"","country":""}},{"type":"Feature","geometry":{"type":"Point","coordinates":[171.082001,-44.970001]},"properties":{"icao_code":"NZOU","name":"","location":"","country":""}},{"type":"Feature","geometry":{"type":"Point","coordinates":[175.617004,-40.320599]},"properties":{"icao_code":"NZPM","name":"","location":"","country":""}},{"type":"Feature","geometry":{"type":"Point","coordinates":[174.988998,-40.904701]},"properties":{"icao_code":"NZPP","name":"","location":"","country":""}},{"type":"Feature","geometry":{"type":"Point","coordinates":[168.738998,-45.021099]},"properties":{"icao_code":"NZQN","name":"","location":"","country":""}},{"type":"Feature","geometry":{"type":"Point","coordinates":[176.317001,-38.1092]},"properties":{"icao_code":"NZRO","name":"","location":"","country":""}},{"type":"Feature","geometry":{"type":"Point","coordinates":[176.195999,-37.671902]},"properties":{"icao_code":"NZTG","name":"","location":"","country":""}},{"type":"Feature","geometry":{"type":"Point","coordinates":[171.225006,-44.302799]},"properties":{"icao_code":"NZTU","name":"","location":"","country":""}},{"type":"Feature","geometry":{"type":"Point","coordinates":[170.117996,-44.235001]},"properties":{"icao_code":"NZUK","name":"","location":"","country":""}},{"type":"Feature","geometry":{"type":"Point","coordinates":[173.869995,-41.518299]},"properties":{"icao_code":"NZWB","name":"","location":"","country":""}},{"type":"Feature","geometry":{"type":"Point","coordinates":[169.248419,-44.722954]},"properties":{"icao_code":"NZWF","name":"","location":"","country":""}},{"type":"Feature","geometry":{"type":"Point","coordinates":[176.914001,-37.920601]},"properties":{"icao_code":"NZWK","name":"","location":"","country":""}},{"type":"Feature","geometry":{"type":"Point","coordinates":[174.804993,-41.327202]},"properties":{"icao_code":"NZWN","name":"","location":"","country":""}},{"type":"Feature","geometry":{"type":"Point","coordinates":[177.404395,-39.012118]},"properties":{"icao_code":"NZWO","name":"","location":"","country":""}},{"type":"Feature","geometry":{"type":"Point","coordinates":[174.363713,-35.769253]},"properties":{"icao_code":"NZWR","name":"","location":"","country":""}},{"type":"Feature","geometry":{"type":"Point","coordinates":[171.579033,-41.737111]},"properties":{"icao_code":"NZWS","name":"","location":"","country":""}},{"type":"Feature","geometry":{"type":"Point","coordinates":[175.024994,-39.9622]},"properties":{"icao_code":"NZWU","name":"","location":"","country":""}},{"type":"Feature","geometry":{"type":"Point","coordinates":[62.228298,34.209999]},"properties":{"icao_code":"OAHR","name":"","location":"","country":""}},{"type":"Feature","geometry":{"type":"Point","coordinates":[69.264999,34.946098]},"properties":{"icao_code":"OAIX","name":"","location":"","country":""}},{"type":"Feature","geometry":{"type":"Point","coordinates":[70.498596,34.399799]},"properties":{"icao_code":"OAJL","name":"","location":"","country":""}},{"type":"Feature","geometry":{"type":"Point","coordinates":[69.212303,34.565899]},"properties":{"icao_code":"OAKB","name":"","location":"","country":""}},{"type":"Feature","geometry":{"type":"Point","coordinates":[65.847801,31.5058]},"properties":{"icao_code":"OAKN","name":"","location":"","country":""}},{"type":"Feature","geometry":{"type":"Point","coordinates":[69.80734,33.284605]},"properties":{"icao_code":"OAKS","name":"","location":"","country":""}},{"type":"Feature","geometry":{"type":"Point","coordinates":[64.760902,35.930801]},"properties":{"icao_code":"OAMN","name":"","location":"","country":""}},{"type":"Feature","geometry":{"type":"Point","coordinates":[67.209702,36.706902]},"properties":{"icao_code":"OAMS","name":"","location":"","country":""}},{"type":"Feature","geometry":{"type":"Point","coordinates":[68.910797,36.6651]},"properties":{"icao_code":"OAUZ","name":"","location":"","country":""}},{"type":"Feature","geometry":{"type":"Point","coordinates":[50.63764,26.267295]},"properties":{"icao_code":"OBBI","name":"","location":"","country":""}},{"type":"Feature","geometry":{"type":"Point","coordinates":[50.590599,25.9184]},"properties":{"icao_code":"OBBS","name":"","location":"","country":""}},{"type":"Feature","geometry":{"type":"Point","coordinates":[42.656601,18.2404]},"properties":{"icao_code":"OEAB","name":"","location":"","country":""}},{"type":"Feature","geometry":{"type":"Point","coordinates":[49.485199,25.285299]},"properties":{"icao_code":"OEAH","name":"","location":"","country":""}},{"type":"Feature","geometry":{"type":"Point","coordinates":[38.116944,26.483333]},"properties":{"icao_code":"OEAO","name":"","location":"","country":""}},{"type":"Feature","geometry":{"type":"Point","coordinates":[41.636153,20.298506]},"properties":{"icao_code":"OEBA","name":"","location":"","country":""}},{"type":"Feature","geometry":{"type":"Point","coordinates":[42.620899,19.9844]},"properties":{"icao_code":"OEBH","name":"","location":"","country":""}},{"type":"Feature","geometry":{"type":"Point","coordinates":[49.797901,26.471201]},"properties":{"icao_code":"OEDF","name":"","location":"","country":""}},{"type":"Feature","geometry":{"type":"Point","coordinates":[50.152,26.2654]},"properties":{"icao_code":"OEDR","name":"","location":"","country":""}},{"type":"Feature","geometry":{"type":"Point","coordinates":[42.5858,16.9011]},"properties":{"icao_code":"OEGN","name":"","location":"","country":""}},{"type":"Feature","geometry":{"type":"Point","coordinates":[43.774399,26.302799]},"properties":{"icao_code":"OEGS","name":"","location":"","country":""}},{"type":"Feature","geometry":{"type":"Point","coordinates":[37.278898,31.412413]},"properties":{"icao_code":"OEGT","name":"","location":"","country":""}},{"type":"Feature","geometry":{"type":"Point","coordinates":[41.686298,27.437901]},"properties":{"icao_code":"OEHL","name":"","location":"","country":""}},{"type":"Feature","geometry":{"type":"Point","coordinates":[39.156502,21.6796]},"properties":{"icao_code":"OEJN","name":"","location":"","country":""}},{"type":"Feature","geometry":{"type":"Point","coordinates":[45.528198,27.9009]},"properties":{"icao_code":"OEKK","name":"","location":"","country":""}},{"type":"Feature","geometry":{"type":"Point","coordinates":[42.803501,18.2973]},"properties":{"icao_code":"OEKM","name":"","location":"","country":""}},{"type":"Feature","geometry":{"type":"Point","coordinates":[39.705101,24.5534]},"properties":{"icao_code":"OEMA","name":"","location":"","country":""}},{"type":"Feature","geometry":{"type":"Point","coordinates":[44.419201,17.611401]},"properties":{"icao_code":"OENG","name":"","location":"","country":""}},{"type":"Feature","geometry":{"type":"Point","coordinates":[35.28874,27.927598]},"properties":{"icao_code":"OENN","name":"","location":"","country":""}},{"type":"Feature","geometry":{"type":"Point","coordinates":[46.125099,28.335199]},"properties":{"icao_code":"OEPA","name":"","location":"","country":""}},{"type":"Feature","geometry":{"type":"Point","coordinates":[47.580502,24.0627]},"properties":{"icao_code":"OEPS","name":"","location":"","country":""}},{"type":"Feature","geometry":{"type":"Point","coordinates":[43.490601,29.6264]},"properties":{"icao_code":"OERF","name":"","location":"","country":""}},{"type":"Feature","geometry":{"type":"Point","coordinates":[46.698799,24.9576]},"properties":{"icao_code":"OERK","name":"","location":"","country":""}},{"type":"Feature","geometry":{"type":"Point","coordinates":[41.138199,30.906601]},"properties":{"icao_code":"OERR","name":"","location":"","country":""}},{"type":"Feature","geometry":{"type":"Point","coordinates":[47.121399,17.4669]},"properties":{"icao_code":"OESH","name":"","location":"","country":""}},{"type":"Feature","geometry":{"type":"Point","coordinates":[40.099998,29.785101]},"properties":{"icao_code":"OESK","name":"","location":"","country":""}},{"type":"Feature","geometry":{"type":"Point","coordinates":[36.6189,28.3654]},"properties":{"icao_code":"OETB","name":"","location":"","country":""}},{"type":"Feature","geometry":{"type":"Point","coordinates":[40.543442,21.483001]},"properties":{"icao_code":"OETF","name":"","location":"","country":""}},{"type":"Feature","geometry":{"type":"Point","coordinates":[38.731544,31.692188]},"properties":{"icao_code":"OETR","name":"","location":"","country":""}},{"type":"Feature","geometry":{"type":"Point","coordinates":[45.1996,20.504299]},"properties":{"icao_code":"OEWD","name":"","location":"","country":""}},{"type":"Feature","geometry":{"type":"Point","coordinates":[36.476398,26.198601]},"properties":{"icao_code":"OEWJ","name":"","location":"","country":""}},{"type":"Feature","geometry":{"type":"Point","coordinates":[38.0634,24.144199]},"properties":{"icao_code":"OEYN","name":"","location":"","country":""}},{"type":"Feature","geometry":{"type":"Point","coordinates":[48.230075,30.367887]},"properties":{"icao_code":"OIAA","name":"","location":"","country":""}},{"type":"Feature","geometry":{"type":"Point","coordinates":[48.397598,32.434399]},"properties":{"icao_code":"OIAD","name":"","location":"","country":""}},{"type":"Feature","geometry":{"type":"Point","coordinates":[49.6772,30.7444]},"properties":{"icao_code":"OIAG","name":"","location":"","country":""}},{"type":"Feature","geometry":{"type":"Point","coordinates":[50.833796,30.333869]},"properties":{"icao_code":"OIAH","name":"","location":"","country":""}},{"type":"Feature","geometry":{"type":"Point","coordinates":[49.151901,30.5562]},"properties":{"icao_code":"OIAM","name":"","location":"","country":""}},{"type":"Feature","geometry":{"type":"Point","coordinates":[48.762001,31.3374]},"properties":{"icao_code":"OIAW","name":"","location":"","country":""}},{"type":"Feature","geometry":{"type":"Point","coordinates":[55.033001,25.8757]},"properties":{"icao_code":"OIBA","name":"","location":"","country":""}},{"type":"Feature","geometry":{"type":"Point","coordinates":[50.834599,28.944799]},"properties":{"icao_code":"OIBB","name":"","location":"","country":""}},{"type":"Feature","geometry":{"type":"Point","coordinates":[52.3522,27.820499]},"properties":{"icao_code":"OIBJ","name":"","location":"","country":""}},{"type":"Feature","geometry":{"type":"Point","coordinates":[53.980202,26.526199]},"properties":{"icao_code":"OIBK","name":"","location":"","country":""}},{"type":"Feature","geometry":{"type":"Point","coordinates":[54.82484,26.532283]},"properties":{"icao_code":"OIBL","name":"","location":"","country":""}},{"type":"Feature","geometry":{"type":"Point","coordinates":[52.737701,27.379601]},"properties":{"icao_code":"OIBP","name":"","location":"","country":""}},{"type":"Feature","geometry":{"type":"Point","coordinates":[50.322193,29.260503]},"properties":{"icao_code":"OIBQ","name":"","location":"","country":""}},{"type":"Feature","geometry":{"type":"Point","coordinates":[54.539398,25.908899]},"properties":{"icao_code":"OIBS","name":"","location":"","country":""}},{"type":"Feature","geometry":{"type":"Point","coordinates":[53.354302,26.810742]},"properties":{"icao_code":"OIBV","name":"","location":"","country":""}},{"type":"Feature","geometry":{"type":"Point","coordinates":[47.1581,34.345901]},"properties":{"icao_code":"OICC","name":"","location":"","country":""}},{"type":"Feature","geometry":{"type":"Point","coordinates":[46.4048,33.586601]},"properties":{"icao_code":"OICI","name":"","location":"","country":""}},{"type":"Feature","geometry":{"type":"Point","coordinates":[48.282902,33.435398]},"properties":{"icao_code":"OICK","name":"","location":"","country":""}},{"type":"Feature","geometry":{"type":"Point","coordinates":[47.009201,35.245899]},"properties":{"icao_code":"OICS","name":"","location":"","country":""}},{"type":"Feature","geometry":{"type":"Point","coordinates":[51.577,33.895302]},"properties":{"icao_code":"OIFK","name":"","location":"","country":""}},{"type":"Feature","geometry":{"type":"Point","coordinates":[51.861483,32.750755]},"properties":{"icao_code":"OIFM","name":"","location":"","country":""}},{"type":"Feature","geometry":{"type":"Point","coordinates":[50.842201,32.297199]},"properties":{"icao_code":"OIFS","name":"","location":"","country":""}},{"type":"Feature","geometry":{"type":"Point","coordinates":[49.617778,37.323333]},"properties":{"icao_code":"OIGG","name":"","location":"","country":""}},{"type":"Feature","geometry":{"type":"Point","coordinates":[48.552502,34.869202]},"properties":{"icao_code":"OIHH","name":"","location":"","country":""}},{"type":"Feature","geometry":{"type":"Point","coordinates":[48.6534,35.211601]},"properties":{"icao_code":"OIHS","name":"","location":"","country":""}},{"type":"Feature","geometry":{"type":"Point","coordinates":[51.152199,35.4161]},"properties":{"icao_code":"OIIE","name":"","location":"","country":""}},{"type":"Feature","geometry":{"type":"Point","coordinates":[51.3134,35.689201]},"properties":{"icao_code":"OIII","name":"","location":"","country":""}},{"type":"Feature","geometry":{"type":"Point","coordinates":[50.0471,36.240101]},"properties":{"icao_code":"OIIK","name":"","location":"","country":""}},{"type":"Feature","geometry":{"type":"Point","coordinates":[50.826698,35.7761]},"properties":{"icao_code":"OIIP","name":"","location":"","country":""}},{"type":"Feature","geometry":{"type":"Point","coordinates":[56.3778,27.2183]},"properties":{"icao_code":"OIKB","name":"","location":"","country":""}},{"type":"Feature","geometry":{"type":"Point","coordinates":[57.675037,28.723519]},"properties":{"icao_code":"OIKJ","name":"","location":"","country":""}},{"type":"Feature","geometry":{"type":"Point","coordinates":[56.949692,30.271276]},"properties":{"icao_code":"OIKK","name":"","location":"","country":""}},{"type":"Feature","geometry":{"type":"Point","coordinates":[58.450001,29.0842]},"properties":{"icao_code":"OIKM","name":"","location":"","country":""}},{"type":"Feature","geometry":{"type":"Point","coordinates":[56.048979,30.298345]},"properties":{"icao_code":"OIKR","name":"","location":"","country":""}},{"type":"Feature","geometry":{"type":"Point","coordinates":[55.672699,29.5509]},"properties":{"icao_code":"OIKY","name":"","location":"","country":""}},{"type":"Feature","geometry":{"type":"Point","coordinates":[59.281258,32.896525]},"properties":{"icao_code":"OIMB","name":"","location":"","country":""}},{"type":"Feature","geometry":{"type":"Point","coordinates":[61.064899,36.501202]},"properties":{"icao_code":"OIMC","name":"","location":"","country":""}},{"type":"Feature","geometry":{"type":"Point","coordinates":[59.640999,36.235199]},"properties":{"icao_code":"OIMM","name":"","location":"","country":""}},{"type":"Feature","geometry":{"type":"Point","coordinates":[57.308201,37.493]},"properties":{"icao_code":"OIMN","name":"","location":"","country":""}},{"type":"Feature","geometry":{"type":"Point","coordinates":[57.5952,36.168098]},"properties":{"icao_code":"OIMS","name":"","location":"","country":""}},{"type":"Feature","geometry":{"type":"Point","coordinates":[56.8927,33.667801]},"properties":{"icao_code":"OIMT","name":"","location":"","country":""}},{"type":"Feature","geometry":{"type":"Point","coordinates":[54.401299,36.909401]},"properties":{"icao_code":"OING","name":"","location":"","country":""}},{"type":"Feature","geometry":{"type":"Point","coordinates":[51.46273,36.664286]},"properties":{"icao_code":"OINN","name":"","location":"","country":""}},{"type":"Feature","geometry":{"type":"Point","coordinates":[50.687316,36.90701]},"properties":{"icao_code":"OINR","name":"","location":"","country":""}},{"type":"Feature","geometry":{"type":"Point","coordinates":[53.188761,36.644408]},"properties":{"icao_code":"OINZ","name":"","location":"","country":""}},{"type":"Feature","geometry":{"type":"Point","coordinates":[53.723301,28.8918]},"properties":{"icao_code":"OISF","name":"","location":"","country":""}},{"type":"Feature","geometry":{"type":"Point","coordinates":[54.383301,27.6747]},"properties":{"icao_code":"OISL","name":"","location":"","country":""}},{"type":"Feature","geometry":{"type":"Point","coordinates":[53.188801,27.3727]},"properties":{"icao_code":"OISR","name":"","location":"","country":""}},{"type":"Feature","geometry":{"type":"Point","coordinates":[52.589802,29.5392]},"properties":{"icao_code":"OISS","name":"","location":"","country":""}},{"type":"Feature","geometry":{"type":"Point","coordinates":[51.542988,30.702238]},"properties":{"icao_code":"OISY","name":"","location":"","country":""}},{"type":"Feature","geometry":{"type":"Point","coordinates":[48.4244,38.325699]},"properties":{"icao_code":"OITL","name":"","location":"","country":""}},{"type":"Feature","geometry":{"type":"Point","coordinates":[45.068699,37.668098]},"properties":{"icao_code":"OITR","name":"","location":"","country":""}},{"type":"Feature","geometry":{"type":"Point","coordinates":[46.235001,38.1339]},"properties":{"icao_code":"OITT","name":"","location":"","country":""}},{"type":"Feature","geometry":{"type":"Point","coordinates":[44.928505,39.191293]},"properties":{"icao_code":"OITU","name":"","location":"","country":""}},{"type":"Feature","geometry":{"type":"Point","coordinates":[48.359402,36.773701]},"properties":{"icao_code":"OITZ","name":"","location":"","country":""}},{"type":"Feature","geometry":{"type":"Point","coordinates":[54.276501,31.9049]},"properties":{"icao_code":"OIYY","name":"","location":"","country":""}},{"type":"Feature","geometry":{"type":"Point","coordinates":[61.5439,31.098301]},"properties":{"icao_code":"OIZB","name":"","location":"","country":""}},{"type":"Feature","geometry":{"type":"Point","coordinates":[60.382167,25.44319]},"properties":{"icao_code":"OIZC","name":"","location":"","country":""}},{"type":"Feature","geometry":{"type":"Point","coordinates":[60.9062,29.4757]},"properties":{"icao_code":"OIZH","name":"","location":"","country":""}},{"type":"Feature","geometry":{"type":"Point","coordinates":[60.720001,27.236099]},"properties":{"icao_code":"OIZI","name":"","location":"","country":""}},{"type":"Feature","geometry":{"type":"Point","coordinates":[35.993198,31.722601]},"properties":{"icao_code":"OJAI","name":"","location":"","country":""}},{"type":"Feature","geometry":{"type":"Point","coordinates":[35.9916,31.9727]},"properties":{"icao_code":"OJAM","name":"","location":"","country":""}},{"type":"Feature","geometry":{"type":"Point","coordinates":[35.018101,29.611601]},"properties":{"icao_code":"OJAQ","name":"","location":"","country":""}},{"type":"Feature","geometry":{"type":"Point","coordinates":[47.791901,28.934799]},"properties":{"icao_code":"OKAJ","name":"","location":"","country":""}},{"type":"Feature","geometry":{"type":"Point","coordinates":[47.968899,29.226601]},"properties":{"icao_code":"OKKK","name":"","location":"","country":""}},{"type":"Feature","geometry":{"type":"Point","coordinates":[35.4884,33.8209]},"properties":{"icao_code":"OLBA","name":"","location":"","country":""}},{"type":"Feature","geometry":{"type":"Point","coordinates":[36.011299,34.589298]},"properties":{"icao_code":"OLKA","name":"","location":"","country":""}},{"type":"Feature","geometry":{"type":"Point","coordinates":[54.651718,24.443764]},"properties":{"icao_code":"OMAA","name":"","location":"","country":""}},{"type":"Feature","geometry":{"type":"Point","coordinates":[54.458099,24.428301]},"properties":{"icao_code":"OMAD","name":"","location":"","country":""}},{"type":"Feature","geometry":{"type":"Point","coordinates":[55.6092,24.2617]},"properties":{"icao_code":"OMAL","name":"","location":"","country":""}},{"type":"Feature","geometry":{"type":"Point","coordinates":[54.547699,24.248199]},"properties":{"icao_code":"OMAM","name":"","location":"","country":""}},{"type":"Feature","geometry":{"type":"Point","coordinates":[52.580278,24.283611]},"properties":{"icao_code":"OMBY","name":"","location":"","country":""}},{"type":"Feature","geometry":{"type":"Point","coordinates":[55.364399,25.2528]},"properties":{"icao_code":"OMDB","name":"","location":"","country":""}},{"type":"Feature","geometry":{"type":"Point","coordinates":[55.366199,25.0268]},"properties":{"icao_code":"OMDM","name":"","location":"","country":""}},{"type":"Feature","geometry":{"type":"Point","coordinates":[55.161389,24.896356]},"properties":{"icao_code":"OMDW","name":"","location":"","country":""}},{"type":"Feature","geometry":{"type":"Point","coordinates":[56.324001,25.1122]},"properties":{"icao_code":"OMFJ","name":"","location":"","country":""}},{"type":"Feature","geometry":{"type":"Point","coordinates":[55.938801,25.613501]},"properties":{"icao_code":"OMRK","name":"","location":"","country":""}},{"type":"Feature","geometry":{"type":"Point","coordinates":[55.5172,25.3286]},"properties":{"icao_code":"OMSJ","name":"","location":"","country":""}},{"type":"Feature","geometry":{"type":"Point","coordinates":[56.240601,26.171]},"properties":{"icao_code":"OOKB","name":"","location":"","country":""}},{"type":"Feature","geometry":{"type":"Point","coordinates":[58.890499,20.6754]},"properties":{"icao_code":"OOMA","name":"","location":"","country":""}},{"type":"Feature","geometry":{"type":"Point","coordinates":[58.284401,23.5933]},"properties":{"icao_code":"OOMS","name":"","location":"","country":""}},{"type":"Feature","geometry":{"type":"Point","coordinates":[54.091301,17.0387]},"properties":{"icao_code":"OOSA","name":"","location":"","country":""}},{"type":"Feature","geometry":{"type":"Point","coordinates":[54.024601,17.666]},"properties":{"icao_code":"OOTH","name":"","location":"","country":""}},{"type":"Feature","geometry":{"type":"Point","coordinates":[71.718002,29.348101]},"properties":{"icao_code":"OPBW","name":"","location":"","country":""}},{"type":"Feature","geometry":{"type":"Point","coordinates":[71.799922,35.886213]},"properties":{"icao_code":"OPCH","name":"","location":"","country":""}},{"type":"Feature","geometry":{"type":"Point","coordinates":[70.485901,29.961]},"properties":{"icao_code":"OPDG","name":"","location":"","country":""}},{"type":"Feature","geometry":{"type":"Point","coordinates":[70.896599,31.909401]},"properties":{"icao_code":"OPDI","name":"","location":"","country":""}},{"type":"Feature","geometry":{"type":"Point","coordinates":[72.994797,31.365]},"properties":{"icao_code":"OPFA","name":"","location":"","country":""}},{"type":"Feature","geometry":{"type":"Point","coordinates":[62.498822,25.296733]},"properties":{"icao_code":"OPGD","name":"","location":"","country":""}},{"type":"Feature","geometry":{"type":"Point","coordinates":[74.333603,35.9188]},"properties":{"icao_code":"OPGT","name":"","location":"","country":""}},{"type":"Feature","geometry":{"type":"Point","coordinates":[62.327671,25.232391]},"properties":{"icao_code":"OPGW","name":"","location":"","country":""}},{"type":"Feature","geometry":{"type":"Point","coordinates":[72.82566,33.549]},"properties":{"icao_code":"OPIS","name":"","location":"","country":""}},{"type":"Feature","geometry":{"type":"Point","coordinates":[68.449699,28.284201]},"properties":{"icao_code":"OPJA","name":"","location":"","country":""}},{"type":"Feature","geometry":{"type":"Point","coordinates":[67.160797,24.9065]},"properties":{"icao_code":"OPKC","name":"","location":"","country":""}},{"type":"Feature","geometry":{"type":"Point","coordinates":[74.403603,31.521601]},"properties":{"icao_code":"OPLA","name":"","location":"","country":""}},{"type":"Feature","geometry":{"type":"Point","coordinates":[73.638397,33.050098]},"properties":{"icao_code":"OPMA","name":"","location":"","country":""}},{"type":"Feature","geometry":{"type":"Point","coordinates":[73.508598,34.339001]},"properties":{"icao_code":"OPMF","name":"","location":"","country":""}},{"type":"Feature","geometry":{"type":"Point","coordinates":[71.570702,32.563099]},"properties":{"icao_code":"OPMI","name":"","location":"","country":""}},{"type":"Feature","geometry":{"type":"Point","coordinates":[68.143097,27.335199]},"properties":{"icao_code":"OPMJ","name":"","location":"","country":""}},{"type":"Feature","geometry":{"type":"Point","coordinates":[71.419098,30.203199]},"properties":{"icao_code":"OPMT","name":"","location":"","country":""}},{"type":"Feature","geometry":{"type":"Point","coordinates":[68.390099,26.2194]},"properties":{"icao_code":"OPNH","name":"","location":"","country":""}},{"type":"Feature","geometry":{"type":"Point","coordinates":[64.1325,26.9545]},"properties":{"icao_code":"OPPG","name":"","location":"","country":""}},{"type":"Feature","geometry":{"type":"Point","coordinates":[63.3451,25.290501]},"properties":{"icao_code":"OPPI","name":"","location":"","country":""}},{"type":"Feature","geometry":{"type":"Point","coordinates":[71.514603,33.9939]},"properties":{"icao_code":"OPPS","name":"","location":"","country":""}},{"type":"Feature","geometry":{"type":"Point","coordinates":[66.937798,30.2514]},"properties":{"icao_code":"OPQT","name":"","location":"","country":""}},{"type":"Feature","geometry":{"type":"Point","coordinates":[70.279602,28.3839]},"properties":{"icao_code":"OPRK","name":"","location":"","country":""}},{"type":"Feature","geometry":{"type":"Point","coordinates":[73.798103,33.849701]},"properties":{"icao_code":"OPRT","name":"","location":"","country":""}},{"type":"Feature","geometry":{"type":"Point","coordinates":[75.536003,35.335499]},"properties":{"icao_code":"OPSD","name":"","location":"","country":""}},{"type":"Feature","geometry":{"type":"Point","coordinates":[68.791702,27.722]},"properties":{"icao_code":"OPSK","name":"","location":"","country":""}},{"type":"Feature","geometry":{"type":"Point","coordinates":[67.717201,26.473101]},"properties":{"icao_code":"OPSN","name":"","location":"","country":""}},{"type":"Feature","geometry":{"type":"Point","coordinates":[72.665001,32.048599]},"properties":{"icao_code":"OPSR","name":"","location":"","country":""}},{"type":"Feature","geometry":{"type":"Point","coordinates":[72.352798,34.813599]},"properties":{"icao_code":"OPSS","name":"","location":"","country":""}},{"type":"Feature","geometry":{"type":"Point","coordinates":[74.363892,32.535557]},"properties":{"icao_code":"OPST","name":"","location":"","country":""}},{"type":"Feature","geometry":{"type":"Point","coordinates":[69.176903,28.6451]},"properties":{"icao_code":"OPSU","name":"","location":"","country":""}},{"type":"Feature","geometry":{"type":"Point","coordinates":[63.030201,25.986401]},"properties":{"icao_code":"OPTU","name":"","location":"","country":""}},{"type":"Feature","geometry":{"type":"Point","coordinates":[69.4636,31.3584]},"properties":{"icao_code":"OPZB","name":"","location":"","country":""}},{"type":"Feature","geometry":{"type":"Point","coordinates":[42.4412,33.785599]},"properties":{"icao_code":"ORAA","name":"","location":"","country":""}},{"type":"Feature","geometry":{"type":"Point","coordinates":[43.597099,33.3381]},"properties":{"icao_code":"ORAT","name":"","location":"","country":""}},{"type":"Feature","geometry":{"type":"Point","coordinates":[44.2346,33.262501]},"properties":{"icao_code":"ORBI","name":"","location":"","country":""}},{"type":"Feature","geometry":{"type":"Point","coordinates":[43.1474,36.305801]},"properties":{"icao_code":"ORBM","name":"","location":"","country":""}},{"type":"Feature","geometry":{"type":"Point","coordinates":[43.9632,36.237598]},"properties":{"icao_code":"ORER","name":"","location":"","country":""}},{"type":"Feature","geometry":{"type":"Point","coordinates":[44.3489,35.469501]},"properties":{"icao_code":"ORKK","name":"","location":"","country":""}},{"type":"Feature","geometry":{"type":"Point","coordinates":[47.662102,30.549101]},"properties":{"icao_code":"ORMM","name":"","location":"","country":""}},{"type":"Feature","geometry":{"type":"Point","coordinates":[44.404317,31.989853]},"properties":{"icao_code":"ORNI","name":"","location":"","country":""}},{"type":"Feature","geometry":{"type":"Point","coordinates":[45.316738,35.561749]},"properties":{"icao_code":"ORSU","name":"","location":"","country":""}},{"type":"Feature","geometry":{"type":"Point","coordinates":[37.2244,36.180698]},"properties":{"icao_code":"OSAP","name":"","location":"","country":""}},{"type":"Feature","geometry":{"type":"Point","coordinates":[36.515598,33.411499]},"properties":{"icao_code":"OSDI","name":"","location":"","country":""}},{"type":"Feature","geometry":{"type":"Point","coordinates":[40.175999,35.2854]},"properties":{"icao_code":"OSDZ","name":"","location":"","country":""}},{"type":"Feature","geometry":{"type":"Point","coordinates":[41.191399,37.020599]},"properties":{"icao_code":"OSKL","name":"","location":"","country":""}},{"type":"Feature","geometry":{"type":"Point","coordinates":[35.9487,35.4011]},"properties":{"icao_code":"OSLK","name":"","location":"","country":""}},{"type":"Feature","geometry":{"type":"Point","coordinates":[38.316898,34.5574]},"properties":{"icao_code":"OSPR","name":"","location":"","country":""}},{"type":"Feature","geometry":{"type":"Point","coordinates":[51.565102,25.261101]},"properties":{"icao_code":"OTBD","name":"","location":"","country":""}},{"type":"Feature","geometry":{"type":"Point","coordinates":[51.314999,25.1173]},"properties":{"icao_code":"OTBH","name":"","location":"","country":""}},{"type":"Feature","geometry":{"type":"Point","coordinates":[51.608056,25.273056]},"properties":{"icao_code":"OTHH","name":"","location":"","country":""}},{"type":"Feature","geometry":{"type":"Point","coordinates":[45.028801,12.8295]},"properties":{"icao_code":"OYAA","name":"","location":"","country":""}},{"type":"Feature","geometry":{"type":"Point","coordinates":[46.826199,14.5513]},"properties":{"icao_code":"OYAT","name":"","location":"","country":""}},{"type":"Feature","geometry":{"type":"Point","coordinates":[52.174186,16.193341]},"properties":{"icao_code":"OYGD","name":"","location":"","country":""}},{"type":"Feature","geometry":{"type":"Point","coordinates":[49.375,14.6626]},"properties":{"icao_code":"OYRN","name":"","location":"","country":""}},{"type":"Feature","geometry":{"type":"Point","coordinates":[44.2197,15.4763]},"properties":{"icao_code":"OYSN","name":"","location":"","country":""}},{"type":"Feature","geometry":{"type":"Point","coordinates":[53.9058,12.6307]},"properties":{"icao_code":"OYSQ","name":"","location":"","country":""}},{"type":"Feature","geometry":{"type":"Point","coordinates":[48.7883,15.9661]},"properties":{"icao_code":"OYSY","name":"","location":"","country":""}},{"type":"Feature","geometry":{"type":"Point","coordinates":[44.139099,13.686]},"properties":{"icao_code":"OYTZ","name":"","location":"","country":""}},{"type":"Feature","geometry":{"type":"Point","coordinates":[-149.08901,61.594898]},"properties":{"icao_code":"PAAQ","name":"","location":"","country":""}},{"type":"Feature","geometry":{"type":"Point","coordinates":[-143.582001,70.134003]},"properties":{"icao_code":"PABA","name":"","location":"","country":""}},{"type":"Feature","geometry":{"type":"Point","coordinates":[-161.837997,60.7798]},"properties":{"icao_code":"PABE","name":"","location":"","country":""}},{"type":"Feature","geometry":{"type":"Point","coordinates":[-145.722,63.994499]},"properties":{"icao_code":"PABI","name":"","location":"","country":""}},{"type":"Feature","geometry":{"type":"Point","coordinates":[-156.766008,71.285402]},"properties":{"icao_code":"PABR","name":"","location":"","country":""}},{"type":"Feature","geometry":{"type":"Point","coordinates":[-162.725029,55.207871]},"properties":{"icao_code":"PACD","name":"","location":"","country":""}},{"type":"Feature","geometry":{"type":"Point","coordinates":[-145.477997,60.491798]},"properties":{"icao_code":"PACV","name":"","location":"","country":""}},{"type":"Feature","geometry":{"type":"Point","coordinates":[-166.039002,61.7803]},"properties":{"icao_code":"PACZ","name":"","location":"","country":""}},{"type":"Feature","geometry":{"type":"Point","coordinates":[-162.766914,66.068901]},"properties":{"icao_code":"PADE","name":"","location":"","country":""}},{"type":"Feature","geometry":{"type":"Point","coordinates":[-176.642783,51.883564]},"properties":{"icao_code":"PADK","name":"","location":"","country":""}},{"type":"Feature","geometry":{"type":"Point","coordinates":[-158.505005,59.044701]},"properties":{"icao_code":"PADL","name":"","location":"","country":""}},{"type":"Feature","geometry":{"type":"Point","coordinates":[-152.494003,57.75]},"properties":{"icao_code":"PADQ","name":"","location":"","country":""}},{"type":"Feature","geometry":{"type":"Point","coordinates":[-166.544996,53.89881]},"properties":{"icao_code":"PADU","name":"","location":"","country":""}},{"type":"Feature","geometry":{"type":"Point","coordinates":[-149.807097,61.251709]},"properties":{"icao_code":"PAED","name":"","location":"","country":""}},{"type":"Feature","geometry":{"type":"Point","coordinates":[-162.063004,58.6464]},"properties":{"icao_code":"PAEH","name":"","location":"","country":""}},{"type":"Feature","geometry":{"type":"Point","coordinates":[-147.102005,64.665703]},"properties":{"icao_code":"PAEI","name":"","location":"","country":""}},{"type":"Feature","geometry":{"type":"Point","coordinates":[-164.490997,62.786098]},"properties":{"icao_code":"PAEM","name":"","location":"","country":""}},{"type":"Feature","geometry":{"type":"Point","coordinates":[-151.245174,60.570946]},"properties":{"icao_code":"PAEN","name":"","location":"","country":""}},{"type":"Feature","geometry":{"type":"Point","coordinates":[-147.856003,64.815102]},"properties":{"icao_code":"PAFA","name":"","location":"","country":""}},{"type":"Feature","geometry":{"type":"Point","coordinates":[-147.613998,64.837502]},"properties":{"icao_code":"PAFB","name":"","location":"","country":""}},{"type":"Feature","geometry":{"type":"Point","coordinates":[-133.910202,56.961312]},"properties":{"icao_code":"PAFE","name":"","location":"","country":""}},{"type":"Feature","geometry":{"type":"Point","coordinates":[-157.855339,67.105529]},"properties":{"icao_code":"PAFM","name":"","location":"","country":""}},{"type":"Feature","geometry":{"type":"Point","coordinates":[-156.936997,64.736198]},"properties":{"icao_code":"PAGA","name":"","location":"","country":""}},{"type":"Feature","geometry":{"type":"Point","coordinates":[-145.454662,62.155859]},"properties":{"icao_code":"PAGK","name":"","location":"","country":""}},{"type":"Feature","geometry":{"type":"Point","coordinates":[-171.733303,63.767694]},"properties":{"icao_code":"PAGM","name":"","location":"","country":""}},{"type":"Feature","geometry":{"type":"Point","coordinates":[-135.707001,58.425301]},"properties":{"icao_code":"PAGS","name":"","location":"","country":""}},{"type":"Feature","geometry":{"type":"Point","coordinates":[-159.774994,62.188301]},"properties":{"icao_code":"PAHC","name":"","location":"","country":""}},{"type":"Feature","geometry":{"type":"Point","coordinates":[-156.350998,65.697899]},"properties":{"icao_code":"PAHL","name":"","location":"","country":""}},{"type":"Feature","geometry":{"type":"Point","coordinates":[-135.523925,59.243921]},"properties":{"icao_code":"PAHN","name":"","location":"","country":""}},{"type":"Feature","geometry":{"type":"Point","coordinates":[-151.479235,59.644456]},"properties":{"icao_code":"PAHO","name":"","location":"","country":""}},{"type":"Feature","geometry":{"type":"Point","coordinates":[-157.374873,58.184386]},"properties":{"icao_code":"PAII","name":"","location":"","country":""}},{"type":"Feature","geometry":{"type":"Point","coordinates":[-160.439014,66.976128]},"properties":{"icao_code":"PAIK","name":"","location":"","country":""}},{"type":"Feature","geometry":{"type":"Point","coordinates":[-154.910996,59.754398]},"properties":{"icao_code":"PAIL","name":"","location":"","country":""}},{"type":"Feature","geometry":{"type":"Point","coordinates":[-153.703995,65.992798]},"properties":{"icao_code":"PAIM","name":"","location":"","country":""}},{"type":"Feature","geometry":{"type":"Point","coordinates":[-134.576004,58.355]},"properties":{"icao_code":"PAJN","name":"","location":"","country":""}},{"type":"Feature","geometry":{"type":"Point","coordinates":[-156.651965,58.677845]},"properties":{"icao_code":"PAKN","name":"","location":"","country":""}},{"type":"Feature","geometry":{"type":"Point","coordinates":[-151.742996,68.133598]},"properties":{"icao_code":"PAKP","name":"","location":"","country":""}},{"type":"Feature","geometry":{"type":"Point","coordinates":[-131.714004,55.355598]},"properties":{"icao_code":"PAKT","name":"","location":"","country":""}},{"type":"Feature","geometry":{"type":"Point","coordinates":[-133.076004,55.579201]},"properties":{"icao_code":"PAKW","name":"","location":"","country":""}},{"type":"Feature","geometry":{"type":"Point","coordinates":[-166.110001,68.875099]},"properties":{"icao_code":"PALU","name":"","location":"","country":""}},{"type":"Feature","geometry":{"type":"Point","coordinates":[-155.606003,62.9529]},"properties":{"icao_code":"PAMC","name":"","location":"","country":""}},{"type":"Feature","geometry":{"type":"Point","coordinates":[-149.843988,61.212792]},"properties":{"icao_code":"PAMR","name":"","location":"","country":""}},{"type":"Feature","geometry":{"type":"Point","coordinates":[-166.269751,60.372338]},"properties":{"icao_code":"PAMY","name":"","location":"","country":""}},{"type":"Feature","geometry":{"type":"Point","coordinates":[-149.992561,61.179004]},"properties":{"icao_code":"PANC","name":"","location":"","country":""}},{"type":"Feature","geometry":{"type":"Point","coordinates":[-159.542999,61.5816]},"properties":{"icao_code":"PANI","name":"","location":"","country":""}},{"type":"Feature","geometry":{"type":"Point","coordinates":[-149.074516,64.548772]},"properties":{"icao_code":"PANN","name":"","location":"","country":""}},{"type":"Feature","geometry":{"type":"Point","coordinates":[-131.572609,55.037663]},"properties":{"icao_code":"PANT","name":"","location":"","country":""}},{"type":"Feature","geometry":{"type":"Point","coordinates":[-160.190994,62.646702]},"properties":{"icao_code":"PANV","name":"","location":"","country":""}},{"type":"Feature","geometry":{"type":"Point","coordinates":[-165.445007,64.512199]},"properties":{"icao_code":"PAOM","name":"","location":"","country":""}},{"type":"Feature","geometry":{"type":"Point","coordinates":[-141.929001,62.9613]},"properties":{"icao_code":"PAOR","name":"","location":"","country":""}},{"type":"Feature","geometry":{"type":"Point","coordinates":[-162.598999,66.884697]},"properties":{"icao_code":"PAOT","name":"","location":"","country":""}},{"type":"Feature","geometry":{"type":"Point","coordinates":[-169.663823,56.577345]},"properties":{"icao_code":"PAPB","name":"","location":"","country":""}},{"type":"Feature","geometry":{"type":"Point","coordinates":[-166.858994,65.2537]},"properties":{"icao_code":"PAPC","name":"","location":"","country":""}},{"type":"Feature","geometry":{"type":"Point","coordinates":[-132.945007,56.801701]},"properties":{"icao_code":"PAPG","name":"","location":"","country":""}},{"type":"Feature","geometry":{"type":"Point","coordinates":[-158.630219,56.957893]},"properties":{"icao_code":"PAPH","name":"","location":"","country":""}},{"type":"Feature","geometry":{"type":"Point","coordinates":[-161.827927,59.017675]},"properties":{"icao_code":"PAPM","name":"","location":"","country":""}},{"type":"Feature","geometry":{"type":"Point","coordinates":[-151.005998,70.209999]},"properties":{"icao_code":"PAQT","name":"","location":"","country":""}},{"type":"Feature","geometry":{"type":"Point","coordinates":[-145.578995,68.1147]},"properties":{"icao_code":"PARC","name":"","location":"","country":""}},{"type":"Feature","geometry":{"type":"Point","coordinates":[-155.470001,64.727203]},"properties":{"icao_code":"PARY","name":"","location":"","country":""}},{"type":"Feature","geometry":{"type":"Point","coordinates":[-170.492996,63.686401]},"properties":{"icao_code":"PASA","name":"","location":"","country":""}},{"type":"Feature","geometry":{"type":"Point","coordinates":[-148.464996,70.194702]},"properties":{"icao_code":"PASC","name":"","location":"","country":""}},{"type":"Feature","geometry":{"type":"Point","coordinates":[-160.522099,55.313908]},"properties":{"icao_code":"PASD","name":"","location":"","country":""}},{"type":"Feature","geometry":{"type":"Point","coordinates":[-135.362,57.0471]},"properties":{"icao_code":"PASI","name":"","location":"","country":""}},{"type":"Feature","geometry":{"type":"Point","coordinates":[-170.222555,57.166311]},"properties":{"icao_code":"PASN","name":"","location":"","country":""}},{"type":"Feature","geometry":{"type":"Point","coordinates":[-155.574005,61.097401]},"properties":{"icao_code":"PASV","name":"","location":"","country":""}},{"type":"Feature","geometry":{"type":"Point","coordinates":[-151.038471,60.474935]},"properties":{"icao_code":"PASX","name":"","location":"","country":""}},{"type":"Feature","geometry":{"type":"Point","coordinates":[174.113998,52.712299]},"properties":{"icao_code":"PASY","name":"","location":"","country":""}},{"type":"Feature","geometry":{"type":"Point","coordinates":[-150.093994,62.320499]},"properties":{"icao_code":"PATK","name":"","location":"","country":""}},{"type":"Feature","geometry":{"type":"Point","coordinates":[-155.977005,62.894402]},"properties":{"icao_code":"PATL","name":"","location":"","country":""}},{"type":"Feature","geometry":{"type":"Point","coordinates":[-157.436013,70.46704]},"properties":{"icao_code":"PATQ","name":"","location":"","country":""}},{"type":"Feature","geometry":{"type":"Point","coordinates":[-160.798996,63.888401]},"properties":{"icao_code":"PAUN","name":"","location":"","country":""}},{"type":"Feature","geometry":{"type":"Point","coordinates":[-146.246567,61.132712]},"properties":{"icao_code":"PAVD","name":"","location":"","country":""}},{"type":"Feature","geometry":{"type":"Point","coordinates":[-149.418612,60.130478]},"properties":{"icao_code":"PAWD","name":"","location":"","country":""}},{"type":"Feature","geometry":{"type":"Point","coordinates":[-132.369995,56.484299]},"properties":{"icao_code":"PAWG","name":"","location":"","country":""}},{"type":"Feature","geometry":{"type":"Point","coordinates":[-159.994995,70.638]},"properties":{"icao_code":"PAWI","name":"","location":"","country":""}},{"type":"Feature","geometry":{"type":"Point","coordinates":[-149.539993,61.571701]},"properties":{"icao_code":"PAWS","name":"","location":"","country":""}},{"type":"Feature","geometry":{"type":"Point","coordinates":[-139.660435,59.508717]},"properties":{"icao_code":"PAYA","name":"","location":"","country":""}},{"type":"Feature","geometry":{"type":"Point","coordinates":[-171.710007,-2.76812]},"properties":{"icao_code":"PCIS","name":"","location":"","country":""}},{"type":"Feature","geometry":{"type":"Point","coordinates":[-145.249987,66.571651]},"properties":{"icao_code":"PFYU","name":"","location":"","country":""}},{"type":"Feature","geometry":{"type":"Point","coordinates":[145.242996,14.1743]},"properties":{"icao_code":"PGRO","name":"","location":"","country":""}},{"type":"Feature","geometry":{"type":"Point","coordinates":[145.729004,15.119]},"properties":{"icao_code":"PGSN","name":"","location":"","country":""}},{"type":"Feature","geometry":{"type":"Point","coordinates":[144.929998,13.584]},"properties":{"icao_code":"PGUA","name":"","location":"","country":""}},{"type":"Feature","geometry":{"type":"Point","coordinates":[144.797282,13.485]},"properties":{"icao_code":"PGUM","name":"","location":"","country":""}},{"type":"Feature","geometry":{"type":"Point","coordinates":[145.61923,14.998101]},"properties":{"icao_code":"PGWT","name":"","location":"","country":""}},{"type":"Feature","geometry":{"type":"Point","coordinates":[-159.785004,22.0228]},"properties":{"icao_code":"PHBK","name":"","location":"","country":""}},{"type":"Feature","geometry":{"type":"Point","coordinates":[-156.014008,20.795601]},"properties":{"icao_code":"PHHN","name":"","location":"","country":""}},{"type":"Feature","geometry":{"type":"Point","coordinates":[-157.948333,21.335278]},"properties":{"icao_code":"PHIK","name":"","location":"","country":""}},{"type":"Feature","geometry":{"type":"Point","coordinates":[-156.673004,20.9629]},"properties":{"icao_code":"PHJH","name":"","location":"","country":""}},{"type":"Feature","geometry":{"type":"Point","coordinates":[-158.070009,21.3074]},"properties":{"icao_code":"PHJR","name":"","location":"","country":""}},{"type":"Feature","geometry":{"type":"Point","coordinates":[-156.045603,19.738783]},"properties":{"icao_code":"PHKO","name":"","location":"","country":""}},{"type":"Feature","geometry":{"type":"Point","coordinates":[-159.339005,21.976]},"properties":{"icao_code":"PHLI","name":"","location":"","country":""}},{"type":"Feature","geometry":{"type":"Point","coordinates":[-157.095993,21.152901]},"properties":{"icao_code":"PHMK","name":"","location":"","country":""}},{"type":"Feature","geometry":{"type":"Point","coordinates":[-155.667999,20.001301]},"properties":{"icao_code":"PHMU","name":"","location":"","country":""}},{"type":"Feature","geometry":{"type":"Point","coordinates":[-157.768005,21.4505]},"properties":{"icao_code":"PHNG","name":"","location":"","country":""}},{"type":"Feature","geometry":{"type":"Point","coordinates":[-157.924228,21.32062]},"properties":{"icao_code":"PHNL","name":"","location":"","country":""}},{"type":"Feature","geometry":{"type":"Point","coordinates":[-156.951324,20.785675]},"properties":{"icao_code":"PHNY","name":"","location":"","country":""}},{"type":"Feature","geometry":{"type":"Point","coordinates":[-156.431837,20.896263]},"properties":{"icao_code":"PHOG","name":"","location":"","country":""}},{"type":"Feature","geometry":{"type":"Point","coordinates":[-155.048004,19.721399]},"properties":{"icao_code":"PHTO","name":"","location":"","country":""}},{"type":"Feature","geometry":{"type":"Point","coordinates":[171.272003,7.06476]},"properties":{"icao_code":"PKMJ","name":"","location":"","country":""}},{"type":"Feature","geometry":{"type":"Point","coordinates":[167.731995,8.72012]},"properties":{"icao_code":"PKWA","name":"","location":"","country":""}},{"type":"Feature","geometry":{"type":"Point","coordinates":[-157.350011,1.986278]},"properties":{"icao_code":"PLCH","name":"","location":"","country":""}},{"type":"Feature","geometry":{"type":"Point","coordinates":[-177.380997,28.2017]},"properties":{"icao_code":"PMDY","name":"","location":"","country":""}},{"type":"Feature","geometry":{"type":"Point","coordinates":[-163.005005,69.732903]},"properties":{"icao_code":"PPIZ","name":"","location":"","country":""}},{"type":"Feature","geometry":{"type":"Point","coordinates":[151.843002,7.46187]},"properties":{"icao_code":"PTKK","name":"","location":"","country":""}},{"type":"Feature","geometry":{"type":"Point","coordinates":[158.209,6.9851]},"properties":{"icao_code":"PTPN","name":"","location":"","country":""}},{"type":"Feature","geometry":{"type":"Point","coordinates":[134.544236,7.36731]},"properties":{"icao_code":"PTRO","name":"","location":"","country":""}},{"type":"Feature","geometry":{"type":"Point","coordinates":[162.957993,5.35698]},"properties":{"icao_code":"PTSA","name":"","location":"","country":""}},{"type":"Feature","geometry":{"type":"Point","coordinates":[138.082993,9.49891]},"properties":{"icao_code":"PTYA","name":"","location":"","country":""}},{"type":"Feature","geometry":{"type":"Point","coordinates":[166.636637,19.282437]},"properties":{"icao_code":"PWAK","name":"","location":"","country":""}},{"type":"Feature","geometry":{"type":"Point","coordinates":[120.263,22.782499]},"properties":{"icao_code":"RCAY","name":"","location":"","country":""}},{"type":"Feature","geometry":{"type":"Point","coordinates":[118.359001,24.4279]},"properties":{"icao_code":"RCBS","name":"","location":"","country":""}},{"type":"Feature","geometry":{"type":"Point","coordinates":[120.461998,22.6724]},"properties":{"icao_code":"RCDC","name":"","location":"","country":""}},{"type":"Feature","geometry":{"type":"Point","coordinates":[119.958376,26.159656]},"properties":{"icao_code":"RCFG","name":"","location":"","country":""}},{"type":"Feature","geometry":{"type":"Point","coordinates":[121.101997,22.754999]},"properties":{"icao_code":"RCFN","name":"","location":"","country":""}},{"type":"Feature","geometry":{"type":"Point","coordinates":[120.349998,22.577101]},"properties":{"icao_code":"RCKH","name":"","location":"","country":""}},{"type":"Feature","geometry":{"type":"Point","coordinates":[120.390544,23.462577]},"properties":{"icao_code":"RCKU","name":"","location":"","country":""}},{"type":"Feature","geometry":{"type":"Point","coordinates":[120.730003,22.0411]},"properties":{"icao_code":"RCKW","name":"","location":"","country":""}},{"type":"Feature","geometry":{"type":"Point","coordinates":[121.535004,22.027]},"properties":{"icao_code":"RCLY","name":"","location":"","country":""}},{"type":"Feature","geometry":{"type":"Point","coordinates":[120.621002,24.2647]},"properties":{"icao_code":"RCMQ","name":"","location":"","country":""}},{"type":"Feature","geometry":{"type":"Point","coordinates":[120.002998,26.224199]},"properties":{"icao_code":"RCMT","name":"","location":"","country":""}},{"type":"Feature","geometry":{"type":"Point","coordinates":[120.206001,22.950399]},"properties":{"icao_code":"RCNN","name":"","location":"","country":""}},{"type":"Feature","geometry":{"type":"Point","coordinates":[120.939003,24.818001]},"properties":{"icao_code":"RCPO","name":"","location":"","country":""}},{"type":"Feature","geometry":{"type":"Point","coordinates":[119.627998,23.568701]},"properties":{"icao_code":"RCQC","name":"","location":"","country":""}},{"type":"Feature","geometry":{"type":"Point","coordinates":[121.552002,25.069401]},"properties":{"icao_code":"RCSS","name":"","location":"","country":""}},{"type":"Feature","geometry":{"type":"Point","coordinates":[121.233002,25.0777]},"properties":{"icao_code":"RCTP","name":"","location":"","country":""}},{"type":"Feature","geometry":{"type":"Point","coordinates":[121.617996,24.0231]},"properties":{"icao_code":"RCYU","name":"","location":"","country":""}},{"type":"Feature","geometry":{"type":"Point","coordinates":[140.386002,35.764702]},"properties":{"icao_code":"RJAA","name":"","location":"","country":""}},{"type":"Feature","geometry":{"type":"Point","coordinates":[137.923004,36.166801]},"properties":{"icao_code":"RJAF","name":"","location":"","country":""}},{"type":"Feature","geometry":{"type":"Point","coordinates":[140.414993,36.181099]},"properties":{"icao_code":"RJAH","name":"","location":"","country":""}},{"type":"Feature","geometry":{"type":"Point","coordinates":[141.32261,24.784153]},"properties":{"icao_code":"RJAW","name":"","location":"","country":""}},{"type":"Feature","geometry":{"type":"Point","coordinates":[135.244003,34.427299]},"properties":{"icao_code":"RJBB","name":"","location":"","country":""}},{"type":"Feature","geometry":{"type":"Point","coordinates":[135.363998,33.662201]},"properties":{"icao_code":"RJBD","name":"","location":"","country":""}},{"type":"Feature","geometry":{"type":"Point","coordinates":[135.223999,34.632801]},"properties":{"icao_code":"RJBE","name":"","location":"","country":""}},{"type":"Feature","geometry":{"type":"Point","coordinates":[134.787003,35.512798]},"properties":{"icao_code":"RJBT","name":"","location":"","country":""}},{"type":"Feature","geometry":{"type":"Point","coordinates":[143.216995,42.733299]},"properties":{"icao_code":"RJCB","name":"","location":"","country":""}},{"type":"Feature","geometry":{"type":"Point","coordinates":[141.692001,42.7752]},"properties":{"icao_code":"RJCC","name":"","location":"","country":""}},{"type":"Feature","geometry":{"type":"Point","coordinates":[140.822006,41.77]},"properties":{"icao_code":"RJCH","name":"","location":"","country":""}},{"type":"Feature","geometry":{"type":"Point","coordinates":[144.192993,43.041]},"properties":{"icao_code":"RJCK","name":"","location":"","country":""}},{"type":"Feature","geometry":{"type":"Point","coordinates":[144.164001,43.8806]},"properties":{"icao_code":"RJCM","name":"","location":"","country":""}},{"type":"Feature","geometry":{"type":"Point","coordinates":[144.960007,43.577499]},"properties":{"icao_code":"RJCN","name":"","location":"","country":""}},{"type":"Feature","geometry":{"type":"Point","coordinates":[141.38134,43.117447]},"properties":{"icao_code":"RJCO","name":"","location":"","country":""}},{"type":"Feature","geometry":{"type":"Point","coordinates":[141.800995,45.404202]},"properties":{"icao_code":"RJCW","name":"","location":"","country":""}},{"type":"Feature","geometry":{"type":"Point","coordinates":[129.785004,33.749001]},"properties":{"icao_code":"RJDB","name":"","location":"","country":""}},{"type":"Feature","geometry":{"type":"Point","coordinates":[131.279007,33.93]},"properties":{"icao_code":"RJDC","name":"","location":"","country":""}},{"type":"Feature","geometry":{"type":"Point","coordinates":[129.330994,34.284901]},"properties":{"icao_code":"RJDT","name":"","location":"","country":""}},{"type":"Feature","geometry":{"type":"Point","coordinates":[143.404007,44.303902]},"properties":{"icao_code":"RJEB","name":"","location":"","country":""}},{"type":"Feature","geometry":{"type":"Point","coordinates":[142.447006,43.670799]},"properties":{"icao_code":"RJEC","name":"","location":"","country":""}},{"type":"Feature","geometry":{"type":"Point","coordinates":[139.432999,42.071701]},"properties":{"icao_code":"RJEO","name":"","location":"","country":""}},{"type":"Feature","geometry":{"type":"Point","coordinates":[141.186005,45.242001]},"properties":{"icao_code":"RJER","name":"","location":"","country":""}},{"type":"Feature","geometry":{"type":"Point","coordinates":[130.658997,30.385599]},"properties":{"icao_code":"RJFC","name":"","location":"","country":""}},{"type":"Feature","geometry":{"type":"Point","coordinates":[128.832993,32.666302]},"properties":{"icao_code":"RJFE","name":"","location":"","country":""}},{"type":"Feature","geometry":{"type":"Point","coordinates":[130.451004,33.585899]},"properties":{"icao_code":"RJFF","name":"","location":"","country":""}},{"type":"Feature","geometry":{"type":"Point","coordinates":[130.990997,30.605101]},"properties":{"icao_code":"RJFG","name":"","location":"","country":""}},{"type":"Feature","geometry":{"type":"Point","coordinates":[130.718994,31.8034]},"properties":{"icao_code":"RJFK","name":"","location":"","country":""}},{"type":"Feature","geometry":{"type":"Point","coordinates":[131.449005,31.877199]},"properties":{"icao_code":"RJFM","name":"","location":"","country":""}},{"type":"Feature","geometry":{"type":"Point","coordinates":[131.737,33.479401]},"properties":{"icao_code":"RJFO","name":"","location":"","country":""}},{"type":"Feature","geometry":{"type":"Point","coordinates":[131.035004,33.845901]},"properties":{"icao_code":"RJFR","name":"","location":"","country":""}},{"type":"Feature","geometry":{"type":"Point","coordinates":[130.302002,33.1497]},"properties":{"icao_code":"RJFS","name":"","location":"","country":""}},{"type":"Feature","geometry":{"type":"Point","coordinates":[130.854996,32.837299]},"properties":{"icao_code":"RJFT","name":"","location":"","country":""}},{"type":"Feature","geometry":{"type":"Point","coordinates":[129.914001,32.916901]},"properties":{"icao_code":"RJFU","name":"","location":"","country":""}},{"type":"Feature","geometry":{"type":"Point","coordinates":[136.804993,34.858398]},"properties":{"icao_code":"RJGG","name":"","location":"","country":""}},{"type":"Feature","geometry":{"type":"Point","coordinates":[129.712997,28.430599]},"properties":{"icao_code":"RJKA","name":"","location":"","country":""}},{"type":"Feature","geometry":{"type":"Point","coordinates":[128.705564,27.431604]},"properties":{"icao_code":"RJKB","name":"","location":"","country":""}},{"type":"Feature","geometry":{"type":"Point","coordinates":[129.927994,28.321301]},"properties":{"icao_code":"RJKI","name":"","location":"","country":""}},{"type":"Feature","geometry":{"type":"Point","coordinates":[128.881356,27.836382]},"properties":{"icao_code":"RJKN","name":"","location":"","country":""}},{"type":"Feature","geometry":{"type":"Point","coordinates":[136.924095,35.255759]},"properties":{"icao_code":"RJNA","name":"","location":"","country":""}},{"type":"Feature","geometry":{"type":"Point","coordinates":[136.223999,36.142799]},"properties":{"icao_code":"RJNF","name":"","location":"","country":""}},{"type":"Feature","geometry":{"type":"Point","coordinates":[136.406998,36.3946]},"properties":{"icao_code":"RJNK","name":"","location":"","country":""}},{"type":"Feature","geometry":{"type":"Point","coordinates":[133.323566,36.178388]},"properties":{"icao_code":"RJNO","name":"","location":"","country":""}},{"type":"Feature","geometry":{"type":"Point","coordinates":[138.187752,34.796043]},"properties":{"icao_code":"RJNS","name":"","location":"","country":""}},{"type":"Feature","geometry":{"type":"Point","coordinates":[137.188004,36.6483]},"properties":{"icao_code":"RJNT","name":"","location":"","country":""}},{"type":"Feature","geometry":{"type":"Point","coordinates":[136.962006,37.293098]},"properties":{"icao_code":"RJNW","name":"","location":"","country":""}},{"type":"Feature","geometry":{"type":"Point","coordinates":[132.919006,34.4361]},"properties":{"icao_code":"RJOA","name":"","location":"","country":""}},{"type":"Feature","geometry":{"type":"Point","coordinates":[133.854996,34.756901]},"properties":{"icao_code":"RJOB","name":"","location":"","country":""}},{"type":"Feature","geometry":{"type":"Point","coordinates":[132.889999,35.413601]},"properties":{"icao_code":"RJOC","name":"","location":"","country":""}},{"type":"Feature","geometry":{"type":"Point","coordinates":[133.235992,35.492199]},"properties":{"icao_code":"RJOH","name":"","location":"","country":""}},{"type":"Feature","geometry":{"type":"Point","coordinates":[132.247238,34.146333]},"properties":{"icao_code":"RJOI","name":"","location":"","country":""}},{"type":"Feature","geometry":{"type":"Point","coordinates":[133.669006,33.546101]},"properties":{"icao_code":"RJOK","name":"","location":"","country":""}},{"type":"Feature","geometry":{"type":"Point","coordinates":[132.699997,33.827202]},"properties":{"icao_code":"RJOM","name":"","location":"","country":""}},{"type":"Feature","geometry":{"type":"Point","coordinates":[135.438004,34.7855]},"properties":{"icao_code":"RJOO","name":"","location":"","country":""}},{"type":"Feature","geometry":{"type":"Point","coordinates":[134.167007,35.530102]},"properties":{"icao_code":"RJOR","name":"","location":"","country":""}},{"type":"Feature","geometry":{"type":"Point","coordinates":[134.606995,34.132801]},"properties":{"icao_code":"RJOS","name":"","location":"","country":""}},{"type":"Feature","geometry":{"type":"Point","coordinates":[134.016006,34.214199]},"properties":{"icao_code":"RJOT","name":"","location":"","country":""}},{"type":"Feature","geometry":{"type":"Point","coordinates":[131.789993,34.676399]},"properties":{"icao_code":"RJOW","name":"","location":"","country":""}},{"type":"Feature","geometry":{"type":"Point","coordinates":[140.690994,40.734699]},"properties":{"icao_code":"RJSA","name":"","location":"","country":""}},{"type":"Feature","geometry":{"type":"Point","coordinates":[140.371002,38.4119]},"properties":{"icao_code":"RJSC","name":"","location":"","country":""}},{"type":"Feature","geometry":{"type":"Point","coordinates":[138.414001,38.0602]},"properties":{"icao_code":"RJSD","name":"","location":"","country":""}},{"type":"Feature","geometry":{"type":"Point","coordinates":[140.431,37.227402]},"properties":{"icao_code":"RJSF","name":"","location":"","country":""}},{"type":"Feature","geometry":{"type":"Point","coordinates":[141.465428,40.551181]},"properties":{"icao_code":"RJSH","name":"","location":"","country":""}},{"type":"Feature","geometry":{"type":"Point","coordinates":[141.134995,39.4286]},"properties":{"icao_code":"RJSI","name":"","location":"","country":""}},{"type":"Feature","geometry":{"type":"Point","coordinates":[140.218994,39.615601]},"properties":{"icao_code":"RJSK","name":"","location":"","country":""}},{"type":"Feature","geometry":{"type":"Point","coordinates":[141.367996,40.703201]},"properties":{"icao_code":"RJSM","name":"","location":"","country":""}},{"type":"Feature","geometry":{"type":"Point","coordinates":[139.121002,37.955898]},"properties":{"icao_code":"RJSN","name":"","location":"","country":""}},{"type":"Feature","geometry":{"type":"Point","coordinates":[140.371002,40.191898]},"properties":{"icao_code":"RJSR","name":"","location":"","country":""}},{"type":"Feature","geometry":{"type":"Point","coordinates":[140.917007,38.139702]},"properties":{"icao_code":"RJSS","name":"","location":"","country":""}},{"type":"Feature","geometry":{"type":"Point","coordinates":[139.787003,38.812199]},"properties":{"icao_code":"RJSY","name":"","location":"","country":""}},{"type":"Feature","geometry":{"type":"Point","coordinates":[139.449997,35.454601]},"properties":{"icao_code":"RJTA","name":"","location":"","country":""}},{"type":"Feature","geometry":{"type":"Point","coordinates":[139.785995,33.115002]},"properties":{"icao_code":"RJTH","name":"","location":"","country":""}},{"type":"Feature","geometry":{"type":"Point","coordinates":[139.360001,34.782001]},"properties":{"icao_code":"RJTO","name":"","location":"","country":""}},{"type":"Feature","geometry":{"type":"Point","coordinates":[139.559998,34.073601]},"properties":{"icao_code":"RJTQ","name":"","location":"","country":""}},{"type":"Feature","geometry":{"type":"Point","coordinates":[139.779999,35.552299]},"properties":{"icao_code":"RJTT","name":"","location":"","country":""}},{"type":"Feature","geometry":{"type":"Point","coordinates":[139.348007,35.748501]},"properties":{"icao_code":"RJTY","name":"","location":"","country":""}},{"type":"Feature","geometry":{"type":"Point","coordinates":[126.382814,34.991406]},"properties":{"icao_code":"RKJB","name":"","location":"","country":""}},{"type":"Feature","geometry":{"type":"Point","coordinates":[126.805444,35.123173]},"properties":{"icao_code":"RKJJ","name":"","location":"","country":""}},{"type":"Feature","geometry":{"type":"Point","coordinates":[126.615997,35.903801]},"properties":{"icao_code":"RKJK","name":"","location":"","country":""}},{"type":"Feature","geometry":{"type":"Point","coordinates":[127.616997,34.8423]},"properties":{"icao_code":"RKJY","name":"","location":"","country":""}},{"type":"Feature","geometry":{"type":"Point","coordinates":[128.943915,37.753601]},"properties":{"icao_code":"RKNN","name":"","location":"","country":""}},{"type":"Feature","geometry":{"type":"Point","coordinates":[127.960051,37.437113]},"properties":{"icao_code":"RKNW","name":"","location":"","country":""}},{"type":"Feature","geometry":{"type":"Point","coordinates":[128.669006,38.061298]},"properties":{"icao_code":"RKNY","name":"","location":"","country":""}},{"type":"Feature","geometry":{"type":"Point","coordinates":[126.492548,33.512058]},"properties":{"icao_code":"RKPC","name":"","location":"","country":""}},{"type":"Feature","geometry":{"type":"Point","coordinates":[126.711998,33.399601]},"properties":{"icao_code":"RKPD","name":"","location":"","country":""}},{"type":"Feature","geometry":{"type":"Point","coordinates":[128.938004,35.179501]},"properties":{"icao_code":"RKPK","name":"","location":"","country":""}},{"type":"Feature","geometry":{"type":"Point","coordinates":[128.071747,35.088591]},"properties":{"icao_code":"RKPS","name":"","location":"","country":""}},{"type":"Feature","geometry":{"type":"Point","coordinates":[129.352005,35.593498]},"properties":{"icao_code":"RKPU","name":"","location":"","country":""}},{"type":"Feature","geometry":{"type":"Point","coordinates":[126.450996,37.469101]},"properties":{"icao_code":"RKSI","name":"","location":"","country":""}},{"type":"Feature","geometry":{"type":"Point","coordinates":[127.029448,37.091457]},"properties":{"icao_code":"RKSO","name":"","location":"","country":""}},{"type":"Feature","geometry":{"type":"Point","coordinates":[126.791,37.5583]},"properties":{"icao_code":"RKSS","name":"","location":"","country":""}},{"type":"Feature","geometry":{"type":"Point","coordinates":[127.007004,37.239399]},"properties":{"icao_code":"RKSW","name":"","location":"","country":""}},{"type":"Feature","geometry":{"type":"Point","coordinates":[129.420383,35.987955]},"properties":{"icao_code":"RKTH","name":"","location":"","country":""}},{"type":"Feature","geometry":{"type":"Point","coordinates":[127.886353,37.03024]},"properties":{"icao_code":"RKTI","name":"","location":"","country":""}},{"type":"Feature","geometry":{"type":"Point","coordinates":[128.65531,35.896872]},"properties":{"icao_code":"RKTN","name":"","location":"","country":""}},{"type":"Feature","geometry":{"type":"Point","coordinates":[127.498741,36.717008]},"properties":{"icao_code":"RKTU","name":"","location":"","country":""}},{"type":"Feature","geometry":{"type":"Point","coordinates":[128.34971,36.630373]},"properties":{"icao_code":"RKTY","name":"","location":"","country":""}},{"type":"Feature","geometry":{"type":"Point","coordinates":[127.646004,26.195801]},"properties":{"icao_code":"ROAH","name":"","location":"","country":""}},{"type":"Feature","geometry":{"type":"Point","coordinates":[127.769444,26.351667]},"properties":{"icao_code":"RODN","name":"","location":"","country":""}},{"type":"Feature","geometry":{"type":"Point","coordinates":[124.245,24.396389]},"properties":{"icao_code":"ROIG","name":"","location":"","country":""}},{"type":"Feature","geometry":{"type":"Point","coordinates":[126.71384,26.363445]},"properties":{"icao_code":"ROKJ","name":"","location":"","country":""}},{"type":"Feature","geometry":{"type":"Point","coordinates":[131.263,25.8465]},"properties":{"icao_code":"ROMD","name":"","location":"","country":""}},{"type":"Feature","geometry":{"type":"Point","coordinates":[125.294998,24.782801]},"properties":{"icao_code":"ROMY","name":"","location":"","country":""}},{"type":"Feature","geometry":{"type":"Point","coordinates":[127.786801,26.722537]},"properties":{"icao_code":"RORE","name":"","location":"","country":""}},{"type":"Feature","geometry":{"type":"Point","coordinates":[131.326996,25.9447]},"properties":{"icao_code":"RORK","name":"","location":"","country":""}},{"type":"Feature","geometry":{"type":"Point","coordinates":[125.144997,24.8267]},"properties":{"icao_code":"RORS","name":"","location":"","country":""}},{"type":"Feature","geometry":{"type":"Point","coordinates":[124.675453,24.653793]},"properties":{"icao_code":"RORT","name":"","location":"","country":""}},{"type":"Feature","geometry":{"type":"Point","coordinates":[128.401648,27.043847]},"properties":{"icao_code":"RORY","name":"","location":"","country":""}},{"type":"Feature","geometry":{"type":"Point","coordinates":[122.979827,24.467298]},"properties":{"icao_code":"ROYN","name":"","location":"","country":""}},{"type":"Feature","geometry":{"type":"Point","coordinates":[120.271004,14.7944]},"properties":{"icao_code":"RPLB","name":"","location":"","country":""}},{"type":"Feature","geometry":{"type":"Point","coordinates":[120.559998,15.186]},"properties":{"icao_code":"RPLC","name":"","location":"","country":""}},{"type":"Feature","geometry":{"type":"Point","coordinates":[121.745853,18.182388]},"properties":{"icao_code":"RPLH","name":"","location":"","country":""}},{"type":"Feature","geometry":{"type":"Point","coordinates":[120.531034,18.176121]},"properties":{"icao_code":"RPLI","name":"","location":"","country":""}},{"type":"Feature","geometry":{"type":"Point","coordinates":[123.676829,13.111915]},"properties":{"icao_code":"RPLK","name":"","location":"","country":""}},{"type":"Feature","geometry":{"type":"Point","coordinates":[121.019997,14.5086]},"properties":{"icao_code":"RPLL","name":"","location":"","country":""}},{"type":"Feature","geometry":{"type":"Point","coordinates":[120.903999,14.4954]},"properties":{"icao_code":"RPLS","name":"","location":"","country":""}},{"type":"Feature","geometry":{"type":"Point","coordinates":[121.809969,20.722521]},"properties":{"icao_code":"RPLT","name":"","location":"","country":""}},{"type":"Feature","geometry":{"type":"Point","coordinates":[120.105003,13.8554]},"properties":{"icao_code":"RPLU","name":"","location":"","country":""}},{"type":"Feature","geometry":{"type":"Point","coordinates":[124.752431,6.367903]},"properties":{"icao_code":"RPMA","name":"","location":"","country":""}},{"type":"Feature","geometry":{"type":"Point","coordinates":[124.209938,7.164753]},"properties":{"icao_code":"RPMC","name":"","location":"","country":""}},{"type":"Feature","geometry":{"type":"Point","coordinates":[125.646004,7.12552]},"properties":{"icao_code":"RPMD","name":"","location":"","country":""}},{"type":"Feature","geometry":{"type":"Point","coordinates":[125.4788,8.9515]},"properties":{"icao_code":"RPME","name":"","location":"","country":""}},{"type":"Feature","geometry":{"type":"Point","coordinates":[126.321015,8.195052]},"properties":{"icao_code":"RPMF","name":"","location":"","country":""}},{"type":"Feature","geometry":{"type":"Point","coordinates":[123.341875,8.601983]},"properties":{"icao_code":"RPMG","name":"","location":"","country":""}},{"type":"Feature","geometry":{"type":"Point","coordinates":[124.709115,9.253894]},"properties":{"icao_code":"RPMH","name":"","location":"","country":""}},{"type":"Feature","geometry":{"type":"Point","coordinates":[121.011002,6.05367]},"properties":{"icao_code":"RPMJ","name":"","location":"","country":""}},{"type":"Feature","geometry":{"type":"Point","coordinates":[119.743338,5.048196]},"properties":{"icao_code":"RPMN","name":"","location":"","country":""}},{"type":"Feature","geometry":{"type":"Point","coordinates":[123.842003,8.17851]},"properties":{"icao_code":"RPMO","name":"","location":"","country":""}},{"type":"Feature","geometry":{"type":"Point","coordinates":[123.459635,7.825632]},"properties":{"icao_code":"RPMP","name":"","location":"","country":""}},{"type":"Feature","geometry":{"type":"Point","coordinates":[126.27368,6.949091]},"properties":{"icao_code":"RPMQ","name":"","location":"","country":""}},{"type":"Feature","geometry":{"type":"Point","coordinates":[125.096001,6.058]},"properties":{"icao_code":"RPMR","name":"","location":"","country":""}},{"type":"Feature","geometry":{"type":"Point","coordinates":[125.480947,9.755838]},"properties":{"icao_code":"RPMS","name":"","location":"","country":""}},{"type":"Feature","geometry":{"type":"Point","coordinates":[126.17132,9.072002]},"properties":{"icao_code":"RPMW","name":"","location":"","country":""}},{"type":"Feature","geometry":{"type":"Point","coordinates":[124.456496,8.612203]},"properties":{"icao_code":"RPMY","name":"","location":"","country":""}},{"type":"Feature","geometry":{"type":"Point","coordinates":[122.059998,6.92242]},"properties":{"icao_code":"RPMZ","name":"","location":"","country":""}},{"type":"Feature","geometry":{"type":"Point","coordinates":[123.770143,9.573045]},"properties":{"icao_code":"RPSP","name":"","location":"","country":""}},{"type":"Feature","geometry":{"type":"Point","coordinates":[120.619949,16.375034]},"properties":{"icao_code":"RPUB","name":"","location":"","country":""}},{"type":"Feature","geometry":{"type":"Point","coordinates":[122.980003,14.1292]},"properties":{"icao_code":"RPUD","name":"","location":"","country":""}},{"type":"Feature","geometry":{"type":"Point","coordinates":[121.046997,12.3615]},"properties":{"icao_code":"RPUH","name":"","location":"","country":""}},{"type":"Feature","geometry":{"type":"Point","coordinates":[120.605457,13.208048]},"properties":{"icao_code":"RPUM","name":"","location":"","country":""}},{"type":"Feature","geometry":{"type":"Point","coordinates":[123.269997,13.5849]},"properties":{"icao_code":"RPUN","name":"","location":"","country":""}},{"type":"Feature","geometry":{"type":"Point","coordinates":[121.980003,20.4513]},"properties":{"icao_code":"RPUO","name":"","location":"","country":""}},{"type":"Feature","geometry":{"type":"Point","coordinates":[121.500034,15.729309]},"properties":{"icao_code":"RPUR","name":"","location":"","country":""}},{"type":"Feature","geometry":{"type":"Point","coordinates":[120.303001,16.5956]},"properties":{"icao_code":"RPUS","name":"","location":"","country":""}},{"type":"Feature","geometry":{"type":"Point","coordinates":[121.73315,17.643368]},"properties":{"icao_code":"RPUT","name":"","location":"","country":""}},{"type":"Feature","geometry":{"type":"Point","coordinates":[124.206001,13.5764]},"properties":{"icao_code":"RPUV","name":"","location":"","country":""}},{"type":"Feature","geometry":{"type":"Point","coordinates":[121.825996,13.361]},"properties":{"icao_code":"RPUW","name":"","location":"","country":""}},{"type":"Feature","geometry":{"type":"Point","coordinates":[121.752998,16.929899]},"properties":{"icao_code":"RPUY","name":"","location":"","country":""}},{"type":"Feature","geometry":{"type":"Point","coordinates":[125.027783,11.227761]},"properties":{"icao_code":"RPVA","name":"","location":"","country":""}},{"type":"Feature","geometry":{"type":"Point","coordinates":[123.014999,10.7764]},"properties":{"icao_code":"RPVB","name":"","location":"","country":""}},{"type":"Feature","geometry":{"type":"Point","coordinates":[124.54508,12.072574]},"properties":{"icao_code":"RPVC","name":"","location":"","country":""}},{"type":"Feature","geometry":{"type":"Point","coordinates":[123.30191,9.334183]},"properties":{"icao_code":"RPVD","name":"","location":"","country":""}},{"type":"Feature","geometry":{"type":"Point","coordinates":[121.954002,11.9245]},"properties":{"icao_code":"RPVE","name":"","location":"","country":""}},{"type":"Feature","geometry":{"type":"Point","coordinates":[124.635258,12.50161]},"properties":{"icao_code":"RPVF","name":"","location":"","country":""}},{"type":"Feature","geometry":{"type":"Point","coordinates":[122.493358,10.833017]},"properties":{"icao_code":"RPVI","name":"","location":"","country":""}},{"type":"Feature","geometry":{"type":"Point","coordinates":[123.630095,12.369682]},"properties":{"icao_code":"RPVJ","name":"","location":"","country":""}},{"type":"Feature","geometry":{"type":"Point","coordinates":[122.375999,11.6794]},"properties":{"icao_code":"RPVK","name":"","location":"","country":""}},{"type":"Feature","geometry":{"type":"Point","coordinates":[123.97974,10.309261]},"properties":{"icao_code":"RPVM","name":"","location":"","country":""}},{"type":"Feature","geometry":{"type":"Point","coordinates":[124.565622,11.057715]},"properties":{"icao_code":"RPVO","name":"","location":"","country":""}},{"type":"Feature","geometry":{"type":"Point","coordinates":[118.759003,9.74212]},"properties":{"icao_code":"RPVP","name":"","location":"","country":""}},{"type":"Feature","geometry":{"type":"Point","coordinates":[122.751999,11.5977]},"properties":{"icao_code":"RPVR","name":"","location":"","country":""}},{"type":"Feature","geometry":{"type":"Point","coordinates":[121.932506,10.766644]},"properties":{"icao_code":"RPVS","name":"","location":"","country":""}},{"type":"Feature","geometry":{"type":"Point","coordinates":[122.084999,12.311]},"properties":{"icao_code":"RPVU","name":"","location":"","country":""}},{"type":"Feature","geometry":{"type":"Point","coordinates":[120.100801,12.121865]},"properties":{"icao_code":"RPVV","name":"","location":"","country":""}},{"type":"Feature","geometry":{"type":"Point","coordinates":[36.650002,55.611695]},"properties":{"icao_code":"UUMB","name":"","location":"","country":""}},{"type":"Feature","geometry":{"type":"Point","coordinates":[46.659279,24.465259]},"properties":{"icao_code":"OERY","name":"","location":"","country":""}},{"type":"Feature","geometry":{"type":"Point","coordinates":[-57.9966,-31.2969]},"properties":{"icao_code":"SAAC","name":"","location":"","country":""}},{"type":"Feature","geometry":{"type":"Point","coordinates":[-58.612833,-33.005567]},"properties":{"icao_code":"SAAG","name":"","location":"","country":""}},{"type":"Feature","geometry":{"type":"Point","coordinates":[-60.4804,-31.7948]},"properties":{"icao_code":"SAAP","name":"","location":"","country":""}},{"type":"Feature","geometry":{"type":"Point","coordinates":[-60.785,-32.9036]},"properties":{"icao_code":"SAAR","name":"","location":"","country":""}},{"type":"Feature","geometry":{"type":"Point","coordinates":[-60.8117,-31.7117]},"properties":{"icao_code":"SAAV","name":"","location":"","country":""}},{"type":"Feature","geometry":{"type":"Point","coordinates":[-58.4156,-34.5592]},"properties":{"icao_code":"SABE","name":"","location":"","country":""}},{"type":"Feature","geometry":{"type":"Point","coordinates":[-64.208,-31.323601]},"properties":{"icao_code":"SACO","name":"","location":"","country":""}},{"type":"Feature","geometry":{"type":"Point","coordinates":[-57.8947,-34.9722]},"properties":{"icao_code":"SADL","name":"","location":"","country":""}},{"type":"Feature","geometry":{"type":"Point","coordinates":[-58.6126,-34.6099]},"properties":{"icao_code":"SADP","name":"","location":"","country":""}},{"type":"Feature","geometry":{"type":"Point","coordinates":[-58.5358,-34.8222]},"properties":{"icao_code":"SAEZ","name":"","location":"","country":""}},{"type":"Feature","geometry":{"type":"Point","coordinates":[-68.904198,-37.390598]},"properties":{"icao_code":"SAHS","name":"","location":"","country":""}},{"type":"Feature","geometry":{"type":"Point","coordinates":[-70.113602,-38.975498]},"properties":{"icao_code":"SAHZ","name":"","location":"","country":""}},{"type":"Feature","geometry":{"type":"Point","coordinates":[-68.7929,-32.831699]},"properties":{"icao_code":"SAME","name":"","location":"","country":""}},{"type":"Feature","geometry":{"type":"Point","coordinates":[-69.574303,-35.493599]},"properties":{"icao_code":"SAMM","name":"","location":"","country":""}},{"type":"Feature","geometry":{"type":"Point","coordinates":[-68.4039,-34.588299]},"properties":{"icao_code":"SAMR","name":"","location":"","country":""}},{"type":"Feature","geometry":{"type":"Point","coordinates":[-65.7512,-28.593117]},"properties":{"icao_code":"SANC","name":"","location":"","country":""}},{"type":"Feature","geometry":{"type":"Point","coordinates":[-64.309998,-27.765556]},"properties":{"icao_code":"SANE","name":"","location":"","country":""}},{"type":"Feature","geometry":{"type":"Point","coordinates":[-66.795799,-29.381599]},"properties":{"icao_code":"SANL","name":"","location":"","country":""}},{"type":"Feature","geometry":{"type":"Point","coordinates":[-64.93595,-27.4966]},"properties":{"icao_code":"SANR","name":"","location":"","country":""}},{"type":"Feature","geometry":{"type":"Point","coordinates":[-65.104897,-26.8409]},"properties":{"icao_code":"SANT","name":"","location":"","country":""}},{"type":"Feature","geometry":{"type":"Point","coordinates":[-68.418198,-31.571501]},"properties":{"icao_code":"SANU","name":"","location":"","country":""}},{"type":"Feature","geometry":{"type":"Point","coordinates":[-64.261299,-33.085098]},"properties":{"icao_code":"SAOC","name":"","location":"","country":""}},{"type":"Feature","geometry":{"type":"Point","coordinates":[-65.146301,-31.9452]},"properties":{"icao_code":"SAOD","name":"","location":"","country":""}},{"type":"Feature","geometry":{"type":"Point","coordinates":[-65.387398,-33.7299]},"properties":{"icao_code":"SAOR","name":"","location":"","country":""}},{"type":"Feature","geometry":{"type":"Point","coordinates":[-66.3564,-33.273201]},"properties":{"icao_code":"SAOU","name":"","location":"","country":""}},{"type":"Feature","geometry":{"type":"Point","coordinates":[-58.7619,-27.4455]},"properties":{"icao_code":"SARC","name":"","location":"","country":""}},{"type":"Feature","geometry":{"type":"Point","coordinates":[-59.0561,-27.45]},"properties":{"icao_code":"SARE","name":"","location":"","country":""}},{"type":"Feature","geometry":{"type":"Point","coordinates":[-58.2281,-26.2127]},"properties":{"icao_code":"SARF","name":"","location":"","country":""}},{"type":"Feature","geometry":{"type":"Point","coordinates":[-54.4734,-25.737301]},"properties":{"icao_code":"SARI","name":"","location":"","country":""}},{"type":"Feature","geometry":{"type":"Point","coordinates":[-57.1521,-29.6894]},"properties":{"icao_code":"SARL","name":"","location":"","country":""}},{"type":"Feature","geometry":{"type":"Point","coordinates":[-57.6402,-30.2719]},"properties":{"icao_code":"SARM","name":"","location":"","country":""}},{"type":"Feature","geometry":{"type":"Point","coordinates":[-55.9707,-27.3858]},"properties":{"icao_code":"SARP","name":"","location":"","country":""}},{"type":"Feature","geometry":{"type":"Point","coordinates":[-65.486198,-24.856001]},"properties":{"icao_code":"SASA","name":"","location":"","country":""}},{"type":"Feature","geometry":{"type":"Point","coordinates":[-65.097801,-24.392799]},"properties":{"icao_code":"SASJ","name":"","location":"","country":""}},{"type":"Feature","geometry":{"type":"Point","coordinates":[-64.329201,-23.1528]},"properties":{"icao_code":"SASO","name":"","location":"","country":""}},{"type":"Feature","geometry":{"type":"Point","coordinates":[-63.793015,-22.616877]},"properties":{"icao_code":"SAST","name":"","location":"","country":""}},{"type":"Feature","geometry":{"type":"Point","coordinates":[-59.2189,-29.1058]},"properties":{"icao_code":"SATG","name":"","location":"","country":""}},{"type":"Feature","geometry":{"type":"Point","coordinates":[-59.683333,-29.210278]},"properties":{"icao_code":"SATR","name":"","location":"","country":""}},{"type":"Feature","geometry":{"type":"Point","coordinates":[-57.9789,-29.7706]},"properties":{"icao_code":"SATU","name":"","location":"","country":""}},{"type":"Feature","geometry":{"type":"Point","coordinates":[-71.532303,-41.943199]},"properties":{"icao_code":"SAVB","name":"","location":"","country":""}},{"type":"Feature","geometry":{"type":"Point","coordinates":[-67.4655,-45.7853]},"properties":{"icao_code":"SAVC","name":"","location":"","country":""}},{"type":"Feature","geometry":{"type":"Point","coordinates":[-71.139503,-42.908001]},"properties":{"icao_code":"SAVE","name":"","location":"","country":""}},{"type":"Feature","geometry":{"type":"Point","coordinates":[-68.965323,-46.538517]},"properties":{"icao_code":"SAVH","name":"","location":"","country":""}},{"type":"Feature","geometry":{"type":"Point","coordinates":[-65.2703,-43.2105]},"properties":{"icao_code":"SAVT","name":"","location":"","country":""}},{"type":"Feature","geometry":{"type":"Point","coordinates":[-63.0004,-40.8692]},"properties":{"icao_code":"SAVV","name":"","location":"","country":""}},{"type":"Feature","geometry":{"type":"Point","coordinates":[-65.1027,-42.7592]},"properties":{"icao_code":"SAVY","name":"","location":"","country":""}},{"type":"Feature","geometry":{"type":"Point","coordinates":[-65.9041,-47.7353]},"properties":{"icao_code":"SAWD","name":"","location":"","country":""}},{"type":"Feature","geometry":{"type":"Point","coordinates":[-67.7494,-53.7777]},"properties":{"icao_code":"SAWE","name":"","location":"","country":""}},{"type":"Feature","geometry":{"type":"Point","coordinates":[-69.3126,-51.6089]},"properties":{"icao_code":"SAWG","name":"","location":"","country":""}},{"type":"Feature","geometry":{"type":"Point","coordinates":[-68.2958,-54.8433]},"properties":{"icao_code":"SAWH","name":"","location":"","country":""}},{"type":"Feature","geometry":{"type":"Point","coordinates":[-67.802596,-49.306816]},"properties":{"icao_code":"SAWJ","name":"","location":"","country":""}},{"type":"Feature","geometry":{"type":"Point","coordinates":[-70.978699,-46.537899]},"properties":{"icao_code":"SAWP","name":"","location":"","country":""}},{"type":"Feature","geometry":{"type":"Point","coordinates":[-68.5792,-50.0165]},"properties":{"icao_code":"SAWU","name":"","location":"","country":""}},{"type":"Feature","geometry":{"type":"Point","coordinates":[-62.1693,-38.725]},"properties":{"icao_code":"SAZB","name":"","location":"","country":""}},{"type":"Feature","geometry":{"type":"Point","coordinates":[-63.758301,-35.696201]},"properties":{"icao_code":"SAZG","name":"","location":"","country":""}},{"type":"Feature","geometry":{"type":"Point","coordinates":[-60.3297,-38.3869]},"properties":{"icao_code":"SAZH","name":"","location":"","country":""}},{"type":"Feature","geometry":{"type":"Point","coordinates":[-56.7218,-36.5423]},"properties":{"icao_code":"SAZL","name":"","location":"","country":""}},{"type":"Feature","geometry":{"type":"Point","coordinates":[-57.5733,-37.9342]},"properties":{"icao_code":"SAZM","name":"","location":"","country":""}},{"type":"Feature","geometry":{"type":"Point","coordinates":[-68.155701,-38.949001]},"properties":{"icao_code":"SAZN","name":"","location":"","country":""}},{"type":"Feature","geometry":{"type":"Point","coordinates":[-58.816337,-38.490746]},"properties":{"icao_code":"SAZO","name":"","location":"","country":""}},{"type":"Feature","geometry":{"type":"Point","coordinates":[-61.8576,-35.8446]},"properties":{"icao_code":"SAZP","name":"","location":"","country":""}},{"type":"Feature","geometry":{"type":"Point","coordinates":[-64.275703,-36.588299]},"properties":{"icao_code":"SAZR","name":"","location":"","country":""}},{"type":"Feature","geometry":{"type":"Point","coordinates":[-71.157501,-41.151199]},"properties":{"icao_code":"SAZS","name":"","location":"","country":""}},{"type":"Feature","geometry":{"type":"Point","coordinates":[-59.228647,-37.234634]},"properties":{"icao_code":"SAZT","name":"","location":"","country":""}},{"type":"Feature","geometry":{"type":"Point","coordinates":[-57.0292,-37.2354]},"properties":{"icao_code":"SAZV","name":"","location":"","country":""}},{"type":"Feature","geometry":{"type":"Point","coordinates":[-69.264603,-38.939701]},"properties":{"icao_code":"SAZW","name":"","location":"","country":""}},{"type":"Feature","geometry":{"type":"Point","coordinates":[-71.137299,-40.075401]},"properties":{"icao_code":"SAZY","name":"","location":"","country":""}},{"type":"Feature","geometry":{"type":"Point","coordinates":[-49.301498,-8.34835]},"properties":{"icao_code":"SBAA","name":"","location":"","country":""}},{"type":"Feature","geometry":{"type":"Point","coordinates":[-37.805135,-4.568896]},"properties":{"icao_code":"SBAC","name":"","location":"","country":""}},{"type":"Feature","geometry":{"type":"Point","coordinates":[-49.070325,-22.160755]},"properties":{"icao_code":"SBAE","name":"","location":"","country":""}},{"type":"Feature","geometry":{"type":"Point","coordinates":[-43.384701,-22.875099]},"properties":{"icao_code":"SBAF","name":"","location":"","country":""}},{"type":"Feature","geometry":{"type":"Point","coordinates":[-48.964298,-16.2292]},"properties":{"icao_code":"SBAN","name":"","location":"","country":""}},{"type":"Feature","geometry":{"type":"Point","coordinates":[-48.132999,-21.812]},"properties":{"icao_code":"SBAQ","name":"","location":"","country":""}},{"type":"Feature","geometry":{"type":"Point","coordinates":[-37.070301,-10.984]},"properties":{"icao_code":"SBAR","name":"","location":"","country":""}},{"type":"Feature","geometry":{"type":"Point","coordinates":[-56.106298,-9.866389]},"properties":{"icao_code":"SBAT","name":"","location":"","country":""}},{"type":"Feature","geometry":{"type":"Point","coordinates":[-50.424575,-21.141479]},"properties":{"icao_code":"SBAU","name":"","location":"","country":""}},{"type":"Feature","geometry":{"type":"Point","coordinates":[-46.9604,-19.5632]},"properties":{"icao_code":"SBAX","name":"","location":"","country":""}},{"type":"Feature","geometry":{"type":"Point","coordinates":[-48.476207,-1.379279]},"properties":{"icao_code":"SBBE","name":"","location":"","country":""}},{"type":"Feature","geometry":{"type":"Point","coordinates":[-54.112202,-31.390499]},"properties":{"icao_code":"SBBG","name":"","location":"","country":""}},{"type":"Feature","geometry":{"type":"Point","coordinates":[-43.950316,-19.85074]},"properties":{"icao_code":"SBBH","name":"","location":"","country":""}},{"type":"Feature","geometry":{"type":"Point","coordinates":[-49.231998,-25.4051]},"properties":{"icao_code":"SBBI","name":"","location":"","country":""}},{"type":"Feature","geometry":{"type":"Point","coordinates":[-47.920834,-15.869167]},"properties":{"icao_code":"SBBR","name":"","location":"","country":""}},{"type":"Feature","geometry":{"type":"Point","coordinates":[-60.690944,2.845855]},"properties":{"icao_code":"SBBV","name":"","location":"","country":""}},{"type":"Feature","geometry":{"type":"Point","coordinates":[-52.389008,-15.861417]},"properties":{"icao_code":"SBBW","name":"","location":"","country":""}},{"type":"Feature","geometry":{"type":"Point","coordinates":[-53.501208,-25.000323]},"properties":{"icao_code":"SBCA","name":"","location":"","country":""}},{"type":"Feature","geometry":{"type":"Point","coordinates":[-43.966928,-19.63571]},"properties":{"icao_code":"SBCF","name":"","location":"","country":""}},{"type":"Feature","geometry":{"type":"Point","coordinates":[-54.673988,-20.469998]},"properties":{"icao_code":"SBCG","name":"","location":"","country":""}},{"type":"Feature","geometry":{"type":"Point","coordinates":[-52.656601,-27.134199]},"properties":{"icao_code":"SBCH","name":"","location":"","country":""}},{"type":"Feature","geometry":{"type":"Point","coordinates":[-47.458698,-7.32044]},"properties":{"icao_code":"SBCI","name":"","location":"","country":""}},{"type":"Feature","geometry":{"type":"Point","coordinates":[-50.003372,-6.117841]},"properties":{"icao_code":"SBCJ","name":"","location":"","country":""}},{"type":"Feature","geometry":{"type":"Point","coordinates":[-41.301701,-21.698299]},"properties":{"icao_code":"SBCP","name":"","location":"","country":""}},{"type":"Feature","geometry":{"type":"Point","coordinates":[-57.672772,-19.01193]},"properties":{"icao_code":"SBCR","name":"","location":"","country":""}},{"type":"Feature","geometry":{"type":"Point","coordinates":[-49.1758,-25.5285]},"properties":{"icao_code":"SBCT","name":"","location":"","country":""}},{"type":"Feature","geometry":{"type":"Point","coordinates":[-51.187647,-29.197183]},"properties":{"icao_code":"SBCX","name":"","location":"","country":""}},{"type":"Feature","geometry":{"type":"Point","coordinates":[-56.116699,-15.6529]},"properties":{"icao_code":"SBCY","name":"","location":"","country":""}},{"type":"Feature","geometry":{"type":"Point","coordinates":[-72.769501,-7.59991]},"properties":{"icao_code":"SBCZ","name":"","location":"","country":""}},{"type":"Feature","geometry":{"type":"Point","coordinates":[-51.424599,-22.1751]},"properties":{"icao_code":"SBDN","name":"","location":"","country":""}},{"type":"Feature","geometry":{"type":"Point","coordinates":[-60.049702,-3.03861]},"properties":{"icao_code":"SBEG","name":"","location":"","country":""}},{"type":"Feature","geometry":{"type":"Point","coordinates":[-57.776901,-6.23316]},"properties":{"icao_code":"SBEK","name":"","location":"","country":""}},{"type":"Feature","geometry":{"type":"Point","coordinates":[-54.489444,-25.594167]},"properties":{"icao_code":"SBFI","name":"","location":"","country":""}},{"type":"Feature","geometry":{"type":"Point","coordinates":[-48.552502,-27.670279]},"properties":{"icao_code":"SBFL","name":"","location":"","country":""}},{"type":"Feature","geometry":{"type":"Point","coordinates":[-32.423302,-3.854471]},"properties":{"icao_code":"SBFN","name":"","location":"","country":""}},{"type":"Feature","geometry":{"type":"Point","coordinates":[-38.532222,-3.775833]},"properties":{"icao_code":"SBFZ","name":"","location":"","country":""}},{"type":"Feature","geometry":{"type":"Point","coordinates":[-43.250557,-22.809999]},"properties":{"icao_code":"SBGL","name":"","location":"","country":""}},{"type":"Feature","geometry":{"type":"Point","coordinates":[-65.28486,-10.78641]},"properties":{"icao_code":"SBGM","name":"","location":"","country":""}},{"type":"Feature","geometry":{"type":"Point","coordinates":[-49.220699,-16.632]},"properties":{"icao_code":"SBGO","name":"","location":"","country":""}},{"type":"Feature","geometry":{"type":"Point","coordinates":[-46.467778,-23.431944]},"properties":{"icao_code":"SBGR","name":"","location":"","country":""}},{"type":"Feature","geometry":{"type":"Point","coordinates":[-41.982869,-18.895882]},"properties":{"icao_code":"SBGV","name":"","location":"","country":""}},{"type":"Feature","geometry":{"type":"Point","coordinates":[-45.2048,-22.791599]},"properties":{"icao_code":"SBGW","name":"","location":"","country":""}},{"type":"Feature","geometry":{"type":"Point","coordinates":[-52.253938,-3.253144]},"properties":{"icao_code":"SBHT","name":"","location":"","country":""}},{"type":"Feature","geometry":{"type":"Point","coordinates":[-58.481668,-3.126539]},"properties":{"icao_code":"SBIC","name":"","location":"","country":""}},{"type":"Feature","geometry":{"type":"Point","coordinates":[-56.000651,-4.242131]},"properties":{"icao_code":"SBIH","name":"","location":"","country":""}},{"type":"Feature","geometry":{"type":"Point","coordinates":[-39.033458,-14.815929]},"properties":{"icao_code":"SBIL","name":"","location":"","country":""}},{"type":"Feature","geometry":{"type":"Point","coordinates":[-42.487598,-19.470699]},"properties":{"icao_code":"SBIP","name":"","location":"","country":""}},{"type":"Feature","geometry":{"type":"Point","coordinates":[-47.459999,-5.53129]},"properties":{"icao_code":"SBIZ","name":"","location":"","country":""}},{"type":"Feature","geometry":{"type":"Point","coordinates":[-40.357338,-2.906425]},"properties":{"icao_code":"SBJE","name":"","location":"","country":""}},{"type":"Feature","geometry":{"type":"Point","coordinates":[-43.386072,-21.791482]},"properties":{"icao_code":"SBJF","name":"","location":"","country":""}},{"type":"Feature","geometry":{"type":"Point","coordinates":[-34.950554,-7.148691]},"properties":{"icao_code":"SBJP","name":"","location":"","country":""}},{"type":"Feature","geometry":{"type":"Point","coordinates":[-48.797401,-26.224501]},"properties":{"icao_code":"SBJV","name":"","location":"","country":""}},{"type":"Feature","geometry":{"type":"Point","coordinates":[-35.896057,-7.269662]},"properties":{"icao_code":"SBKG","name":"","location":"","country":""}},{"type":"Feature","geometry":{"type":"Point","coordinates":[-47.134502,-23.007404]},"properties":{"icao_code":"SBKP","name":"","location":"","country":""}},{"type":"Feature","geometry":{"type":"Point","coordinates":[-50.281502,-27.782101]},"properties":{"icao_code":"SBLJ","name":"","location":"","country":""}},{"type":"Feature","geometry":{"type":"Point","coordinates":[-51.128365,-23.334375]},"properties":{"icao_code":"SBLO","name":"","location":"","country":""}},{"type":"Feature","geometry":{"type":"Point","coordinates":[-43.4081,-13.2621]},"properties":{"icao_code":"SBLP","name":"","location":"","country":""}},{"type":"Feature","geometry":{"type":"Point","coordinates":[-49.138,-5.36859]},"properties":{"icao_code":"SBMA","name":"","location":"","country":""}},{"type":"Feature","geometry":{"type":"Point","coordinates":[-52.6022,-0.889839]},"properties":{"icao_code":"SBMD","name":"","location":"","country":""}},{"type":"Feature","geometry":{"type":"Point","coordinates":[-41.765999,-22.343]},"properties":{"icao_code":"SBME","name":"","location":"","country":""}},{"type":"Feature","geometry":{"type":"Point","coordinates":[-52.016187,-23.47606]},"properties":{"icao_code":"SBMG","name":"","location":"","country":""}},{"type":"Feature","geometry":{"type":"Point","coordinates":[-43.818901,-16.706919]},"properties":{"icao_code":"SBMK","name":"","location":"","country":""}},{"type":"Feature","geometry":{"type":"Point","coordinates":[-49.926485,-22.196899]},"properties":{"icao_code":"SBML","name":"","location":"","country":""}},{"type":"Feature","geometry":{"type":"Point","coordinates":[-59.986301,-3.14604]},"properties":{"icao_code":"SBMN","name":"","location":"","country":""}},{"type":"Feature","geometry":{"type":"Point","coordinates":[-35.791698,-9.51081]},"properties":{"icao_code":"SBMO","name":"","location":"","country":""}},{"type":"Feature","geometry":{"type":"Point","coordinates":[-51.072201,0.050664]},"properties":{"icao_code":"SBMQ","name":"","location":"","country":""}},{"type":"Feature","geometry":{"type":"Point","coordinates":[-37.3643,-5.20192]},"properties":{"icao_code":"SBMS","name":"","location":"","country":""}},{"type":"Feature","geometry":{"type":"Point","coordinates":[-61.278301,-5.81138]},"properties":{"icao_code":"SBMY","name":"","location":"","country":""}},{"type":"Feature","geometry":{"type":"Point","coordinates":[-48.650979,-26.879431]},"properties":{"icao_code":"SBNF","name":"","location":"","country":""}},{"type":"Feature","geometry":{"type":"Point","coordinates":[-54.169623,-28.282503]},"properties":{"icao_code":"SBNM","name":"","location":"","country":""}},{"type":"Feature","geometry":{"type":"Point","coordinates":[-35.2477,-5.91142]},"properties":{"icao_code":"SBNT","name":"","location":"","country":""}},{"type":"Feature","geometry":{"type":"Point","coordinates":[-51.797056,3.85412]},"properties":{"icao_code":"SBOI","name":"","location":"","country":""}},{"type":"Feature","geometry":{"type":"Point","coordinates":[-51.166592,-29.994712]},"properties":{"icao_code":"SBPA","name":"","location":"","country":""}},{"type":"Feature","geometry":{"type":"Point","coordinates":[-41.731998,-2.89375]},"properties":{"icao_code":"SBPB","name":"","location":"","country":""}},{"type":"Feature","geometry":{"type":"Point","coordinates":[-46.569768,-21.842529]},"properties":{"icao_code":"SBPC","name":"","location":"","country":""}},{"type":"Feature","geometry":{"type":"Point","coordinates":[-52.32777,-28.243976]},"properties":{"icao_code":"SBPF","name":"","location":"","country":""}},{"type":"Feature","geometry":{"type":"Point","coordinates":[-50.143822,-25.184476]},"properties":{"icao_code":"SBPG","name":"","location":"","country":""}},{"type":"Feature","geometry":{"type":"Point","coordinates":[-48.356998,-10.2915]},"properties":{"icao_code":"SBPJ","name":"","location":"","country":""}},{"type":"Feature","geometry":{"type":"Point","coordinates":[-52.327952,-31.717253]},"properties":{"icao_code":"SBPK","name":"","location":"","country":""}},{"type":"Feature","geometry":{"type":"Point","coordinates":[-40.569098,-9.362422]},"properties":{"icao_code":"SBPL","name":"","location":"","country":""}},{"type":"Feature","geometry":{"type":"Point","coordinates":[-55.702599,-22.549601]},"properties":{"icao_code":"SBPP","name":"","location":"","country":""}},{"type":"Feature","geometry":{"type":"Point","coordinates":[-39.080584,-16.438426]},"properties":{"icao_code":"SBPS","name":"","location":"","country":""}},{"type":"Feature","geometry":{"type":"Point","coordinates":[-63.90242,-8.707854]},"properties":{"icao_code":"SBPV","name":"","location":"","country":""}},{"type":"Feature","geometry":{"type":"Point","coordinates":[-67.893984,-9.869031]},"properties":{"icao_code":"SBRB","name":"","location":"","country":""}},{"type":"Feature","geometry":{"type":"Point","coordinates":[-34.923316,-8.125984]},"properties":{"icao_code":"SBRF","name":"","location":"","country":""}},{"type":"Feature","geometry":{"type":"Point","coordinates":[-43.163101,-22.9105]},"properties":{"icao_code":"SBRJ","name":"","location":"","country":""}},{"type":"Feature","geometry":{"type":"Point","coordinates":[-47.774053,-21.134314]},"properties":{"icao_code":"SBRP","name":"","location":"","country":""}},{"type":"Feature","geometry":{"type":"Point","coordinates":[-45.8615,-23.2292]},"properties":{"icao_code":"SBSJ","name":"","location":"","country":""}},{"type":"Feature","geometry":{"type":"Point","coordinates":[-44.2341,-2.58536]},"properties":{"icao_code":"SBSL","name":"","location":"","country":""}},{"type":"Feature","geometry":{"type":"Point","coordinates":[-53.688202,-29.711399]},"properties":{"icao_code":"SBSM","name":"","location":"","country":""}},{"type":"Feature","geometry":{"type":"Point","coordinates":[-54.79306,-2.422423]},"properties":{"icao_code":"SBSN","name":"","location":"","country":""}},{"type":"Feature","geometry":{"type":"Point","coordinates":[-46.654601,-23.627657]},"properties":{"icao_code":"SBSP","name":"","location":"","country":""}},{"type":"Feature","geometry":{"type":"Point","coordinates":[-49.406963,-20.817113]},"properties":{"icao_code":"SBSR","name":"","location":"","country":""}},{"type":"Feature","geometry":{"type":"Point","coordinates":[-46.300195,-23.928192]},"properties":{"icao_code":"SBST","name":"","location":"","country":""}},{"type":"Feature","geometry":{"type":"Point","coordinates":[-38.322498,-12.908611]},"properties":{"icao_code":"SBSV","name":"","location":"","country":""}},{"type":"Feature","geometry":{"type":"Point","coordinates":[-56.396801,-1.4896]},"properties":{"icao_code":"SBTB","name":"","location":"","country":""}},{"type":"Feature","geometry":{"type":"Point","coordinates":[-42.823712,-5.06025]},"properties":{"icao_code":"SBTE","name":"","location":"","country":""}},{"type":"Feature","geometry":{"type":"Point","coordinates":[-64.724098,-3.38294]},"properties":{"icao_code":"SBTF","name":"","location":"","country":""}},{"type":"Feature","geometry":{"type":"Point","coordinates":[-70.782985,-8.155534]},"properties":{"icao_code":"SBTK","name":"","location":"","country":""}},{"type":"Feature","geometry":{"type":"Point","coordinates":[-69.935799,-4.25567]},"properties":{"icao_code":"SBTT","name":"","location":"","country":""}},{"type":"Feature","geometry":{"type":"Point","coordinates":[-49.720299,-3.78601]},"properties":{"icao_code":"SBTU","name":"","location":"","country":""}},{"type":"Feature","geometry":{"type":"Point","coordinates":[-66.9855,-0.14835]},"properties":{"icao_code":"SBUA","name":"","location":"","country":""}},{"type":"Feature","geometry":{"type":"Point","coordinates":[-38.250599,-9.40088]},"properties":{"icao_code":"SBUF","name":"","location":"","country":""}},{"type":"Feature","geometry":{"type":"Point","coordinates":[-57.0382,-29.7822]},"properties":{"icao_code":"SBUG","name":"","location":"","country":""}},{"type":"Feature","geometry":{"type":"Point","coordinates":[-48.225936,-18.883579]},"properties":{"icao_code":"SBUL","name":"","location":"","country":""}},{"type":"Feature","geometry":{"type":"Point","coordinates":[-47.964805,-19.765036]},"properties":{"icao_code":"SBUR","name":"","location":"","country":""}},{"type":"Feature","geometry":{"type":"Point","coordinates":[-45.474116,-21.591375]},"properties":{"icao_code":"SBVG","name":"","location":"","country":""}},{"type":"Feature","geometry":{"type":"Point","coordinates":[-60.098301,-12.6944]},"properties":{"icao_code":"SBVH","name":"","location":"","country":""}},{"type":"Feature","geometry":{"type":"Point","coordinates":[-40.285,-20.258]},"properties":{"icao_code":"SBVT","name":"","location":"","country":""}},{"type":"Feature","geometry":{"type":"Point","coordinates":[-43.173069,-21.513086]},"properties":{"icao_code":"SBZM","name":"","location":"","country":""}},{"type":"Feature","geometry":{"type":"Point","coordinates":[-70.338699,-18.348499]},"properties":{"icao_code":"SCAR","name":"","location":"","country":""}},{"type":"Feature","geometry":{"type":"Point","coordinates":[-70.779198,-27.2612]},"properties":{"icao_code":"SCAT","name":"","location":"","country":""}},{"type":"Feature","geometry":{"type":"Point","coordinates":[-71.689499,-45.915968]},"properties":{"icao_code":"SCBA","name":"","location":"","country":""}},{"type":"Feature","geometry":{"type":"Point","coordinates":[-70.062897,-22.1411]},"properties":{"icao_code":"SCBE","name":"","location":"","country":""}},{"type":"Feature","geometry":{"type":"Point","coordinates":[-71.686323,-46.5831]},"properties":{"icao_code":"SCCC","name":"","location":"","country":""}},{"type":"Feature","geometry":{"type":"Point","coordinates":[-68.903603,-22.498199]},"properties":{"icao_code":"SCCF","name":"","location":"","country":""}},{"type":"Feature","geometry":{"type":"Point","coordinates":[-72.031403,-36.5825]},"properties":{"icao_code":"SCCH","name":"","location":"","country":""}},{"type":"Feature","geometry":{"type":"Point","coordinates":[-70.854599,-53.002602]},"properties":{"icao_code":"SCCI","name":"","location":"","country":""}},{"type":"Feature","geometry":{"type":"Point","coordinates":[-72.106102,-45.5942]},"properties":{"icao_code":"SCCY","name":"","location":"","country":""}},{"type":"Feature","geometry":{"type":"Point","coordinates":[-70.181297,-20.5352]},"properties":{"icao_code":"SCDA","name":"","location":"","country":""}},{"type":"Feature","geometry":{"type":"Point","coordinates":[-70.785797,-33.393002]},"properties":{"icao_code":"SCEL","name":"","location":"","country":""}},{"type":"Feature","geometry":{"type":"Point","coordinates":[-69.765198,-26.3111]},"properties":{"icao_code":"SCES","name":"","location":"","country":""}},{"type":"Feature","geometry":{"type":"Point","coordinates":[-70.445099,-23.444501]},"properties":{"icao_code":"SCFA","name":"","location":"","country":""}},{"type":"Feature","geometry":{"type":"Point","coordinates":[-70.319199,-53.2537]},"properties":{"icao_code":"SCFM","name":"","location":"","country":""}},{"type":"Feature","geometry":{"type":"Point","coordinates":[-67.626297,-54.931099]},"properties":{"icao_code":"SCGZ","name":"","location":"","country":""}},{"type":"Feature","geometry":{"type":"Point","coordinates":[-72.58815,-47.243591]},"properties":{"icao_code":"SCHR","name":"","location":"","country":""}},{"type":"Feature","geometry":{"type":"Point","coordinates":[-73.063103,-36.772701]},"properties":{"icao_code":"SCIE","name":"","location":"","country":""}},{"type":"Feature","geometry":{"type":"Point","coordinates":[-109.421997,-27.164801]},"properties":{"icao_code":"SCIP","name":"","location":"","country":""}},{"type":"Feature","geometry":{"type":"Point","coordinates":[-73.060997,-40.611198]},"properties":{"icao_code":"SCJO","name":"","location":"","country":""}},{"type":"Feature","geometry":{"type":"Point","coordinates":[-70.755997,-28.596399]},"properties":{"icao_code":"SCLL","name":"","location":"","country":""}},{"type":"Feature","geometry":{"type":"Point","coordinates":[-72.529078,-51.67067]},"properties":{"icao_code":"SCNT","name":"","location":"","country":""}},{"type":"Feature","geometry":{"type":"Point","coordinates":[-72.6515,-38.9259]},"properties":{"icao_code":"SCQP","name":"","location":"","country":""}},{"type":"Feature","geometry":{"type":"Point","coordinates":[-70.6073,-26.3325]},"properties":{"icao_code":"SCRA","name":"","location":"","country":""}},{"type":"Feature","geometry":{"type":"Point","coordinates":[-71.199501,-29.916201]},"properties":{"icao_code":"SCSE","name":"","location":"","country":""}},{"type":"Feature","geometry":{"type":"Point","coordinates":[-72.6371,-38.7668]},"properties":{"icao_code":"SCTC","name":"","location":"","country":""}},{"type":"Feature","geometry":{"type":"Point","coordinates":[-73.094002,-41.4389]},"properties":{"icao_code":"SCTE","name":"","location":"","country":""}},{"type":"Feature","geometry":{"type":"Point","coordinates":[-71.6017,-35.3778]},"properties":{"icao_code":"SCTL","name":"","location":"","country":""}},{"type":"Feature","geometry":{"type":"Point","coordinates":[-72.834999,-42.781943]},"properties":{"icao_code":"SCTN","name":"","location":"","country":""}},{"type":"Feature","geometry":{"type":"Point","coordinates":[-72.348602,-38.245602]},"properties":{"icao_code":"SCTO","name":"","location":"","country":""}},{"type":"Feature","geometry":{"type":"Point","coordinates":[-70.3759,-25.564301]},"properties":{"icao_code":"SCTT","name":"","location":"","country":""}},{"type":"Feature","geometry":{"type":"Point","coordinates":[-73.086098,-39.650002]},"properties":{"icao_code":"SCVD","name":"","location":"","country":""}},{"type":"Feature","geometry":{"type":"Point","coordinates":[-71.4786,-32.9496]},"properties":{"icao_code":"SCVM","name":"","location":"","country":""}},{"type":"Feature","geometry":{"type":"Point","coordinates":[-78.5746,-1.21207]},"properties":{"icao_code":"SEAM","name":"","location":"","country":""}},{"type":"Feature","geometry":{"type":"Point","coordinates":[-76.986801,-0.462886]},"properties":{"icao_code":"SECO","name":"","location":"","country":""}},{"type":"Feature","geometry":{"type":"Point","coordinates":[-78.984398,-2.88947]},"properties":{"icao_code":"SECU","name":"","location":"","country":""}},{"type":"Feature","geometry":{"type":"Point","coordinates":[-79.883598,-2.15742]},"properties":{"icao_code":"SEGU","name":"","location":"","country":""}},{"type":"Feature","geometry":{"type":"Point","coordinates":[-77.580525,-1.060185]},"properties":{"icao_code":"SEJD","name":"","location":"","country":""}},{"type":"Feature","geometry":{"type":"Point","coordinates":[-79.941002,-4.37823]},"properties":{"icao_code":"SEMA","name":"","location":"","country":""}},{"type":"Feature","geometry":{"type":"Point","coordinates":[-78.120796,-2.29917]},"properties":{"icao_code":"SEMC","name":"","location":"","country":""}},{"type":"Feature","geometry":{"type":"Point","coordinates":[-80.678802,-0.946078]},"properties":{"icao_code":"SEMT","name":"","location":"","country":""}},{"type":"Feature","geometry":{"type":"Point","coordinates":[-80.472198,-1.04165]},"properties":{"icao_code":"SEPV","name":"","location":"","country":""}},{"type":"Feature","geometry":{"type":"Point","coordinates":[-78.354306,-0.125399]},"properties":{"icao_code":"SEQM","name":"","location":"","country":""}},{"type":"Feature","geometry":{"type":"Point","coordinates":[-79.996957,-3.441986]},"properties":{"icao_code":"SERO","name":"","location":"","country":""}},{"type":"Feature","geometry":{"type":"Point","coordinates":[-80.985067,-2.210057]},"properties":{"icao_code":"SESA","name":"","location":"","country":""}},{"type":"Feature","geometry":{"type":"Point","coordinates":[-79.626602,0.978519]},"properties":{"icao_code":"SETN","name":"","location":"","country":""}},{"type":"Feature","geometry":{"type":"Point","coordinates":[-76.337799,-0.122956]},"properties":{"icao_code":"SETR","name":"","location":"","country":""}},{"type":"Feature","geometry":{"type":"Point","coordinates":[-77.708099,0.809506]},"properties":{"icao_code":"SETU","name":"","location":"","country":""}},{"type":"Feature","geometry":{"type":"Point","coordinates":[-57.777599,-51.685699]},"properties":{"icao_code":"SFAL","name":"","location":"","country":""}},{"type":"Feature","geometry":{"type":"Point","coordinates":[-57.519227,-25.240156]},"properties":{"icao_code":"SGAS","name":"","location":"","country":""}},{"type":"Feature","geometry":{"type":"Point","coordinates":[-56.856791,-27.378379]},"properties":{"icao_code":"SGAY","name":"","location":"","country":""}},{"type":"Feature","geometry":{"type":"Point","coordinates":[-57.429206,-23.440334]},"properties":{"icao_code":"SGCO","name":"","location":"","country":""}},{"type":"Feature","geometry":{"type":"Point","coordinates":[-55.837584,-27.227537]},"properties":{"icao_code":"SGEN","name":"","location":"","country":""}},{"type":"Feature","geometry":{"type":"Point","coordinates":[-54.839544,-25.457186]},"properties":{"icao_code":"SGES","name":"","location":"","country":""}},{"type":"Feature","geometry":{"type":"Point","coordinates":[-60.6217,-22.046499]},"properties":{"icao_code":"SGME","name":"","location":"","country":""}},{"type":"Feature","geometry":{"type":"Point","coordinates":[-58.319067,-26.881981]},"properties":{"icao_code":"SGPI","name":"","location":"","country":""}},{"type":"Feature","geometry":{"type":"Point","coordinates":[-55.829993,-22.641427]},"properties":{"icao_code":"SGPJ","name":"","location":"","country":""}},{"type":"Feature","geometry":{"type":"Point","coordinates":[-73.5627,4.07607]},"properties":{"icao_code":"SKAP","name":"","location":"","country":""}},{"type":"Feature","geometry":{"type":"Point","coordinates":[-75.7664,4.45278]},"properties":{"icao_code":"SKAR","name":"","location":"","country":""}},{"type":"Feature","geometry":{"type":"Point","coordinates":[-76.5008,0.505228]},"properties":{"icao_code":"SKAS","name":"","location":"","country":""}},{"type":"Feature","geometry":{"type":"Point","coordinates":[-73.9749,9.04554]},"properties":{"icao_code":"SKBC","name":"","location":"","country":""}},{"type":"Feature","geometry":{"type":"Point","coordinates":[-73.1848,7.1265]},"properties":{"icao_code":"SKBG","name":"","location":"","country":""}},{"type":"Feature","geometry":{"type":"Point","coordinates":[-74.1469,4.70159]},"properties":{"icao_code":"SKBO","name":"","location":"","country":""}},{"type":"Feature","geometry":{"type":"Point","coordinates":[-74.7808,10.8896]},"properties":{"icao_code":"SKBQ","name":"","location":"","country":""}},{"type":"Feature","geometry":{"type":"Point","coordinates":[-77.3947,6.20292]},"properties":{"icao_code":"SKBS","name":"","location":"","country":""}},{"type":"Feature","geometry":{"type":"Point","coordinates":[-76.9898,3.81963]},"properties":{"icao_code":"SKBU","name":"","location":"","country":""}},{"type":"Feature","geometry":{"type":"Point","coordinates":[-72.5115,7.92757]},"properties":{"icao_code":"SKCC","name":"","location":"","country":""}},{"type":"Feature","geometry":{"type":"Point","coordinates":[-75.513,10.4424]},"properties":{"icao_code":"SKCG","name":"","location":"","country":""}},{"type":"Feature","geometry":{"type":"Point","coordinates":[-76.3816,3.54322]},"properties":{"icao_code":"SKCL","name":"","location":"","country":""}},{"type":"Feature","geometry":{"type":"Point","coordinates":[-78.7492,1.81442]},"properties":{"icao_code":"SKCO","name":"","location":"","country":""}},{"type":"Feature","geometry":{"type":"Point","coordinates":[-75.1985,7.96847]},"properties":{"icao_code":"SKCU","name":"","location":"","country":""}},{"type":"Feature","geometry":{"type":"Point","coordinates":[-75.6913,9.40092]},"properties":{"icao_code":"SKCV","name":"","location":"","country":""}},{"type":"Feature","geometry":{"type":"Point","coordinates":[-75.2856,9.33274]},"properties":{"icao_code":"SKCZ","name":"","location":"","country":""}},{"type":"Feature","geometry":{"type":"Point","coordinates":[-74.8089,7.59647]},"properties":{"icao_code":"SKEB","name":"","location":"","country":""}},{"type":"Feature","geometry":{"type":"Point","coordinates":[-73.8068,7.02433]},"properties":{"icao_code":"SKEJ","name":"","location":"","country":""}},{"type":"Feature","geometry":{"type":"Point","coordinates":[-75.5644,1.58919]},"properties":{"icao_code":"SKFL","name":"","location":"","country":""}},{"type":"Feature","geometry":{"type":"Point","coordinates":[-74.7967,4.27624]},"properties":{"icao_code":"SKGI","name":"","location":"","country":""}},{"type":"Feature","geometry":{"type":"Point","coordinates":[-75.9557,4.75818]},"properties":{"icao_code":"SKGO","name":"","location":"","country":""}},{"type":"Feature","geometry":{"type":"Point","coordinates":[-77.897969,2.57013]},"properties":{"icao_code":"SKGP","name":"","location":"","country":""}},{"type":"Feature","geometry":{"type":"Point","coordinates":[-75.1333,4.42161]},"properties":{"icao_code":"SKIB","name":"","location":"","country":""}},{"type":"Feature","geometry":{"type":"Point","coordinates":[-77.671783,0.861946]},"properties":{"icao_code":"SKIP","name":"","location":"","country":""}},{"type":"Feature","geometry":{"type":"Point","coordinates":[-76.7164,7.81196]},"properties":{"icao_code":"SKLC","name":"","location":"","country":""}},{"type":"Feature","geometry":{"type":"Point","coordinates":[-72.4901,11.2325]},"properties":{"icao_code":"SKLM","name":"","location":"","country":""}},{"type":"Feature","geometry":{"type":"Point","coordinates":[-69.9432,-4.19355]},"properties":{"icao_code":"SKLT","name":"","location":"","country":""}},{"type":"Feature","geometry":{"type":"Point","coordinates":[-75.590597,6.219686]},"properties":{"icao_code":"SKMD","name":"","location":"","country":""}},{"type":"Feature","geometry":{"type":"Point","coordinates":[-74.8461,9.28474]},"properties":{"icao_code":"SKMG","name":"","location":"","country":""}},{"type":"Feature","geometry":{"type":"Point","coordinates":[-75.8258,8.82374]},"properties":{"icao_code":"SKMR","name":"","location":"","country":""}},{"type":"Feature","geometry":{"type":"Point","coordinates":[-70.2339,1.25366]},"properties":{"icao_code":"SKMU","name":"","location":"","country":""}},{"type":"Feature","geometry":{"type":"Point","coordinates":[-75.4647,5.0296]},"properties":{"icao_code":"SKMZ","name":"","location":"","country":""}},{"type":"Feature","geometry":{"type":"Point","coordinates":[-75.294,2.95015]},"properties":{"icao_code":"SKNV","name":"","location":"","country":""}},{"type":"Feature","geometry":{"type":"Point","coordinates":[-73.3583,8.31506]},"properties":{"icao_code":"SKOC","name":"","location":"","country":""}},{"type":"Feature","geometry":{"type":"Point","coordinates":[-67.4932,6.18472]},"properties":{"icao_code":"SKPC","name":"","location":"","country":""}},{"type":"Feature","geometry":{"type":"Point","coordinates":[-67.9062,3.85353]},"properties":{"icao_code":"SKPD","name":"","location":"","country":""}},{"type":"Feature","geometry":{"type":"Point","coordinates":[-75.7395,4.81267]},"properties":{"icao_code":"SKPE","name":"","location":"","country":""}},{"type":"Feature","geometry":{"type":"Point","coordinates":[-76.0857,1.85777]},"properties":{"icao_code":"SKPI","name":"","location":"","country":""}},{"type":"Feature","geometry":{"type":"Point","coordinates":[-76.6093,2.4544]},"properties":{"icao_code":"SKPP","name":"","location":"","country":""}},{"type":"Feature","geometry":{"type":"Point","coordinates":[-74.6574,5.48361]},"properties":{"icao_code":"SKPQ","name":"","location":"","country":""}},{"type":"Feature","geometry":{"type":"Point","coordinates":[-77.2915,1.39625]},"properties":{"icao_code":"SKPS","name":"","location":"","country":""}},{"type":"Feature","geometry":{"type":"Point","coordinates":[-81.357977,13.357461]},"properties":{"icao_code":"SKPV","name":"","location":"","country":""}},{"type":"Feature","geometry":{"type":"Point","coordinates":[-71.8866,5.87615]},"properties":{"icao_code":"SKPZ","name":"","location":"","country":""}},{"type":"Feature","geometry":{"type":"Point","coordinates":[-74.8836,5.21256]},"properties":{"icao_code":"SKQU","name":"","location":"","country":""}},{"type":"Feature","geometry":{"type":"Point","coordinates":[-75.4231,6.16454]},"properties":{"icao_code":"SKRG","name":"","location":"","country":""}},{"type":"Feature","geometry":{"type":"Point","coordinates":[-72.926,11.5262]},"properties":{"icao_code":"SKRH","name":"","location":"","country":""}},{"type":"Feature","geometry":{"type":"Point","coordinates":[-72.6394,2.57969]},"properties":{"icao_code":"SKSJ","name":"","location":"","country":""}},{"type":"Feature","geometry":{"type":"Point","coordinates":[-74.2306,11.1196]},"properties":{"icao_code":"SKSM","name":"","location":"","country":""}},{"type":"Feature","geometry":{"type":"Point","coordinates":[-81.7112,12.5836]},"properties":{"icao_code":"SKSP","name":"","location":"","country":""}},{"type":"Feature","geometry":{"type":"Point","coordinates":[-74.7663,2.15217]},"properties":{"icao_code":"SKSV","name":"","location":"","country":""}},{"type":"Feature","geometry":{"type":"Point","coordinates":[-71.7603,6.45108]},"properties":{"icao_code":"SKTM","name":"","location":"","country":""}},{"type":"Feature","geometry":{"type":"Point","coordinates":[-75.234,0.7459]},"properties":{"icao_code":"SKTQ","name":"","location":"","country":""}},{"type":"Feature","geometry":{"type":"Point","coordinates":[-70.7369,7.06888]},"properties":{"icao_code":"SKUC","name":"","location":"","country":""}},{"type":"Feature","geometry":{"type":"Point","coordinates":[-76.6412,5.69076]},"properties":{"icao_code":"SKUI","name":"","location":"","country":""}},{"type":"Feature","geometry":{"type":"Point","coordinates":[-76.2351,4.08836]},"properties":{"icao_code":"SKUL","name":"","location":"","country":""}},{"type":"Feature","geometry":{"type":"Point","coordinates":[-73.2495,10.435]},"properties":{"icao_code":"SKVP","name":"","location":"","country":""}},{"type":"Feature","geometry":{"type":"Point","coordinates":[-73.6138,4.16787]},"properties":{"icao_code":"SKVV","name":"","location":"","country":""}},{"type":"Feature","geometry":{"type":"Point","coordinates":[-72.384,5.31911]},"properties":{"icao_code":"SKYP","name":"","location":"","country":""}},{"type":"Feature","geometry":{"type":"Point","coordinates":[-64.312897,-22.7733]},"properties":{"icao_code":"SLBJ","name":"","location":"","country":""}},{"type":"Feature","geometry":{"type":"Point","coordinates":[-66.177101,-17.421101]},"properties":{"icao_code":"SLCB","name":"","location":"","country":""}},{"type":"Feature","geometry":{"type":"Point","coordinates":[-68.782997,-11.0404]},"properties":{"icao_code":"SLCO","name":"","location":"","country":""}},{"type":"Feature","geometry":{"type":"Point","coordinates":[-63.171501,-17.8116]},"properties":{"icao_code":"SLET","name":"","location":"","country":""}},{"type":"Feature","geometry":{"type":"Point","coordinates":[-68.192299,-16.5133]},"properties":{"icao_code":"SLLP","name":"","location":"","country":""}},{"type":"Feature","geometry":{"type":"Point","coordinates":[-67.076202,-17.962601]},"properties":{"icao_code":"SLOR","name":"","location":"","country":""}},{"type":"Feature","geometry":{"type":"Point","coordinates":[-65.723734,-19.543331]},"properties":{"icao_code":"SLPO","name":"","location":"","country":""}},{"type":"Feature","geometry":{"type":"Point","coordinates":[-57.820599,-18.975301]},"properties":{"icao_code":"SLPS","name":"","location":"","country":""}},{"type":"Feature","geometry":{"type":"Point","coordinates":[-66.075468,-11.009355]},"properties":{"icao_code":"SLRI","name":"","location":"","country":""}},{"type":"Feature","geometry":{"type":"Point","coordinates":[-65.435204,-13.7622]},"properties":{"icao_code":"SLSA","name":"","location":"","country":""}},{"type":"Feature","geometry":{"type":"Point","coordinates":[-65.288696,-19.007099]},"properties":{"icao_code":"SLSU","name":"","location":"","country":""}},{"type":"Feature","geometry":{"type":"Point","coordinates":[-64.701302,-21.5557]},"properties":{"icao_code":"SLTJ","name":"","location":"","country":""}},{"type":"Feature","geometry":{"type":"Point","coordinates":[-64.917999,-14.8187]},"properties":{"icao_code":"SLTR","name":"","location":"","country":""}},{"type":"Feature","geometry":{"type":"Point","coordinates":[-63.405602,-21.255199]},"properties":{"icao_code":"SLVM","name":"","location":"","country":""}},{"type":"Feature","geometry":{"type":"Point","coordinates":[-63.135399,-17.6448]},"properties":{"icao_code":"SLVR","name":"","location":"","country":""}},{"type":"Feature","geometry":{"type":"Point","coordinates":[-63.651699,-21.960899]},"properties":{"icao_code":"SLYA","name":"","location":"","country":""}},{"type":"Feature","geometry":{"type":"Point","coordinates":[-55.187801,5.45283]},"properties":{"icao_code":"SMJP","name":"","location":"","country":""}},{"type":"Feature","geometry":{"type":"Point","coordinates":[-50.358253,-27.634128]},"properties":{"icao_code":"SNCP","name":"","location":"","country":""}},{"type":"Feature","geometry":{"type":"Point","coordinates":[-52.361326,4.819964]},"properties":{"icao_code":"SOCA","name":"","location":"","country":""}},{"type":"Feature","geometry":{"type":"Point","coordinates":[-51.8041,3.8976]},"properties":{"icao_code":"SOOG","name":"","location":"","country":""}},{"type":"Feature","geometry":{"type":"Point","coordinates":[-73.766502,-10.7291]},"properties":{"icao_code":"SPAY","name":"","location":"","country":""}},{"type":"Feature","geometry":{"type":"Point","coordinates":[-69.488701,-11.4116]},"properties":{"icao_code":"SPBR","name":"","location":"","country":""}},{"type":"Feature","geometry":{"type":"Point","coordinates":[-74.574303,-8.37794]},"properties":{"icao_code":"SPCL","name":"","location":"","country":""}},{"type":"Feature","geometry":{"type":"Point","coordinates":[-78.523804,-9.14961]},"properties":{"icao_code":"SPEO","name":"","location":"","country":""}},{"type":"Feature","geometry":{"type":"Point","coordinates":[-79.828102,-6.78748]},"properties":{"icao_code":"SPHI","name":"","location":"","country":""}},{"type":"Feature","geometry":{"type":"Point","coordinates":[-74.204399,-13.1548]},"properties":{"icao_code":"SPHO","name":"","location":"","country":""}},{"type":"Feature","geometry":{"type":"Point","coordinates":[-77.598396,-9.34744]},"properties":{"icao_code":"SPHZ","name":"","location":"","country":""}},{"type":"Feature","geometry":{"type":"Point","coordinates":[-77.114305,-12.0219]},"properties":{"icao_code":"SPJC","name":"","location":"","country":""}},{"type":"Feature","geometry":{"type":"Point","coordinates":[-77.160004,-6.06786]},"properties":{"icao_code":"SPJA","name":"","location":"","country":""}},{"type":"Feature","geometry":{"type":"Point","coordinates":[-78.774002,-5.59248]},"properties":{"icao_code":"SPJE","name":"","location":"","country":""}},{"type":"Feature","geometry":{"type":"Point","coordinates":[-76.7286,-7.1691]},"properties":{"icao_code":"SPJI","name":"","location":"","country":""}},{"type":"Feature","geometry":{"type":"Point","coordinates":[-75.473396,-11.7831]},"properties":{"icao_code":"SPJJ","name":"","location":"","country":""}},{"type":"Feature","geometry":{"type":"Point","coordinates":[-70.158203,-15.4671]},"properties":{"icao_code":"SPJL","name":"","location":"","country":""}},{"type":"Feature","geometry":{"type":"Point","coordinates":[-78.489403,-7.13918]},"properties":{"icao_code":"SPJR","name":"","location":"","country":""}},{"type":"Feature","geometry":{"type":"Point","coordinates":[-71.344002,-17.695]},"properties":{"icao_code":"SPLO","name":"","location":"","country":""}},{"type":"Feature","geometry":{"type":"Point","coordinates":[-80.381086,-3.552074]},"properties":{"icao_code":"SPME","name":"","location":"","country":""}},{"type":"Feature","geometry":{"type":"Point","coordinates":[-76.118202,-5.89377]},"properties":{"icao_code":"SPMS","name":"","location":"","country":""}},{"type":"Feature","geometry":{"type":"Point","coordinates":[-76.204803,-9.87881]},"properties":{"icao_code":"SPNC","name":"","location":"","country":""}},{"type":"Feature","geometry":{"type":"Point","coordinates":[-77.856195,-6.201911]},"properties":{"icao_code":"SPPY","name":"","location":"","country":""}},{"type":"Feature","geometry":{"type":"Point","coordinates":[-73.3088,-3.78474]},"properties":{"icao_code":"SPQT","name":"","location":"","country":""}},{"type":"Feature","geometry":{"type":"Point","coordinates":[-71.583099,-16.341101]},"properties":{"icao_code":"SPQU","name":"","location":"","country":""}},{"type":"Feature","geometry":{"type":"Point","coordinates":[-79.108803,-8.08141]},"properties":{"icao_code":"SPRU","name":"","location":"","country":""}},{"type":"Feature","geometry":{"type":"Point","coordinates":[-76.220299,-13.7449]},"properties":{"icao_code":"SPSO","name":"","location":"","country":""}},{"type":"Feature","geometry":{"type":"Point","coordinates":[-76.373199,-6.50874]},"properties":{"icao_code":"SPST","name":"","location":"","country":""}},{"type":"Feature","geometry":{"type":"Point","coordinates":[-70.275803,-18.053301]},"properties":{"icao_code":"SPTN","name":"","location":"","country":""}},{"type":"Feature","geometry":{"type":"Point","coordinates":[-69.2286,-12.6136]},"properties":{"icao_code":"SPTU","name":"","location":"","country":""}},{"type":"Feature","geometry":{"type":"Point","coordinates":[-80.616402,-5.20575]},"properties":{"icao_code":"SPUR","name":"","location":"","country":""}},{"type":"Feature","geometry":{"type":"Point","coordinates":[-81.254097,-4.57664]},"properties":{"icao_code":"SPYL","name":"","location":"","country":""}},{"type":"Feature","geometry":{"type":"Point","coordinates":[-74.961502,-14.854]},"properties":{"icao_code":"SPZA","name":"","location":"","country":""}},{"type":"Feature","geometry":{"type":"Point","coordinates":[-71.938797,-13.5357]},"properties":{"icao_code":"SPZO","name":"","location":"","country":""}},{"type":"Feature","geometry":{"type":"Point","coordinates":[-56.499199,-33.358898]},"properties":{"icao_code":"SUDU","name":"","location":"","country":""}},{"type":"Feature","geometry":{"type":"Point","coordinates":[-55.094299,-34.855099]},"properties":{"icao_code":"SULS","name":"","location":"","country":""}},{"type":"Feature","geometry":{"type":"Point","coordinates":[-56.026497,-34.835647]},"properties":{"icao_code":"SUMU","name":"","location":"","country":""}},{"type":"Feature","geometry":{"type":"Point","coordinates":[-58.061901,-32.3633]},"properties":{"icao_code":"SUPU","name":"","location":"","country":""}},{"type":"Feature","geometry":{"type":"Point","coordinates":[-57.985298,-31.438499]},"properties":{"icao_code":"SUSO","name":"","location":"","country":""}},{"type":"Feature","geometry":{"type":"Point","coordinates":[-69.237869,9.553375]},"properties":{"icao_code":"SVAC","name":"","location":"","country":""}},{"type":"Feature","geometry":{"type":"Point","coordinates":[-64.470726,9.430225]},"properties":{"icao_code":"SVAN","name":"","location":"","country":""}},{"type":"Feature","geometry":{"type":"Point","coordinates":[-64.692222,10.111111]},"properties":{"icao_code":"SVBC","name":"","location":"","country":""}},{"type":"Feature","geometry":{"type":"Point","coordinates":[-70.214167,8.615]},"properties":{"icao_code":"SVBI","name":"","location":"","country":""}},{"type":"Feature","geometry":{"type":"Point","coordinates":[-69.35862,10.042747]},"properties":{"icao_code":"SVBM","name":"","location":"","country":""}},{"type":"Feature","geometry":{"type":"Point","coordinates":[-67.649422,10.249978]},"properties":{"icao_code":"SVBS","name":"","location":"","country":""}},{"type":"Feature","geometry":{"type":"Point","coordinates":[-63.536957,8.122161]},"properties":{"icao_code":"SVCB","name":"","location":"","country":""}},{"type":"Feature","geometry":{"type":"Point","coordinates":[-66.162804,7.62551]},"properties":{"icao_code":"SVCD","name":"","location":"","country":""}},{"type":"Feature","geometry":{"type":"Point","coordinates":[-67.417091,8.924656]},"properties":{"icao_code":"SVCL","name":"","location":"","country":""}},{"type":"Feature","geometry":{"type":"Point","coordinates":[-62.85485,6.231989]},"properties":{"icao_code":"SVCN","name":"","location":"","country":""}},{"type":"Feature","geometry":{"type":"Point","coordinates":[-63.261681,10.660014]},"properties":{"icao_code":"SVCP","name":"","location":"","country":""}},{"type":"Feature","geometry":{"type":"Point","coordinates":[-69.680901,11.414944]},"properties":{"icao_code":"SVCR","name":"","location":"","country":""}},{"type":"Feature","geometry":{"type":"Point","coordinates":[-64.13047,10.450333]},"properties":{"icao_code":"SVCU","name":"","location":"","country":""}},{"type":"Feature","geometry":{"type":"Point","coordinates":[-61.638786,6.71573]},"properties":{"icao_code":"SVED","name":"","location":"","country":""}},{"type":"Feature","geometry":{"type":"Point","coordinates":[-69.4967,7.059677]},"properties":{"icao_code":"SVEZ","name":"","location":"","country":""}},{"type":"Feature","geometry":{"type":"Point","coordinates":[-70.756386,7.210834]},"properties":{"icao_code":"SVGD","name":"","location":"","country":""}},{"type":"Feature","geometry":{"type":"Point","coordinates":[-62.312668,10.574078]},"properties":{"icao_code":"SVGI","name":"","location":"","country":""}},{"type":"Feature","geometry":{"type":"Point","coordinates":[-69.75515,9.026944]},"properties":{"icao_code":"SVGU","name":"","location":"","country":""}},{"type":"Feature","geometry":{"type":"Point","coordinates":[-70.151497,11.780775]},"properties":{"icao_code":"SVJC","name":"","location":"","country":""}},{"type":"Feature","geometry":{"type":"Point","coordinates":[-72.271027,8.239167]},"properties":{"icao_code":"SVLF","name":"","location":"","country":""}},{"type":"Feature","geometry":{"type":"Point","coordinates":[-71.727859,10.558208]},"properties":{"icao_code":"SVMC","name":"","location":"","country":""}},{"type":"Feature","geometry":{"type":"Point","coordinates":[-71.161041,8.582078]},"properties":{"icao_code":"SVMD","name":"","location":"","country":""}},{"type":"Feature","geometry":{"type":"Point","coordinates":[-63.966599,10.912603]},"properties":{"icao_code":"SVMG","name":"","location":"","country":""}},{"type":"Feature","geometry":{"type":"Point","coordinates":[-66.991222,10.601194]},"properties":{"icao_code":"SVMI","name":"","location":"","country":""}},{"type":"Feature","geometry":{"type":"Point","coordinates":[-66.787827,10.133169]},"properties":{"icao_code":"SVMP","name":"","location":"","country":""}},{"type":"Feature","geometry":{"type":"Point","coordinates":[-63.153348,9.749023]},"properties":{"icao_code":"SVMT","name":"","location":"","country":""}},{"type":"Feature","geometry":{"type":"Point","coordinates":[-67.606102,5.61999]},"properties":{"icao_code":"SVPA","name":"","location":"","country":""}},{"type":"Feature","geometry":{"type":"Point","coordinates":[-68.072998,10.4805]},"properties":{"icao_code":"SVPC","name":"","location":"","country":""}},{"type":"Feature","geometry":{"type":"Point","coordinates":[-72.202904,7.80132]},"properties":{"icao_code":"SVPM","name":"","location":"","country":""}},{"type":"Feature","geometry":{"type":"Point","coordinates":[-62.760399,8.28853]},"properties":{"icao_code":"SVPR","name":"","location":"","country":""}},{"type":"Feature","geometry":{"type":"Point","coordinates":[-70.174435,7.575479]},"properties":{"icao_code":"SVPT","name":"","location":"","country":""}},{"type":"Feature","geometry":{"type":"Point","coordinates":[-72.439697,7.84083]},"properties":{"icao_code":"SVSA","name":"","location":"","country":""}},{"type":"Feature","geometry":{"type":"Point","coordinates":[-61.145234,4.554699]},"properties":{"icao_code":"SVSE","name":"","location":"","country":""}},{"type":"Feature","geometry":{"type":"Point","coordinates":[-72.035103,7.56538]},"properties":{"icao_code":"SVSO","name":"","location":"","country":""}},{"type":"Feature","geometry":{"type":"Point","coordinates":[-68.755203,10.2787]},"properties":{"icao_code":"SVSP","name":"","location":"","country":""}},{"type":"Feature","geometry":{"type":"Point","coordinates":[-67.444,7.88332]},"properties":{"icao_code":"SVSR","name":"","location":"","country":""}},{"type":"Feature","geometry":{"type":"Point","coordinates":[-64.151085,8.945147]},"properties":{"icao_code":"SVST","name":"","location":"","country":""}},{"type":"Feature","geometry":{"type":"Point","coordinates":[-71.943253,8.97455]},"properties":{"icao_code":"SVSZ","name":"","location":"","country":""}},{"type":"Feature","geometry":{"type":"Point","coordinates":[-62.094173,9.088994]},"properties":{"icao_code":"SVTC","name":"","location":"","country":""}},{"type":"Feature","geometry":{"type":"Point","coordinates":[-61.52893,7.24938]},"properties":{"icao_code":"SVTM","name":"","location":"","country":""}},{"type":"Feature","geometry":{"type":"Point","coordinates":[-67.928398,10.149733]},"properties":{"icao_code":"SVVA","name":"","location":"","country":""}},{"type":"Feature","geometry":{"type":"Point","coordinates":[-71.672668,8.624139]},"properties":{"icao_code":"SVVG","name":"","location":"","country":""}},{"type":"Feature","geometry":{"type":"Point","coordinates":[-70.584061,9.340478]},"properties":{"icao_code":"SVVL","name":"","location":"","country":""}},{"type":"Feature","geometry":{"type":"Point","coordinates":[-65.993584,9.222028]},"properties":{"icao_code":"SVVP","name":"","location":"","country":""}},{"type":"Feature","geometry":{"type":"Point","coordinates":[-48.240501,-7.22787]},"properties":{"icao_code":"SWGN","name":"","location":"","country":""}},{"type":"Feature","geometry":{"type":"Point","coordinates":[-58.254101,6.49855]},"properties":{"icao_code":"SYCJ","name":"","location":"","country":""}},{"type":"Feature","geometry":{"type":"Point","coordinates":[-59.491482,5.172755]},"properties":{"icao_code":"SYKA","name":"","location":"","country":""}},{"type":"Feature","geometry":{"type":"Point","coordinates":[-59.789398,3.37276]},"properties":{"icao_code":"SYLT","name":"","location":"","country":""}},{"type":"Feature","geometry":{"type":"Point","coordinates":[-61.792702,17.1367]},"properties":{"icao_code":"TAPA","name":"","location":"","country":""}},{"type":"Feature","geometry":{"type":"Point","coordinates":[-61.828602,17.635799]},"properties":{"icao_code":"TAPH","name":"","location":"","country":""}},{"type":"Feature","geometry":{"type":"Point","coordinates":[-59.4925,13.0746]},"properties":{"icao_code":"TBPB","name":"","location":"","country":""}},{"type":"Feature","geometry":{"type":"Point","coordinates":[-61.392108,15.336693]},"properties":{"icao_code":"TDCF","name":"","location":"","country":""}},{"type":"Feature","geometry":{"type":"Point","coordinates":[-61.299999,15.547]},"properties":{"icao_code":"TDPD","name":"","location":"","country":""}},{"type":"Feature","geometry":{"type":"Point","coordinates":[-61.003201,14.591]},"properties":{"icao_code":"TFFF","name":"","location":"","country":""}},{"type":"Feature","geometry":{"type":"Point","coordinates":[-63.047444,18.100057]},"properties":{"icao_code":"TFFG","name":"","location":"","country":""}},{"type":"Feature","geometry":{"type":"Point","coordinates":[-62.843601,17.9044]},"properties":{"icao_code":"TFFJ","name":"","location":"","country":""}},{"type":"Feature","geometry":{"type":"Point","coordinates":[-61.270087,15.868925]},"properties":{"icao_code":"TFFM","name":"","location":"","country":""}},{"type":"Feature","geometry":{"type":"Point","coordinates":[-61.531799,16.265301]},"properties":{"icao_code":"TFFR","name":"","location":"","country":""}},{"type":"Feature","geometry":{"type":"Point","coordinates":[-61.786201,12.0042]},"properties":{"icao_code":"TGPY","name":"","location":"","country":""}},{"type":"Feature","geometry":{"type":"Point","coordinates":[-64.977251,18.337091]},"properties":{"icao_code":"TIST","name":"","location":"","country":""}},{"type":"Feature","geometry":{"type":"Point","coordinates":[-64.802608,17.701413]},"properties":{"icao_code":"TISX","name":"","location":"","country":""}},{"type":"Feature","geometry":{"type":"Point","coordinates":[-66.675768,18.45085]},"properties":{"icao_code":"TJAB","name":"","location":"","country":""}},{"type":"Feature","geometry":{"type":"Point","coordinates":[-67.129402,18.4949]},"properties":{"icao_code":"TJBQ","name":"","location":"","country":""}},{"type":"Feature","geometry":{"type":"Point","coordinates":[-65.303893,18.312954]},"properties":{"icao_code":"TJCP","name":"","location":"","country":""}},{"type":"Feature","geometry":{"type":"Point","coordinates":[-66.098099,18.4568]},"properties":{"icao_code":"TJIG","name":"","location":"","country":""}},{"type":"Feature","geometry":{"type":"Point","coordinates":[-67.148499,18.255699]},"properties":{"icao_code":"TJMZ","name":"","location":"","country":""}},{"type":"Feature","geometry":{"type":"Point","coordinates":[-66.563004,18.008301]},"properties":{"icao_code":"TJPS","name":"","location":"","country":""}},{"type":"Feature","geometry":{"type":"Point","coordinates":[-65.643402,18.2453]},"properties":{"icao_code":"TJRV","name":"","location":"","country":""}},{"type":"Feature","geometry":{"type":"Point","coordinates":[-66.001801,18.4394]},"properties":{"icao_code":"TJSJ","name":"","location":"","country":""}},{"type":"Feature","geometry":{"type":"Point","coordinates":[-65.493599,18.1348]},"properties":{"icao_code":"TJVQ","name":"","location":"","country":""}},{"type":"Feature","geometry":{"type":"Point","coordinates":[-62.7187,17.311199]},"properties":{"icao_code":"TKPK","name":"","location":"","country":""}},{"type":"Feature","geometry":{"type":"Point","coordinates":[-62.589901,17.2057]},"properties":{"icao_code":"TKPN","name":"","location":"","country":""}},{"type":"Feature","geometry":{"type":"Point","coordinates":[-60.992901,14.0202]},"properties":{"icao_code":"TLPC","name":"","location":"","country":""}},{"type":"Feature","geometry":{"type":"Point","coordinates":[-60.952599,13.7332]},"properties":{"icao_code":"TLPL","name":"","location":"","country":""}},{"type":"Feature","geometry":{"type":"Point","coordinates":[-70.015198,12.5014]},"properties":{"icao_code":"TNCA","name":"","location":"","country":""}},{"type":"Feature","geometry":{"type":"Point","coordinates":[-68.268501,12.131]},"properties":{"icao_code":"TNCB","name":"","location":"","country":""}},{"type":"Feature","geometry":{"type":"Point","coordinates":[-68.959801,12.1889]},"properties":{"icao_code":"TNCC","name":"","location":"","country":""}},{"type":"Feature","geometry":{"type":"Point","coordinates":[-62.979401,17.4965]},"properties":{"icao_code":"TNCE","name":"","location":"","country":""}},{"type":"Feature","geometry":{"type":"Point","coordinates":[-63.108898,18.041]},"properties":{"icao_code":"TNCM","name":"","location":"","country":""}},{"type":"Feature","geometry":{"type":"Point","coordinates":[-63.220571,17.645351]},"properties":{"icao_code":"TNCS","name":"","location":"","country":""}},{"type":"Feature","geometry":{"type":"Point","coordinates":[-63.05383,18.204773]},"properties":{"icao_code":"TQPF","name":"","location":"","country":""}},{"type":"Feature","geometry":{"type":"Point","coordinates":[-62.193298,16.791401]},"properties":{"icao_code":"TRPG","name":"","location":"","country":""}},{"type":"Feature","geometry":{"type":"Point","coordinates":[-60.832199,11.1497]},"properties":{"icao_code":"TTCP","name":"","location":"","country":""}},{"type":"Feature","geometry":{"type":"Point","coordinates":[-61.3372,10.5954]},"properties":{"icao_code":"TTPP","name":"","location":"","country":""}},{"type":"Feature","geometry":{"type":"Point","coordinates":[-64.541707,18.445492]},"properties":{"icao_code":"TUPJ","name":"","location":"","country":""}},{"type":"Feature","geometry":{"type":"Point","coordinates":[-61.149945,13.156695]},"properties":{"icao_code":"TVSA","name":"","location":"","country":""}},{"type":"Feature","geometry":{"type":"Point","coordinates":[-61.262001,12.9884]},"properties":{"icao_code":"TVSB","name":"","location":"","country":""}},{"type":"Feature","geometry":{"type":"Point","coordinates":[-61.3424,12.699]},"properties":{"icao_code":"TVSC","name":"","location":"","country":""}},{"type":"Feature","geometry":{"type":"Point","coordinates":[-61.180199,12.8879]},"properties":{"icao_code":"TVSM","name":"","location":"","country":""}},{"type":"Feature","geometry":{"type":"Point","coordinates":[-61.411945,12.600135]},"properties":{"icao_code":"TVSU","name":"","location":"","country":""}},{"type":"Feature","geometry":{"type":"Point","coordinates":[-64.678703,32.363998]},"properties":{"icao_code":"TXKF","name":"","location":"","country":""}},{"type":"Feature","geometry":{"type":"Point","coordinates":[33.572245,44.779764]},"properties":{"icao_code":"UKKA","name":"","location":"","country":""}},{"type":"Feature","geometry":{"type":"Point","coordinates":[70.83784,40.042899]},"properties":{"icao_code":"UCFB","name":"","location":"","country":""}},{"type":"Feature","geometry":{"type":"Point","coordinates":[77.042828,43.354267]},"properties":{"icao_code":"UAAA","name":"","location":"","country":""}},{"type":"Feature","geometry":{"type":"Point","coordinates":[75.004533,46.894246]},"properties":{"icao_code":"UAAH","name":"","location":"","country":""}},{"type":"Feature","geometry":{"type":"Point","coordinates":[71.467094,51.027035]},"properties":{"icao_code":"UACC","name":"","location":"","country":""}},{"type":"Feature","geometry":{"type":"Point","coordinates":[69.594597,53.329102]},"properties":{"icao_code":"UACK","name":"","location":"","country":""}},{"type":"Feature","geometry":{"type":"Point","coordinates":[69.183273,54.774702]},"properties":{"icao_code":"UACP","name":"","location":"","country":""}},{"type":"Feature","geometry":{"type":"Point","coordinates":[71.303596,42.8536]},"properties":{"icao_code":"UADD","name":"","location":"","country":""}},{"type":"Feature","geometry":{"type":"Point","coordinates":[74.4776,43.061298]},"properties":{"icao_code":"UCFM","name":"","location":"","country":""}},{"type":"Feature","geometry":{"type":"Point","coordinates":[72.793297,40.609001]},"properties":{"icao_code":"UCFO","name":"","location":"","country":""}},{"type":"Feature","geometry":{"type":"Point","coordinates":[69.478897,42.364201]},"properties":{"icao_code":"UAII","name":"","location":"","country":""}},{"type":"Feature","geometry":{"type":"Point","coordinates":[68.549881,43.313126]},"properties":{"icao_code":"UAIT","name":"","location":"","country":""}},{"type":"Feature","geometry":{"type":"Point","coordinates":[67.738094,47.708953]},"properties":{"icao_code":"UAKD","name":"","location":"","country":""}},{"type":"Feature","geometry":{"type":"Point","coordinates":[73.334396,49.670799]},"properties":{"icao_code":"UAKK","name":"","location":"","country":""}},{"type":"Feature","geometry":{"type":"Point","coordinates":[63.210773,45.621994]},"properties":{"icao_code":"UAOL","name":"","location":"","country":""}},{"type":"Feature","geometry":{"type":"Point","coordinates":[51.543098,51.150799]},"properties":{"icao_code":"UARR","name":"","location":"","country":""}},{"type":"Feature","geometry":{"type":"Point","coordinates":[75.214996,51.591]},"properties":{"icao_code":"UASB","name":"","location":"","country":""}},{"type":"Feature","geometry":{"type":"Point","coordinates":[82.493477,50.036571]},"properties":{"icao_code":"UASK","name":"","location":"","country":""}},{"type":"Feature","geometry":{"type":"Point","coordinates":[77.073898,52.195]},"properties":{"icao_code":"UASP","name":"","location":"","country":""}},{"type":"Feature","geometry":{"type":"Point","coordinates":[80.234398,50.351295]},"properties":{"icao_code":"UASS","name":"","location":"","country":""}},{"type":"Feature","geometry":{"type":"Point","coordinates":[51.09086,43.860093]},"properties":{"icao_code":"UATE","name":"","location":"","country":""}},{"type":"Feature","geometry":{"type":"Point","coordinates":[51.819321,47.122559]},"properties":{"icao_code":"UATG","name":"","location":"","country":""}},{"type":"Feature","geometry":{"type":"Point","coordinates":[57.206699,50.2458]},"properties":{"icao_code":"UATT","name":"","location":"","country":""}},{"type":"Feature","geometry":{"type":"Point","coordinates":[63.550301,53.206902]},"properties":{"icao_code":"UAUU","name":"","location":"","country":""}},{"type":"Feature","geometry":{"type":"Point","coordinates":[49.5574,40.591599]},"properties":{"icao_code":"UBBI","name":"","location":"","country":""}},{"type":"Feature","geometry":{"type":"Point","coordinates":[46.786999,39.901402]},"properties":{"icao_code":"UBBS","name":"","location":"","country":""}},{"type":"Feature","geometry":{"type":"Point","coordinates":[50.0467,40.467499]},"properties":{"icao_code":"UBBB","name":"","location":"","country":""}},{"type":"Feature","geometry":{"type":"Point","coordinates":[46.320067,40.738935]},"properties":{"icao_code":"UBBG","name":"","location":"","country":""}},{"type":"Feature","geometry":{"type":"Point","coordinates":[45.458401,39.188801]},"properties":{"icao_code":"UBBN","name":"","location":"","country":""}},{"type":"Feature","geometry":{"type":"Point","coordinates":[47.725389,40.808617]},"properties":{"icao_code":"UBBQ","name":"","location":"","country":""}},{"type":"Feature","geometry":{"type":"Point","coordinates":[46.669464,41.557823]},"properties":{"icao_code":"UBBY","name":"","location":"","country":""}},{"type":"Feature","geometry":{"type":"Point","coordinates":[76.701181,42.585584]},"properties":{"icao_code":"UCFL","name":"","location":"","country":""}},{"type":"Feature","geometry":{"type":"Point","coordinates":[43.859299,40.750401]},"properties":{"icao_code":"UDSG","name":"","location":"","country":""}},{"type":"Feature","geometry":{"type":"Point","coordinates":[44.395901,40.147301]},"properties":{"icao_code":"UDYZ","name":"","location":"","country":""}},{"type":"Feature","geometry":{"type":"Point","coordinates":[129.770996,62.0933]},"properties":{"icao_code":"UEEE","name":"","location":"","country":""}},{"type":"Feature","geometry":{"type":"Point","coordinates":[124.914001,56.913898]},"properties":{"icao_code":"UELL","name":"","location":"","country":""}},{"type":"Feature","geometry":{"type":"Point","coordinates":[143.261551,66.450861]},"properties":{"icao_code":"UEMA","name":"","location":"","country":""}},{"type":"Feature","geometry":{"type":"Point","coordinates":[129.545288,62.103484]},"properties":{"icao_code":"UEMM","name":"","location":"","country":""}},{"type":"Feature","geometry":{"type":"Point","coordinates":[120.476094,60.401833]},"properties":{"icao_code":"UEMO","name":"","location":"","country":""}},{"type":"Feature","geometry":{"type":"Point","coordinates":[143.115005,64.550003]},"properties":{"icao_code":"UEMT","name":"","location":"","country":""}},{"type":"Feature","geometry":{"type":"Point","coordinates":[121.693336,63.756668]},"properties":{"icao_code":"UENW","name":"","location":"","country":""}},{"type":"Feature","geometry":{"type":"Point","coordinates":[114.825996,60.7206]},"properties":{"icao_code":"UERL","name":"","location":"","country":""}},{"type":"Feature","geometry":{"type":"Point","coordinates":[112.029999,66.400398]},"properties":{"icao_code":"UERP","name":"","location":"","country":""}},{"type":"Feature","geometry":{"type":"Point","coordinates":[114.039001,62.534698]},"properties":{"icao_code":"UERR","name":"","location":"","country":""}},{"type":"Feature","geometry":{"type":"Point","coordinates":[114.080002,71.927902]},"properties":{"icao_code":"UERS","name":"","location":"","country":""}},{"type":"Feature","geometry":{"type":"Point","coordinates":[146.22784,68.556227]},"properties":{"icao_code":"UESG","name":"","location":"","country":""}},{"type":"Feature","geometry":{"type":"Point","coordinates":[153.7364,67.4805]},"properties":{"icao_code":"UESK","name":"","location":"","country":""}},{"type":"Feature","geometry":{"type":"Point","coordinates":[147.901993,70.6231]},"properties":{"icao_code":"UESO","name":"","location":"","country":""}},{"type":"Feature","geometry":{"type":"Point","coordinates":[161.337997,68.740601]},"properties":{"icao_code":"UESS","name":"","location":"","country":""}},{"type":"Feature","geometry":{"type":"Point","coordinates":[128.903,71.697701]},"properties":{"icao_code":"UEST","name":"","location":"","country":""}},{"type":"Feature","geometry":{"type":"Point","coordinates":[150.8889,65.7485]},"properties":{"icao_code":"UESU","name":"","location":"","country":""}},{"type":"Feature","geometry":{"type":"Point","coordinates":[123.361,66.796501]},"properties":{"icao_code":"UEVV","name":"","location":"","country":""}},{"type":"Feature","geometry":{"type":"Point","coordinates":[43.13538,42.52687]},"properties":{"icao_code":"UGAM","name":"","location":"","country":""}},{"type":"Feature","geometry":{"type":"Point","coordinates":[42.482393,42.176768]},"properties":{"icao_code":"UGKO","name":"","location":"","country":""}},{"type":"Feature","geometry":{"type":"Point","coordinates":[41.599701,41.610298]},"properties":{"icao_code":"UGSB","name":"","location":"","country":""}},{"type":"Feature","geometry":{"type":"Point","coordinates":[41.128101,42.8582]},"properties":{"icao_code":"UGSS","name":"","location":"","country":""}},{"type":"Feature","geometry":{"type":"Point","coordinates":[44.9547,41.669201]},"properties":{"icao_code":"UGTB","name":"","location":"","country":""}},{"type":"Feature","geometry":{"type":"Point","coordinates":[127.412003,50.4254]},"properties":{"icao_code":"UHBB","name":"","location":"","country":""}},{"type":"Feature","geometry":{"type":"Point","coordinates":[135.188588,48.528338]},"properties":{"icao_code":"UHHH","name":"","location":"","country":""}},{"type":"Feature","geometry":{"type":"Point","coordinates":[136.934006,50.409]},"properties":{"icao_code":"UHKK","name":"","location":"","country":""}},{"type":"Feature","geometry":{"type":"Point","coordinates":[140.035348,48.925067]},"properties":{"icao_code":"UHKM","name":"","location":"","country":""}},{"type":"Feature","geometry":{"type":"Point","coordinates":[177.740997,64.734902]},"properties":{"icao_code":"UHMA","name":"","location":"","country":""}},{"type":"Feature","geometry":{"type":"Point","coordinates":[-173.242996,64.378098]},"properties":{"icao_code":"UHMD","name":"","location":"","country":""}},{"type":"Feature","geometry":{"type":"Point","coordinates":[166.139999,67.845001]},"properties":{"icao_code":"UHMK","name":"","location":"","country":""}},{"type":"Feature","geometry":{"type":"Point","coordinates":[150.720001,59.910999]},"properties":{"icao_code":"UHMM","name":"","location":"","country":""}},{"type":"Feature","geometry":{"type":"Point","coordinates":[170.597,69.783302]},"properties":{"icao_code":"UHMP","name":"","location":"","country":""}},{"type":"Feature","geometry":{"type":"Point","coordinates":[159.229059,61.921786]},"properties":{"icao_code":"UHMW","name":"","location":"","country":""}},{"type":"Feature","geometry":{"type":"Point","coordinates":[140.649994,53.154999]},"properties":{"icao_code":"UHNN","name":"","location":"","country":""}},{"type":"Feature","geometry":{"type":"Point","coordinates":[143.056503,59.410065]},"properties":{"icao_code":"UHOO","name":"","location":"","country":""}},{"type":"Feature","geometry":{"type":"Point","coordinates":[158.451863,53.16764]},"properties":{"icao_code":"UHPP","name":"","location":"","country":""}},{"type":"Feature","geometry":{"type":"Point","coordinates":[142.717466,46.885461]},"properties":{"icao_code":"UHSS","name":"","location":"","country":""}},{"type":"Feature","geometry":{"type":"Point","coordinates":[132.148155,43.396256]},"properties":{"icao_code":"UHWW","name":"","location":"","country":""}},{"type":"Feature","geometry":{"type":"Point","coordinates":[113.306,52.026299]},"properties":{"icao_code":"UIAA","name":"","location":"","country":""}},{"type":"Feature","geometry":{"type":"Point","coordinates":[101.697998,56.370602]},"properties":{"icao_code":"UIBB","name":"","location":"","country":""}},{"type":"Feature","geometry":{"type":"Point","coordinates":[104.389,52.268002]},"properties":{"icao_code":"UIII","name":"","location":"","country":""}},{"type":"Feature","geometry":{"type":"Point","coordinates":[105.730003,56.856701]},"properties":{"icao_code":"UITT","name":"","location":"","country":""}},{"type":"Feature","geometry":{"type":"Point","coordinates":[107.439652,51.808614]},"properties":{"icao_code":"UIUU","name":"","location":"","country":""}},{"type":"Feature","geometry":{"type":"Point","coordinates":[30.894699,50.345001]},"properties":{"icao_code":"UKBB","name":"","location":"","country":""}},{"type":"Feature","geometry":{"type":"Point","coordinates":[37.4496,47.076099]},"properties":{"icao_code":"UKCM","name":"","location":"","country":""}},{"type":"Feature","geometry":{"type":"Point","coordinates":[36.758099,46.814999]},"properties":{"icao_code":"UKDB","name":"","location":"","country":""}},{"type":"Feature","geometry":{"type":"Point","coordinates":[35.100601,48.357201]},"properties":{"icao_code":"UKDD","name":"","location":"","country":""}},{"type":"Feature","geometry":{"type":"Point","coordinates":[35.315701,47.867001]},"properties":{"icao_code":"UKDE","name":"","location":"","country":""}},{"type":"Feature","geometry":{"type":"Point","coordinates":[33.209999,48.043301]},"properties":{"icao_code":"UKDR","name":"","location":"","country":""}},{"type":"Feature","geometry":{"type":"Point","coordinates":[33.57462,44.691822]},"properties":{"icao_code":"UKFB","name":"","location":"","country":""}},{"type":"Feature","geometry":{"type":"Point","coordinates":[33.975101,45.0522]},"properties":{"icao_code":"UKFF","name":"","location":"","country":""}},{"type":"Feature","geometry":{"type":"Point","coordinates":[36.290814,49.926943]},"properties":{"icao_code":"UKHH","name":"","location":"","country":""}},{"type":"Feature","geometry":{"type":"Point","coordinates":[31.9953,49.4156]},"properties":{"icao_code":"UKKE","name":"","location":"","country":""}},{"type":"Feature","geometry":{"type":"Point","coordinates":[30.45194,50.40194]},"properties":{"icao_code":"UKKK","name":"","location":"","country":""}},{"type":"Feature","geometry":{"type":"Point","coordinates":[26.933399,49.359699]},"properties":{"icao_code":"UKLH","name":"","location":"","country":""}},{"type":"Feature","geometry":{"type":"Point","coordinates":[24.6861,48.884201]},"properties":{"icao_code":"UKLI","name":"","location":"","country":""}},{"type":"Feature","geometry":{"type":"Point","coordinates":[23.9561,49.8125]},"properties":{"icao_code":"UKLL","name":"","location":"","country":""}},{"type":"Feature","geometry":{"type":"Point","coordinates":[25.980801,48.2593]},"properties":{"icao_code":"UKLN","name":"","location":"","country":""}},{"type":"Feature","geometry":{"type":"Point","coordinates":[26.1416,50.607101]},"properties":{"icao_code":"UKLR","name":"","location":"","country":""}},{"type":"Feature","geometry":{"type":"Point","coordinates":[22.263399,48.6343]},"properties":{"icao_code":"UKLU","name":"","location":"","country":""}},{"type":"Feature","geometry":{"type":"Point","coordinates":[32.506401,46.6758]},"properties":{"icao_code":"UKOH","name":"","location":"","country":""}},{"type":"Feature","geometry":{"type":"Point","coordinates":[31.9198,47.057899]},"properties":{"icao_code":"UKON","name":"","location":"","country":""}},{"type":"Feature","geometry":{"type":"Point","coordinates":[30.6765,46.4268]},"properties":{"icao_code":"UKOO","name":"","location":"","country":""}},{"type":"Feature","geometry":{"type":"Point","coordinates":[28.613778,49.242531]},"properties":{"icao_code":"UKWW","name":"","location":"","country":""}},{"type":"Feature","geometry":{"type":"Point","coordinates":[40.716702,64.600304]},"properties":{"icao_code":"ULAA","name":"","location":"","country":""}},{"type":"Feature","geometry":{"type":"Point","coordinates":[53.121899,67.639999]},"properties":{"icao_code":"ULAM","name":"","location":"","country":""}},{"type":"Feature","geometry":{"type":"Point","coordinates":[61.5564,69.763298]},"properties":{"icao_code":"ULDD","name":"","location":"","country":""}},{"type":"Feature","geometry":{"type":"Point","coordinates":[46.697498,61.235802]},"properties":{"icao_code":"ULKK","name":"","location":"","country":""}},{"type":"Feature","geometry":{"type":"Point","coordinates":[30.262501,59.800301]},"properties":{"icao_code":"ULLI","name":"","location":"","country":""}},{"type":"Feature","geometry":{"type":"Point","coordinates":[32.750801,68.7817]},"properties":{"icao_code":"ULMM","name":"","location":"","country":""}},{"type":"Feature","geometry":{"type":"Point","coordinates":[28.395599,57.783901]},"properties":{"icao_code":"ULOO","name":"","location":"","country":""}},{"type":"Feature","geometry":{"type":"Point","coordinates":[34.154701,61.885201]},"properties":{"icao_code":"ULPB","name":"","location":"","country":""}},{"type":"Feature","geometry":{"type":"Point","coordinates":[38.0158,59.273602]},"properties":{"icao_code":"ULWC","name":"","location":"","country":""}},{"type":"Feature","geometry":{"type":"Point","coordinates":[46.259998,60.7883]},"properties":{"icao_code":"ULWU","name":"","location":"","country":""}},{"type":"Feature","geometry":{"type":"Point","coordinates":[39.944401,59.282501]},"properties":{"icao_code":"ULWW","name":"","location":"","country":""}},{"type":"Feature","geometry":{"type":"Point","coordinates":[23.8981,52.108299]},"properties":{"icao_code":"UMBB","name":"","location":"","country":""}},{"type":"Feature","geometry":{"type":"Point","coordinates":[31.016701,52.527]},"properties":{"icao_code":"UMGG","name":"","location":"","country":""}},{"type":"Feature","geometry":{"type":"Point","coordinates":[30.3496,55.126499]},"properties":{"icao_code":"UMII","name":"","location":"","country":""}},{"type":"Feature","geometry":{"type":"Point","coordinates":[20.5926,54.889999]},"properties":{"icao_code":"UMKK","name":"","location":"","country":""}},{"type":"Feature","geometry":{"type":"Point","coordinates":[24.053801,53.602001]},"properties":{"icao_code":"UMMG","name":"","location":"","country":""}},{"type":"Feature","geometry":{"type":"Point","coordinates":[28.039964,53.888071]},"properties":{"icao_code":"UMMS","name":"","location":"","country":""}},{"type":"Feature","geometry":{"type":"Point","coordinates":[30.0951,53.954899]},"properties":{"icao_code":"UMOO","name":"","location":"","country":""}},{"type":"Feature","geometry":{"type":"Point","coordinates":[91.385002,53.740002]},"properties":{"icao_code":"UNAA","name":"","location":"","country":""}},{"type":"Feature","geometry":{"type":"Point","coordinates":[83.538498,53.3638]},"properties":{"icao_code":"UNBB","name":"","location":"","country":""}},{"type":"Feature","geometry":{"type":"Point","coordinates":[85.836539,51.969204]},"properties":{"icao_code":"UNBG","name":"","location":"","country":""}},{"type":"Feature","geometry":{"type":"Point","coordinates":[86.107201,55.2701]},"properties":{"icao_code":"UNEE","name":"","location":"","country":""}},{"type":"Feature","geometry":{"type":"Point","coordinates":[92.112503,58.474201]},"properties":{"icao_code":"UNII","name":"","location":"","country":""}},{"type":"Feature","geometry":{"type":"Point","coordinates":[89.994003,61.589699]},"properties":{"icao_code":"UNIP","name":"","location":"","country":""}},{"type":"Feature","geometry":{"type":"Point","coordinates":[92.492437,56.173077]},"properties":{"icao_code":"UNKL","name":"","location":"","country":""}},{"type":"Feature","geometry":{"type":"Point","coordinates":[90.57511,56.269185]},"properties":{"icao_code":"UNKS","name":"","location":"","country":""}},{"type":"Feature","geometry":{"type":"Point","coordinates":[94.400597,51.669399]},"properties":{"icao_code":"UNKY","name":"","location":"","country":""}},{"type":"Feature","geometry":{"type":"Point","coordinates":[82.618675,55.019756]},"properties":{"icao_code":"UNNT","name":"","location":"","country":""}},{"type":"Feature","geometry":{"type":"Point","coordinates":[73.310501,54.966999]},"properties":{"icao_code":"UNOO","name":"","location":"","country":""}},{"type":"Feature","geometry":{"type":"Point","coordinates":[77.660004,60.7094]},"properties":{"icao_code":"UNSS","name":"","location":"","country":""}},{"type":"Feature","geometry":{"type":"Point","coordinates":[85.208298,56.380299]},"properties":{"icao_code":"UNTT","name":"","location":"","country":""}},{"type":"Feature","geometry":{"type":"Point","coordinates":[86.877197,53.811401]},"properties":{"icao_code":"UNWW","name":"","location":"","country":""}},{"type":"Feature","geometry":{"type":"Point","coordinates":[80.379669,73.517807]},"properties":{"icao_code":"UODD","name":"","location":"","country":""}},{"type":"Feature","geometry":{"type":"Point","coordinates":[102.490997,71.978104]},"properties":{"icao_code":"UOHH","name":"","location":"","country":""}},{"type":"Feature","geometry":{"type":"Point","coordinates":[86.621902,67.437202]},"properties":{"icao_code":"UOII","name":"","location":"","country":""}},{"type":"Feature","geometry":{"type":"Point","coordinates":[87.332199,69.311096]},"properties":{"icao_code":"UOOO","name":"","location":"","country":""}},{"type":"Feature","geometry":{"type":"Point","coordinates":[37.347301,45.002102]},"properties":{"icao_code":"URKA","name":"","location":"","country":""}},{"type":"Feature","geometry":{"type":"Point","coordinates":[38.012481,44.582093]},"properties":{"icao_code":"URKG","name":"","location":"","country":""}},{"type":"Feature","geometry":{"type":"Point","coordinates":[39.170502,45.034698]},"properties":{"icao_code":"URKK","name":"","location":"","country":""}},{"type":"Feature","geometry":{"type":"Point","coordinates":[45.699772,43.388106]},"properties":{"icao_code":"URMG","name":"","location":"","country":""}},{"type":"Feature","geometry":{"type":"Point","coordinates":[47.652302,42.816799]},"properties":{"icao_code":"URML","name":"","location":"","country":""}},{"type":"Feature","geometry":{"type":"Point","coordinates":[43.081902,44.225101]},"properties":{"icao_code":"URMM","name":"","location":"","country":""}},{"type":"Feature","geometry":{"type":"Point","coordinates":[43.6366,43.512901]},"properties":{"icao_code":"URMN","name":"","location":"","country":""}},{"type":"Feature","geometry":{"type":"Point","coordinates":[44.606602,43.205101]},"properties":{"icao_code":"URMO","name":"","location":"","country":""}},{"type":"Feature","geometry":{"type":"Point","coordinates":[45.012568,43.323268]},"properties":{"icao_code":"URMS","name":"","location":"","country":""}},{"type":"Feature","geometry":{"type":"Point","coordinates":[42.112801,45.1092]},"properties":{"icao_code":"URMT","name":"","location":"","country":""}},{"type":"Feature","geometry":{"type":"Point","coordinates":[39.924722,47.493888]},"properties":{"icao_code":"URRP","name":"","location":"","country":""}},{"type":"Feature","geometry":{"type":"Point","coordinates":[38.849167,47.198333]},"properties":{"icao_code":"URRT","name":"","location":"","country":""}},{"type":"Feature","geometry":{"type":"Point","coordinates":[39.9566,43.449902]},"properties":{"icao_code":"URSS","name":"","location":"","country":""}},{"type":"Feature","geometry":{"type":"Point","coordinates":[48.010511,46.282843]},"properties":{"icao_code":"URWA","name":"","location":"","country":""}},{"type":"Feature","geometry":{"type":"Point","coordinates":[44.330898,46.373901]},"properties":{"icao_code":"URWI","name":"","location":"","country":""}},{"type":"Feature","geometry":{"type":"Point","coordinates":[44.345501,48.782501]},"properties":{"icao_code":"URWW","name":"","location":"","country":""}},{"type":"Feature","geometry":{"type":"Point","coordinates":[61.5033,55.305801]},"properties":{"icao_code":"USCC","name":"","location":"","country":""}},{"type":"Feature","geometry":{"type":"Point","coordinates":[58.755699,53.393101]},"properties":{"icao_code":"USCM","name":"","location":"","country":""}},{"type":"Feature","geometry":{"type":"Point","coordinates":[72.052222,71.219167]},"properties":{"icao_code":"USDA","name":"","location":"","country":""}},{"type":"Feature","geometry":{"type":"Point","coordinates":[68.333611,70.315278]},"properties":{"icao_code":"USDB","name":"","location":"","country":""}},{"type":"Feature","geometry":{"type":"Point","coordinates":[66.611,66.590797]},"properties":{"icao_code":"USDD","name":"","location":"","country":""}},{"type":"Feature","geometry":{"type":"Point","coordinates":[69.086098,61.0285]},"properties":{"icao_code":"USHH","name":"","location":"","country":""}},{"type":"Feature","geometry":{"type":"Point","coordinates":[65.614998,62.110001]},"properties":{"icao_code":"USHN","name":"","location":"","country":""}},{"type":"Feature","geometry":{"type":"Point","coordinates":[66.698601,63.686901]},"properties":{"icao_code":"USHQ","name":"","location":"","country":""}},{"type":"Feature","geometry":{"type":"Point","coordinates":[63.601913,61.326622]},"properties":{"icao_code":"USHS","name":"","location":"","country":""}},{"type":"Feature","geometry":{"type":"Point","coordinates":[64.826698,60.103298]},"properties":{"icao_code":"USHU","name":"","location":"","country":""}},{"type":"Feature","geometry":{"type":"Point","coordinates":[53.4575,56.828098]},"properties":{"icao_code":"USII","name":"","location":"","country":""}},{"type":"Feature","geometry":{"type":"Point","coordinates":[49.347831,58.503883]},"properties":{"icao_code":"USKK","name":"","location":"","country":""}},{"type":"Feature","geometry":{"type":"Point","coordinates":[72.698898,65.480904]},"properties":{"icao_code":"USMM","name":"","location":"","country":""}},{"type":"Feature","geometry":{"type":"Point","coordinates":[76.520302,66.069397]},"properties":{"icao_code":"USMU","name":"","location":"","country":""}},{"type":"Feature","geometry":{"type":"Point","coordinates":[76.483597,60.949299]},"properties":{"icao_code":"USNN","name":"","location":"","country":""}},{"type":"Feature","geometry":{"type":"Point","coordinates":[56.021198,57.914501]},"properties":{"icao_code":"USPP","name":"","location":"","country":""}},{"type":"Feature","geometry":{"type":"Point","coordinates":[74.533798,62.190399]},"properties":{"icao_code":"USRK","name":"","location":"","country":""}},{"type":"Feature","geometry":{"type":"Point","coordinates":[72.650002,61.108299]},"properties":{"icao_code":"USRN","name":"","location":"","country":""}},{"type":"Feature","geometry":{"type":"Point","coordinates":[75.269997,63.1833]},"properties":{"icao_code":"USRO","name":"","location":"","country":""}},{"type":"Feature","geometry":{"type":"Point","coordinates":[73.401802,61.3437]},"properties":{"icao_code":"USRR","name":"","location":"","country":""}},{"type":"Feature","geometry":{"type":"Point","coordinates":[60.8027,56.743099]},"properties":{"icao_code":"USSS","name":"","location":"","country":""}},{"type":"Feature","geometry":{"type":"Point","coordinates":[65.31611,57.16833]},"properties":{"icao_code":"USTR","name":"","location":"","country":""}},{"type":"Feature","geometry":{"type":"Point","coordinates":[65.415604,55.4753]},"properties":{"icao_code":"USUU","name":"","location":"","country":""}},{"type":"Feature","geometry":{"type":"Point","coordinates":[58.361,37.986801]},"properties":{"icao_code":"UTAA","name":"","location":"","country":""}},{"type":"Feature","geometry":{"type":"Point","coordinates":[53.007198,40.063301]},"properties":{"icao_code":"UTAK","name":"","location":"","country":""}},{"type":"Feature","geometry":{"type":"Point","coordinates":[61.895668,37.62353]},"properties":{"icao_code":"UTAM","name":"","location":"","country":""}},{"type":"Feature","geometry":{"type":"Point","coordinates":[59.836149,41.759853]},"properties":{"icao_code":"UTAT","name":"","location":"","country":""}},{"type":"Feature","geometry":{"type":"Point","coordinates":[63.563982,38.930662]},"properties":{"icao_code":"UTAV","name":"","location":"","country":""}},{"type":"Feature","geometry":{"type":"Point","coordinates":[68.822977,38.543746]},"properties":{"icao_code":"UTDD","name":"","location":"","country":""}},{"type":"Feature","geometry":{"type":"Point","coordinates":[69.805,37.988098]},"properties":{"icao_code":"UTDK","name":"","location":"","country":""}},{"type":"Feature","geometry":{"type":"Point","coordinates":[69.694702,40.215401]},"properties":{"icao_code":"UTDL","name":"","location":"","country":""}},{"type":"Feature","geometry":{"type":"Point","coordinates":[68.8647,37.866402]},"properties":{"icao_code":"UTDT","name":"","location":"","country":""}},{"type":"Feature","geometry":{"type":"Point","coordinates":[59.623299,42.4884]},"properties":{"icao_code":"UTNN","name":"","location":"","country":""}},{"type":"Feature","geometry":{"type":"Point","coordinates":[60.641701,41.584301]},"properties":{"icao_code":"UTNU","name":"","location":"","country":""}},{"type":"Feature","geometry":{"type":"Point","coordinates":[65.170799,40.117199]},"properties":{"icao_code":"UTSA","name":"","location":"","country":""}},{"type":"Feature","geometry":{"type":"Point","coordinates":[64.483299,39.775002]},"properties":{"icao_code":"UTSB","name":"","location":"","country":""}},{"type":"Feature","geometry":{"type":"Point","coordinates":[66.983803,39.7005]},"properties":{"icao_code":"UTSS","name":"","location":"","country":""}},{"type":"Feature","geometry":{"type":"Point","coordinates":[67.311869,37.287261]},"properties":{"icao_code":"UTST","name":"","location":"","country":""}},{"type":"Feature","geometry":{"type":"Point","coordinates":[69.281197,41.2579]},"properties":{"icao_code":"UTTT","name":"","location":"","country":""}},{"type":"Feature","geometry":{"type":"Point","coordinates":[68.41103,40.01402]},"properties":{"icao_code":"UTTZ","name":"","location":"","country":""}},{"type":"Feature","geometry":{"type":"Point","coordinates":[41.019402,57.796902]},"properties":{"icao_code":"UUBA","name":"","location":"","country":""}},{"type":"Feature","geometry":{"type":"Point","coordinates":[36.366669,54.549999]},"properties":{"icao_code":"UUBC","name":"","location":"","country":""}},{"type":"Feature","geometry":{"type":"Point","coordinates":[40.9408,56.9394]},"properties":{"icao_code":"UUBI","name":"","location":"","country":""}},{"type":"Feature","geometry":{"type":"Point","coordinates":[38.929401,58.104198]},"properties":{"icao_code":"UUBK","name":"","location":"","country":""}},{"type":"Feature","geometry":{"type":"Point","coordinates":[34.176399,53.214199]},"properties":{"icao_code":"UUBP","name":"","location":"","country":""}},{"type":"Feature","geometry":{"type":"Point","coordinates":[38.150002,55.553299]},"properties":{"icao_code":"UUBW","name":"","location":"","country":""}},{"type":"Feature","geometry":{"type":"Point","coordinates":[37.9063,55.408798]},"properties":{"icao_code":"UUDD","name":"","location":"","country":""}},{"type":"Feature","geometry":{"type":"Point","coordinates":[37.4146,55.972599]},"properties":{"icao_code":"UUEE","name":"","location":"","country":""}},{"type":"Feature","geometry":{"type":"Point","coordinates":[35.757702,56.824699]},"properties":{"icao_code":"UUEM","name":"","location":"","country":""}},{"type":"Feature","geometry":{"type":"Point","coordinates":[37.507222,55.511667]},"properties":{"icao_code":"UUMO","name":"","location":"","country":""}},{"type":"Feature","geometry":{"type":"Point","coordinates":[38.061699,55.8783]},"properties":{"icao_code":"UUMU","name":"","location":"","country":""}},{"type":"Feature","geometry":{"type":"Point","coordinates":[36.590099,50.643799]},"properties":{"icao_code":"UUOB","name":"","location":"","country":""}},{"type":"Feature","geometry":{"type":"Point","coordinates":[36.295601,51.750599]},"properties":{"icao_code":"UUOK","name":"","location":"","country":""}},{"type":"Feature","geometry":{"type":"Point","coordinates":[39.5378,52.702801]},"properties":{"icao_code":"UUOL","name":"","location":"","country":""}},{"type":"Feature","geometry":{"type":"Point","coordinates":[39.229599,51.814201]},"properties":{"icao_code":"UUOO","name":"","location":"","country":""}},{"type":"Feature","geometry":{"type":"Point","coordinates":[41.4828,52.806099]},"properties":{"icao_code":"UUOT","name":"","location":"","country":""}},{"type":"Feature","geometry":{"type":"Point","coordinates":[37.261501,55.591499]},"properties":{"icao_code":"UUWW","name":"","location":"","country":""}},{"type":"Feature","geometry":{"type":"Point","coordinates":[53.804699,63.566898]},"properties":{"icao_code":"UUYH","name":"","location":"","country":""}},{"type":"Feature","geometry":{"type":"Point","coordinates":[60.105786,66.053372]},"properties":{"icao_code":"UUYI","name":"","location":"","country":""}},{"type":"Feature","geometry":{"type":"Point","coordinates":[57.130798,65.121101]},"properties":{"icao_code":"UUYP","name":"","location":"","country":""}},{"type":"Feature","geometry":{"type":"Point","coordinates":[57.367199,66.0047]},"properties":{"icao_code":"UUYS","name":"","location":"","country":""}},{"type":"Feature","geometry":{"type":"Point","coordinates":[63.993099,67.488602]},"properties":{"icao_code":"UUYW","name":"","location":"","country":""}},{"type":"Feature","geometry":{"type":"Point","coordinates":[52.200336,65.437294]},"properties":{"icao_code":"UUYX","name":"","location":"","country":""}},{"type":"Feature","geometry":{"type":"Point","coordinates":[50.8451,61.646999]},"properties":{"icao_code":"UUYY","name":"","location":"","country":""}},{"type":"Feature","geometry":{"type":"Point","coordinates":[43.785197,56.228254]},"properties":{"icao_code":"UWGG","name":"","location":"","country":""}},{"type":"Feature","geometry":{"type":"Point","coordinates":[52.800229,54.641184]},"properties":{"icao_code":"UWKB","name":"","location":"","country":""}},{"type":"Feature","geometry":{"type":"Point","coordinates":[49.278702,55.606201]},"properties":{"icao_code":"UWKD","name":"","location":"","country":""}},{"type":"Feature","geometry":{"type":"Point","coordinates":[52.092499,55.564701]},"properties":{"icao_code":"UWKE","name":"","location":"","country":""}},{"type":"Feature","geometry":{"type":"Point","coordinates":[47.904701,56.7006]},"properties":{"icao_code":"UWKJ","name":"","location":"","country":""}},{"type":"Feature","geometry":{"type":"Point","coordinates":[47.347301,56.090302]},"properties":{"icao_code":"UWKS","name":"","location":"","country":""}},{"type":"Feature","geometry":{"type":"Point","coordinates":[48.2267,54.268299]},"properties":{"icao_code":"UWLL","name":"","location":"","country":""}},{"type":"Feature","geometry":{"type":"Point","coordinates":[48.8027,54.401001]},"properties":{"icao_code":"UWLW","name":"","location":"","country":""}},{"type":"Feature","geometry":{"type":"Point","coordinates":[55.456699,51.795799]},"properties":{"icao_code":"UWOO","name":"","location":"","country":""}},{"type":"Feature","geometry":{"type":"Point","coordinates":[58.5956,51.072498]},"properties":{"icao_code":"UWOR","name":"","location":"","country":""}},{"type":"Feature","geometry":{"type":"Point","coordinates":[45.021099,53.1106]},"properties":{"icao_code":"UWPP","name":"","location":"","country":""}},{"type":"Feature","geometry":{"type":"Point","coordinates":[45.212257,54.12513]},"properties":{"icao_code":"UWPS","name":"","location":"","country":""}},{"type":"Feature","geometry":{"type":"Point","coordinates":[47.745602,51.858299]},"properties":{"icao_code":"UWSB","name":"","location":"","country":""}},{"type":"Feature","geometry":{"type":"Point","coordinates":[46.171111,51.712778]},"properties":{"icao_code":"UWSG","name":"","location":"","country":""}},{"type":"Feature","geometry":{"type":"Point","coordinates":[55.874401,54.557499]},"properties":{"icao_code":"UWUU","name":"","location":"","country":""}},{"type":"Feature","geometry":{"type":"Point","coordinates":[50.164299,53.504902]},"properties":{"icao_code":"UWWW","name":"","location":"","country":""}},{"type":"Feature","geometry":{"type":"Point","coordinates":[80.290347,21.526817]},"properties":{"icao_code":"VAGD","name":"","location":"","country":""}},{"type":"Feature","geometry":{"type":"Point","coordinates":[72.634697,23.0772]},"properties":{"icao_code":"VAAH","name":"","location":"","country":""}},{"type":"Feature","geometry":{"type":"Point","coordinates":[77.056883,20.698931]},"properties":{"icao_code":"VAAK","name":"","location":"","country":""}},{"type":"Feature","geometry":{"type":"Point","coordinates":[75.398102,19.8627]},"properties":{"icao_code":"VAAU","name":"","location":"","country":""}},{"type":"Feature","geometry":{"type":"Point","coordinates":[72.867897,19.088699]},"properties":{"icao_code":"VABB","name":"","location":"","country":""}},{"type":"Feature","geometry":{"type":"Point","coordinates":[69.670197,23.2878]},"properties":{"icao_code":"VABJ","name":"","location":"","country":""}},{"type":"Feature","geometry":{"type":"Point","coordinates":[74.618301,15.8593]},"properties":{"icao_code":"VOBM","name":"","location":"","country":""}},{"type":"Feature","geometry":{"type":"Point","coordinates":[73.226303,22.336201]},"properties":{"icao_code":"VABO","name":"","location":"","country":""}},{"type":"Feature","geometry":{"type":"Point","coordinates":[77.337402,23.2875]},"properties":{"icao_code":"VABP","name":"","location":"","country":""}},{"type":"Feature","geometry":{"type":"Point","coordinates":[72.185204,21.752199]},"properties":{"icao_code":"VABV","name":"","location":"","country":""}},{"type":"Feature","geometry":{"type":"Point","coordinates":[72.843201,20.434401]},"properties":{"icao_code":"VADN","name":"","location":"","country":""}},{"type":"Feature","geometry":{"type":"Point","coordinates":[75.0849,15.3617]},"properties":{"icao_code":"VOHB","name":"","location":"","country":""}},{"type":"Feature","geometry":{"type":"Point","coordinates":[71.039391,22.378824]},"properties":{"icao_code":"VAHS","name":"","location":"","country":""}},{"type":"Feature","geometry":{"type":"Point","coordinates":[75.801102,22.7218]},"properties":{"icao_code":"VAID","name":"","location":"","country":""}},{"type":"Feature","geometry":{"type":"Point","coordinates":[80.052002,23.177799]},"properties":{"icao_code":"VAJB","name":"","location":"","country":""}},{"type":"Feature","geometry":{"type":"Point","coordinates":[70.012604,22.4655]},"properties":{"icao_code":"VAJM","name":"","location":"","country":""}},{"type":"Feature","geometry":{"type":"Point","coordinates":[70.100304,23.1127]},"properties":{"icao_code":"VAKE","name":"","location":"","country":""}},{"type":"Feature","geometry":{"type":"Point","coordinates":[74.289398,16.6647]},"properties":{"icao_code":"VAKP","name":"","location":"","country":""}},{"type":"Feature","geometry":{"type":"Point","coordinates":[70.270401,21.317101]},"properties":{"icao_code":"VAKS","name":"","location":"","country":""}},{"type":"Feature","geometry":{"type":"Point","coordinates":[76.464699,18.411501]},"properties":{"icao_code":"VALT","name":"","location":"","country":""}},{"type":"Feature","geometry":{"type":"Point","coordinates":[79.047203,21.092199]},"properties":{"icao_code":"VANP","name":"","location":"","country":""}},{"type":"Feature","geometry":{"type":"Point","coordinates":[73.912903,20.119101]},"properties":{"icao_code":"VAOZ","name":"","location":"","country":""}},{"type":"Feature","geometry":{"type":"Point","coordinates":[73.919701,18.5821]},"properties":{"icao_code":"VAPO","name":"","location":"","country":""}},{"type":"Feature","geometry":{"type":"Point","coordinates":[69.656405,21.649524]},"properties":{"icao_code":"VAPR","name":"","location":"","country":""}},{"type":"Feature","geometry":{"type":"Point","coordinates":[73.327797,17.013599]},"properties":{"icao_code":"VARG","name":"","location":"","country":""}},{"type":"Feature","geometry":{"type":"Point","coordinates":[70.779503,22.3092]},"properties":{"icao_code":"VARK","name":"","location":"","country":""}},{"type":"Feature","geometry":{"type":"Point","coordinates":[74.377354,19.688752]},"properties":{"icao_code":"VASD","name":"","location":"","country":""}},{"type":"Feature","geometry":{"type":"Point","coordinates":[75.934799,17.628]},"properties":{"icao_code":"VASL","name":"","location":"","country":""}},{"type":"Feature","geometry":{"type":"Point","coordinates":[72.741798,21.1141]},"properties":{"icao_code":"VASU","name":"","location":"","country":""}},{"type":"Feature","geometry":{"type":"Point","coordinates":[73.896103,24.617701]},"properties":{"icao_code":"VAUD","name":"","location":"","country":""}},{"type":"Feature","geometry":{"type":"Point","coordinates":[79.884102,7.18076]},"properties":{"icao_code":"VCBI","name":"","location":"","country":""}},{"type":"Feature","geometry":{"type":"Point","coordinates":[80.42848,8.301542]},"properties":{"icao_code":"VCCA","name":"","location":"","country":""}},{"type":"Feature","geometry":{"type":"Point","coordinates":[81.678802,7.70576]},"properties":{"icao_code":"VCCB","name":"","location":"","country":""}},{"type":"Feature","geometry":{"type":"Point","coordinates":[79.8862,6.82199]},"properties":{"icao_code":"VCCC","name":"","location":"","country":""}},{"type":"Feature","geometry":{"type":"Point","coordinates":[81.623869,7.336745]},"properties":{"icao_code":"VCCG","name":"","location":"","country":""}},{"type":"Feature","geometry":{"type":"Point","coordinates":[80.9814,8.04981]},"properties":{"icao_code":"VCCH","name":"","location":"","country":""}},{"type":"Feature","geometry":{"type":"Point","coordinates":[80.070099,9.79233]},"properties":{"icao_code":"VCCJ","name":"","location":"","country":""}},{"type":"Feature","geometry":{"type":"Point","coordinates":[80.320297,5.99368]},"properties":{"icao_code":"VCCK","name":"","location":"","country":""}},{"type":"Feature","geometry":{"type":"Point","coordinates":[81.18128,8.539159]},"properties":{"icao_code":"VCCT","name":"","location":"","country":""}},{"type":"Feature","geometry":{"type":"Point","coordinates":[81.124128,6.284467]},"properties":{"icao_code":"VCRI","name":"","location":"","country":""}},{"type":"Feature","geometry":{"type":"Point","coordinates":[103.223999,13.0956]},"properties":{"icao_code":"VDBG","name":"","location":"","country":""}},{"type":"Feature","geometry":{"type":"Point","coordinates":[104.564657,12.255032]},"properties":{"icao_code":"VDKH","name":"","location":"","country":""}},{"type":"Feature","geometry":{"type":"Point","coordinates":[104.844002,11.5466]},"properties":{"icao_code":"VDPP","name":"","location":"","country":""}},{"type":"Feature","geometry":{"type":"Point","coordinates":[106.987,13.73]},"properties":{"icao_code":"VDRK","name":"","location":"","country":""}},{"type":"Feature","geometry":{"type":"Point","coordinates":[104.223056,13.369167]},"properties":{"icao_code":"VDSA","name":"","location":"","country":""}},{"type":"Feature","geometry":{"type":"Point","coordinates":[94.802002,28.175301]},"properties":{"icao_code":"VEAN","name":"","location":"","country":""}},{"type":"Feature","geometry":{"type":"Point","coordinates":[91.240402,23.886999]},"properties":{"icao_code":"VEAT","name":"","location":"","country":""}},{"type":"Feature","geometry":{"type":"Point","coordinates":[88.328598,26.6812]},"properties":{"icao_code":"VEBD","name":"","location":"","country":""}},{"type":"Feature","geometry":{"type":"Point","coordinates":[91.978699,25.7036]},"properties":{"icao_code":"VEBI","name":"","location":"","country":""}},{"type":"Feature","geometry":{"type":"Point","coordinates":[82.861805,25.452129]},"properties":{"icao_code":"VEBN","name":"","location":"","country":""}},{"type":"Feature","geometry":{"type":"Point","coordinates":[85.817802,20.2444]},"properties":{"icao_code":"VEBS","name":"","location":"","country":""}},{"type":"Feature","geometry":{"type":"Point","coordinates":[82.111,21.9884]},"properties":{"icao_code":"VEBU","name":"","location":"","country":""}},{"type":"Feature","geometry":{"type":"Point","coordinates":[88.446701,22.654699]},"properties":{"icao_code":"VECC","name":"","location":"","country":""}},{"type":"Feature","geometry":{"type":"Point","coordinates":[86.425301,23.834]},"properties":{"icao_code":"VEDB","name":"","location":"","country":""}},{"type":"Feature","geometry":{"type":"Point","coordinates":[87.243,23.6225]},"properties":{"icao_code":"VEDG","name":"","location":"","country":""}},{"type":"Feature","geometry":{"type":"Point","coordinates":[85.916901,26.192801]},"properties":{"icao_code":"VEDH","name":"","location":"","country":""}},{"type":"Feature","geometry":{"type":"Point","coordinates":[83.449699,26.7397]},"properties":{"icao_code":"VEGK","name":"","location":"","country":""}},{"type":"Feature","geometry":{"type":"Point","coordinates":[91.585899,26.1061]},"properties":{"icao_code":"VEGT","name":"","location":"","country":""}},{"type":"Feature","geometry":{"type":"Point","coordinates":[84.951202,24.744301]},"properties":{"icao_code":"VEGY","name":"","location":"","country":""}},{"type":"Feature","geometry":{"type":"Point","coordinates":[93.896698,24.76]},"properties":{"icao_code":"VEIM","name":"","location":"","country":""}},{"type":"Feature","geometry":{"type":"Point","coordinates":[86.169739,22.813786]},"properties":{"icao_code":"VEJS","name":"","location":"","country":""}},{"type":"Feature","geometry":{"type":"Point","coordinates":[94.175499,26.731501]},"properties":{"icao_code":"VEJT","name":"","location":"","country":""}},{"type":"Feature","geometry":{"type":"Point","coordinates":[83.889214,26.776534]},"properties":{"icao_code":"VEKI","name":"","location":"","country":""}},{"type":"Feature","geometry":{"type":"Point","coordinates":[92.00768,24.308657]},"properties":{"icao_code":"VEKR","name":"","location":"","country":""}},{"type":"Feature","geometry":{"type":"Point","coordinates":[92.978699,24.912901]},"properties":{"icao_code":"VEKU","name":"","location":"","country":""}},{"type":"Feature","geometry":{"type":"Point","coordinates":[92.619698,23.840599]},"properties":{"icao_code":"VELP","name":"","location":"","country":""}},{"type":"Feature","geometry":{"type":"Point","coordinates":[94.097603,27.2955]},"properties":{"icao_code":"VELR","name":"","location":"","country":""}},{"type":"Feature","geometry":{"type":"Point","coordinates":[95.016899,27.4839]},"properties":{"icao_code":"VEMN","name":"","location":"","country":""}},{"type":"Feature","geometry":{"type":"Point","coordinates":[93.771103,25.8839]},"properties":{"icao_code":"VEMR","name":"","location":"","country":""}},{"type":"Feature","geometry":{"type":"Point","coordinates":[85.313698,26.119101]},"properties":{"icao_code":"VEMZ","name":"","location":"","country":""}},{"type":"Feature","geometry":{"type":"Point","coordinates":[85.087997,25.591299]},"properties":{"icao_code":"VEPT","name":"","location":"","country":""}},{"type":"Feature","geometry":{"type":"Point","coordinates":[85.321701,23.314301]},"properties":{"icao_code":"VERC","name":"","location":"","country":""}},{"type":"Feature","geometry":{"type":"Point","coordinates":[84.815193,22.256571]},"properties":{"icao_code":"VERK","name":"","location":"","country":""}},{"type":"Feature","geometry":{"type":"Point","coordinates":[92.784698,26.709101]},"properties":{"icao_code":"VETZ","name":"","location":"","country":""}},{"type":"Feature","geometry":{"type":"Point","coordinates":[83.227729,17.723506]},"properties":{"icao_code":"VOVZ","name":"","location":"","country":""}},{"type":"Feature","geometry":{"type":"Point","coordinates":[93.828102,27.588301]},"properties":{"icao_code":"VEZO","name":"","location":"","country":""}},{"type":"Feature","geometry":{"type":"Point","coordinates":[90.301201,22.801001]},"properties":{"icao_code":"VGBR","name":"","location":"","country":""}},{"type":"Feature","geometry":{"type":"Point","coordinates":[91.963898,21.4522]},"properties":{"icao_code":"VGCB","name":"","location":"","country":""}},{"type":"Feature","geometry":{"type":"Point","coordinates":[91.813301,22.249599]},"properties":{"icao_code":"VGEG","name":"","location":"","country":""}},{"type":"Feature","geometry":{"type":"Point","coordinates":[90.397783,23.843347]},"properties":{"icao_code":"VGHS","name":"","location":"","country":""}},{"type":"Feature","geometry":{"type":"Point","coordinates":[89.0494,24.1525]},"properties":{"icao_code":"VGIS","name":"","location":"","country":""}},{"type":"Feature","geometry":{"type":"Point","coordinates":[89.160797,23.1838]},"properties":{"icao_code":"VGJR","name":"","location":"","country":""}},{"type":"Feature","geometry":{"type":"Point","coordinates":[88.616501,24.437201]},"properties":{"icao_code":"VGRJ","name":"","location":"","country":""}},{"type":"Feature","geometry":{"type":"Point","coordinates":[88.908897,25.759199]},"properties":{"icao_code":"VGSD","name":"","location":"","country":""}},{"type":"Feature","geometry":{"type":"Point","coordinates":[91.864843,24.963832]},"properties":{"icao_code":"VGSY","name":"","location":"","country":""}},{"type":"Feature","geometry":{"type":"Point","coordinates":[113.915001,22.308901]},"properties":{"icao_code":"VHHH","name":"","location":"","country":""}},{"type":"Feature","geometry":{"type":"Point","coordinates":[114.080002,22.4366]},"properties":{"icao_code":"VHSK","name":"","location":"","country":""}},{"type":"Feature","geometry":{"type":"Point","coordinates":[77.960942,27.157683]},"properties":{"icao_code":"VIAG","name":"","location":"","country":""}},{"type":"Feature","geometry":{"type":"Point","coordinates":[81.733902,25.4401]},"properties":{"icao_code":"VEAB","name":"","location":"","country":""}},{"type":"Feature","geometry":{"type":"Point","coordinates":[74.797302,31.7096]},"properties":{"icao_code":"VIAR","name":"","location":"","country":""}},{"type":"Feature","geometry":{"type":"Point","coordinates":[73.207199,28.070601]},"properties":{"icao_code":"VIBK","name":"","location":"","country":""}},{"type":"Feature","geometry":{"type":"Point","coordinates":[77.154404,31.876699]},"properties":{"icao_code":"VIBR","name":"","location":"","country":""}},{"type":"Feature","geometry":{"type":"Point","coordinates":[74.755798,30.2701]},"properties":{"icao_code":"VIBT","name":"","location":"","country":""}},{"type":"Feature","geometry":{"type":"Point","coordinates":[79.450798,28.4221]},"properties":{"icao_code":"VIBY","name":"","location":"","country":""}},{"type":"Feature","geometry":{"type":"Point","coordinates":[76.788498,30.6735]},"properties":{"icao_code":"VICG","name":"","location":"","country":""}},{"type":"Feature","geometry":{"type":"Point","coordinates":[77.203563,28.585453]},"properties":{"icao_code":"VIDD","name":"","location":"","country":""}},{"type":"Feature","geometry":{"type":"Point","coordinates":[78.176651,30.189243]},"properties":{"icao_code":"VIDN","name":"","location":"","country":""}},{"type":"Feature","geometry":{"type":"Point","coordinates":[77.09519,28.55563]},"properties":{"icao_code":"VIDP","name":"","location":"","country":""}},{"type":"Feature","geometry":{"type":"Point","coordinates":[76.263018,32.164902]},"properties":{"icao_code":"VIGG","name":"","location":"","country":""}},{"type":"Feature","geometry":{"type":"Point","coordinates":[78.227798,26.293301]},"properties":{"icao_code":"VIGR","name":"","location":"","country":""}},{"type":"Feature","geometry":{"type":"Point","coordinates":[75.755302,29.179399]},"properties":{"icao_code":"VIHR","name":"","location":"","country":""}},{"type":"Feature","geometry":{"type":"Point","coordinates":[73.048897,26.251101]},"properties":{"icao_code":"VIJO","name":"","location":"","country":""}},{"type":"Feature","geometry":{"type":"Point","coordinates":[75.812202,26.8242]},"properties":{"icao_code":"VIJP","name":"","location":"","country":""}},{"type":"Feature","geometry":{"type":"Point","coordinates":[70.864998,26.8887]},"properties":{"icao_code":"VIJR","name":"","location":"","country":""}},{"type":"Feature","geometry":{"type":"Point","coordinates":[74.838152,32.688849]},"properties":{"icao_code":"VIJU","name":"","location":"","country":""}},{"type":"Feature","geometry":{"type":"Point","coordinates":[74.812956,26.591007]},"properties":{"icao_code":"VIKG","name":"","location":"","country":""}},{"type":"Feature","geometry":{"type":"Point","coordinates":[75.845596,25.1602]},"properties":{"icao_code":"VIKO","name":"","location":"","country":""}},{"type":"Feature","geometry":{"type":"Point","coordinates":[75.952599,30.8547]},"properties":{"icao_code":"VILD","name":"","location":"","country":""}},{"type":"Feature","geometry":{"type":"Point","coordinates":[77.546501,34.135899]},"properties":{"icao_code":"VILH","name":"","location":"","country":""}},{"type":"Feature","geometry":{"type":"Point","coordinates":[80.889297,26.760599]},"properties":{"icao_code":"VILK","name":"","location":"","country":""}},{"type":"Feature","geometry":{"type":"Point","coordinates":[75.634444,32.233611]},"properties":{"icao_code":"VIPK","name":"","location":"","country":""}},{"type":"Feature","geometry":{"type":"Point","coordinates":[79.473701,29.0334]},"properties":{"icao_code":"VIPT","name":"","location":"","country":""}},{"type":"Feature","geometry":{"type":"Point","coordinates":[74.7742,33.987099]},"properties":{"icao_code":"VISR","name":"","location":"","country":""}},{"type":"Feature","geometry":{"type":"Point","coordinates":[102.161003,19.897301]},"properties":{"icao_code":"VLLB","name":"","location":"","country":""}},{"type":"Feature","geometry":{"type":"Point","coordinates":[105.780998,15.1321]},"properties":{"icao_code":"VLPS","name":"","location":"","country":""}},{"type":"Feature","geometry":{"type":"Point","coordinates":[104.760002,16.556601]},"properties":{"icao_code":"VLSK","name":"","location":"","country":""}},{"type":"Feature","geometry":{"type":"Point","coordinates":[104.067001,20.4184]},"properties":{"icao_code":"VLSN","name":"","location":"","country":""}},{"type":"Feature","geometry":{"type":"Point","coordinates":[102.563004,17.9883]},"properties":{"icao_code":"VLVT","name":"","location":"","country":""}},{"type":"Feature","geometry":{"type":"Point","coordinates":[113.592003,22.149599]},"properties":{"icao_code":"VMMC","name":"","location":"","country":""}},{"type":"Feature","geometry":{"type":"Point","coordinates":[83.412594,27.505328]},"properties":{"icao_code":"VNBW","name":"","location":"","country":""}},{"type":"Feature","geometry":{"type":"Point","coordinates":[85.922401,26.708799]},"properties":{"icao_code":"VNJP","name":"","location":"","country":""}},{"type":"Feature","geometry":{"type":"Point","coordinates":[85.3591,27.6966]},"properties":{"icao_code":"VNKT","name":"","location":"","country":""}},{"type":"Feature","geometry":{"type":"Point","coordinates":[81.667,28.1036]},"properties":{"icao_code":"VNNG","name":"","location":"","country":""}},{"type":"Feature","geometry":{"type":"Point","coordinates":[83.981203,28.200621]},"properties":{"icao_code":"VNPK","name":"","location":"","country":""}},{"type":"Feature","geometry":{"type":"Point","coordinates":[87.69525,27.3509]},"properties":{"icao_code":"VNTJ","name":"","location":"","country":""}},{"type":"Feature","geometry":{"type":"Point","coordinates":[87.264,26.481501]},"properties":{"icao_code":"VNVT","name":"","location":"","country":""}},{"type":"Feature","geometry":{"type":"Point","coordinates":[72.176003,10.8237]},"properties":{"icao_code":"VOAT","name":"","location":"","country":""}},{"type":"Feature","geometry":{"type":"Point","coordinates":[76.882797,15.1628]},"properties":{"icao_code":"VOBI","name":"","location":"","country":""}},{"type":"Feature","geometry":{"type":"Point","coordinates":[77.706299,13.1979]},"properties":{"icao_code":"VOBL","name":"","location":"","country":""}},{"type":"Feature","geometry":{"type":"Point","coordinates":[77.487099,17.9081]},"properties":{"icao_code":"VOBR","name":"","location":"","country":""}},{"type":"Feature","geometry":{"type":"Point","coordinates":[80.796799,16.530399]},"properties":{"icao_code":"VOBZ","name":"","location":"","country":""}},{"type":"Feature","geometry":{"type":"Point","coordinates":[77.043404,11.03]},"properties":{"icao_code":"VOCB","name":"","location":"","country":""}},{"type":"Feature","geometry":{"type":"Point","coordinates":[76.400838,10.151047]},"properties":{"icao_code":"VOCI","name":"","location":"","country":""}},{"type":"Feature","geometry":{"type":"Point","coordinates":[75.955299,11.1368]},"properties":{"icao_code":"VOCL","name":"","location":"","country":""}},{"type":"Feature","geometry":{"type":"Point","coordinates":[78.769183,14.513154]},"properties":{"icao_code":"VOCP","name":"","location":"","country":""}},{"type":"Feature","geometry":{"type":"Point","coordinates":[92.819273,9.153056]},"properties":{"icao_code":"VOCX","name":"","location":"","country":""}},{"type":"Feature","geometry":{"type":"Point","coordinates":[73.860625,15.744257]},"properties":{"icao_code":"VOGA","name":"","location":"","country":""}},{"type":"Feature","geometry":{"type":"Point","coordinates":[73.831398,15.3808]},"properties":{"icao_code":"VOGO","name":"","location":"","country":""}},{"type":"Feature","geometry":{"type":"Point","coordinates":[78.429855,17.231318]},"properties":{"icao_code":"VOHS","name":"","location":"","country":""}},{"type":"Feature","geometry":{"type":"Point","coordinates":[78.467598,17.4531]},"properties":{"icao_code":"VOHY","name":"","location":"","country":""}},{"type":"Feature","geometry":{"type":"Point","coordinates":[75.547211,11.918614]},"properties":{"icao_code":"VOKN","name":"","location":"","country":""}},{"type":"Feature","geometry":{"type":"Point","coordinates":[78.16923,15.716288]},"properties":{"icao_code":"VOKU","name":"","location":"","country":""}},{"type":"Feature","geometry":{"type":"Point","coordinates":[78.093399,9.83451]},"properties":{"icao_code":"VOMD","name":"","location":"","country":""}},{"type":"Feature","geometry":{"type":"Point","coordinates":[74.890099,12.9613]},"properties":{"icao_code":"VOML","name":"","location":"","country":""}},{"type":"Feature","geometry":{"type":"Point","coordinates":[80.169296,12.990005]},"properties":{"icao_code":"VOMM","name":"","location":"","country":""}},{"type":"Feature","geometry":{"type":"Point","coordinates":[92.729643,11.641208]},"properties":{"icao_code":"VOPB","name":"","location":"","country":""}},{"type":"Feature","geometry":{"type":"Point","coordinates":[79.812,11.968]},"properties":{"icao_code":"VOPC","name":"","location":"","country":""}},{"type":"Feature","geometry":{"type":"Point","coordinates":[77.7911,14.1493]},"properties":{"icao_code":"VOPN","name":"","location":"","country":""}},{"type":"Feature","geometry":{"type":"Point","coordinates":[81.813204,17.105799]},"properties":{"icao_code":"VORY","name":"","location":"","country":""}},{"type":"Feature","geometry":{"type":"Point","coordinates":[78.065598,11.7833]},"properties":{"icao_code":"VOSM","name":"","location":"","country":""}},{"type":"Feature","geometry":{"type":"Point","coordinates":[78.71774,10.766223]},"properties":{"icao_code":"VOTR","name":"","location":"","country":""}},{"type":"Feature","geometry":{"type":"Point","coordinates":[76.920097,8.48212]},"properties":{"icao_code":"VOTV","name":"","location":"","country":""}},{"type":"Feature","geometry":{"type":"Point","coordinates":[90.46412,26.88456]},"properties":{"icao_code":"VQGP","name":"","location":"","country":""}},{"type":"Feature","geometry":{"type":"Point","coordinates":[89.424599,27.4032]},"properties":{"icao_code":"VQPR","name":"","location":"","country":""}},{"type":"Feature","geometry":{"type":"Point","coordinates":[73.151557,-0.692694]},"properties":{"icao_code":"VRMG","name":"","location":"","country":""}},{"type":"Feature","geometry":{"type":"Point","coordinates":[73.170502,6.74423]},"properties":{"icao_code":"VRMH","name":"","location":"","country":""}},{"type":"Feature","geometry":{"type":"Point","coordinates":[73.521896,1.85917]},"properties":{"icao_code":"VRMK","name":"","location":"","country":""}},{"type":"Feature","geometry":{"type":"Point","coordinates":[73.529099,4.19183]},"properties":{"icao_code":"VRMM","name":"","location":"","country":""}},{"type":"Feature","geometry":{"type":"Point","coordinates":[72.996902,0.488131]},"properties":{"icao_code":"VRMT","name":"","location":"","country":""}},{"type":"Feature","geometry":{"type":"Point","coordinates":[72.835833,3.470556]},"properties":{"icao_code":"VRMV","name":"","location":"","country":""}},{"type":"Feature","geometry":{"type":"Point","coordinates":[100.607002,13.9126]},"properties":{"icao_code":"VTBD","name":"","location":"","country":""}},{"type":"Feature","geometry":{"type":"Point","coordinates":[99.917198,14.102]},"properties":{"icao_code":"VTBK","name":"","location":"","country":""}},{"type":"Feature","geometry":{"type":"Point","coordinates":[100.663397,14.87462]},"properties":{"icao_code":"VTBL","name":"","location":"","country":""}},{"type":"Feature","geometry":{"type":"Point","coordinates":[102.319,12.2746]},"properties":{"icao_code":"VTBO","name":"","location":"","country":""}},{"type":"Feature","geometry":{"type":"Point","coordinates":[100.747002,13.6811]},"properties":{"icao_code":"VTBS","name":"","location":"","country":""}},{"type":"Feature","geometry":{"type":"Point","coordinates":[101.004997,12.6799]},"properties":{"icao_code":"VTBU","name":"","location":"","country":""}},{"type":"Feature","geometry":{"type":"Point","coordinates":[98.962601,18.7668]},"properties":{"icao_code":"VTCC","name":"","location":"","country":""}},{"type":"Feature","geometry":{"type":"Point","coordinates":[97.9758,19.3013]},"properties":{"icao_code":"VTCH","name":"","location":"","country":""}},{"type":"Feature","geometry":{"type":"Point","coordinates":[99.504204,18.270901]},"properties":{"icao_code":"VTCL","name":"","location":"","country":""}},{"type":"Feature","geometry":{"type":"Point","coordinates":[100.782997,18.807899]},"properties":{"icao_code":"VTCN","name":"","location":"","country":""}},{"type":"Feature","geometry":{"type":"Point","coordinates":[100.165001,18.1322]},"properties":{"icao_code":"VTCP","name":"","location":"","country":""}},{"type":"Feature","geometry":{"type":"Point","coordinates":[101.195,16.676001]},"properties":{"icao_code":"VTPB","name":"","location":"","country":""}},{"type":"Feature","geometry":{"type":"Point","coordinates":[99.9515,12.6362]},"properties":{"icao_code":"VTPH","name":"","location":"","country":""}},{"type":"Feature","geometry":{"type":"Point","coordinates":[100.295998,15.2773]},"properties":{"icao_code":"VTPI","name":"","location":"","country":""}},{"type":"Feature","geometry":{"type":"Point","coordinates":[98.545097,16.6999]},"properties":{"icao_code":"VTPM","name":"","location":"","country":""}},{"type":"Feature","geometry":{"type":"Point","coordinates":[99.818199,17.238001]},"properties":{"icao_code":"VTPO","name":"","location":"","country":""}},{"type":"Feature","geometry":{"type":"Point","coordinates":[100.278999,16.7829]},"properties":{"icao_code":"VTPP","name":"","location":"","country":""}},{"type":"Feature","geometry":{"type":"Point","coordinates":[99.253304,16.896]},"properties":{"icao_code":"VTPT","name":"","location":"","country":""}},{"type":"Feature","geometry":{"type":"Point","coordinates":[99.135597,9.1326]},"properties":{"icao_code":"VTSB","name":"","location":"","country":""}},{"type":"Feature","geometry":{"type":"Point","coordinates":[101.742996,6.51992]},"properties":{"icao_code":"VTSC","name":"","location":"","country":""}},{"type":"Feature","geometry":{"type":"Point","coordinates":[99.361702,10.7112]},"properties":{"icao_code":"VTSE","name":"","location":"","country":""}},{"type":"Feature","geometry":{"type":"Point","coordinates":[99.944702,8.53962]},"properties":{"icao_code":"VTSF","name":"","location":"","country":""}},{"type":"Feature","geometry":{"type":"Point","coordinates":[98.986198,8.09912]},"properties":{"icao_code":"VTSG","name":"","location":"","country":""}},{"type":"Feature","geometry":{"type":"Point","coordinates":[100.608002,7.18656]},"properties":{"icao_code":"VTSH","name":"","location":"","country":""}},{"type":"Feature","geometry":{"type":"Point","coordinates":[101.153999,6.78546]},"properties":{"icao_code":"VTSK","name":"","location":"","country":""}},{"type":"Feature","geometry":{"type":"Point","coordinates":[100.061996,9.54779]},"properties":{"icao_code":"VTSM","name":"","location":"","country":""}},{"type":"Feature","geometry":{"type":"Point","coordinates":[99.955597,8.47115]},"properties":{"icao_code":"VTSN","name":"","location":"","country":""}},{"type":"Feature","geometry":{"type":"Point","coordinates":[98.316902,8.1132]},"properties":{"icao_code":"VTSP","name":"","location":"","country":""}},{"type":"Feature","geometry":{"type":"Point","coordinates":[98.585503,9.77762]},"properties":{"icao_code":"VTSR","name":"","location":"","country":""}},{"type":"Feature","geometry":{"type":"Point","coordinates":[100.392998,6.93321]},"properties":{"icao_code":"VTSS","name":"","location":"","country":""}},{"type":"Feature","geometry":{"type":"Point","coordinates":[99.6166,7.50874]},"properties":{"icao_code":"VTST","name":"","location":"","country":""}},{"type":"Feature","geometry":{"type":"Point","coordinates":[102.788002,17.3864]},"properties":{"icao_code":"VTUD","name":"","location":"","country":""}},{"type":"Feature","geometry":{"type":"Point","coordinates":[104.119003,17.195101]},"properties":{"icao_code":"VTUI","name":"","location":"","country":""}},{"type":"Feature","geometry":{"type":"Point","coordinates":[103.498001,14.8683]},"properties":{"icao_code":"VTUJ","name":"","location":"","country":""}},{"type":"Feature","geometry":{"type":"Point","coordinates":[102.783997,16.4666]},"properties":{"icao_code":"VTUK","name":"","location":"","country":""}},{"type":"Feature","geometry":{"type":"Point","coordinates":[101.722,17.4391]},"properties":{"icao_code":"VTUL","name":"","location":"","country":""}},{"type":"Feature","geometry":{"type":"Point","coordinates":[103.252998,15.2295]},"properties":{"icao_code":"VTUO","name":"","location":"","country":""}},{"type":"Feature","geometry":{"type":"Point","coordinates":[102.313004,14.9495]},"properties":{"icao_code":"VTUQ","name":"","location":"","country":""}},{"type":"Feature","geometry":{"type":"Point","coordinates":[104.870003,15.2513]},"properties":{"icao_code":"VTUU","name":"","location":"","country":""}},{"type":"Feature","geometry":{"type":"Point","coordinates":[103.774002,16.1168]},"properties":{"icao_code":"VTUV","name":"","location":"","country":""}},{"type":"Feature","geometry":{"type":"Point","coordinates":[104.642998,17.383801]},"properties":{"icao_code":"VTUW","name":"","location":"","country":""}},{"type":"Feature","geometry":{"type":"Point","coordinates":[108.120003,12.6683]},"properties":{"icao_code":"VVBM","name":"","location":"","country":""}},{"type":"Feature","geometry":{"type":"Point","coordinates":[106.722994,20.81686]},"properties":{"icao_code":"VVCI","name":"","location":"","country":""}},{"type":"Feature","geometry":{"type":"Point","coordinates":[105.177778,9.177667]},"properties":{"icao_code":"VVCM","name":"","location":"","country":""}},{"type":"Feature","geometry":{"type":"Point","coordinates":[109.219002,11.9982]},"properties":{"icao_code":"VVCR","name":"","location":"","country":""}},{"type":"Feature","geometry":{"type":"Point","coordinates":[106.633003,8.73183]},"properties":{"icao_code":"VVCS","name":"","location":"","country":""}},{"type":"Feature","geometry":{"type":"Point","coordinates":[105.711998,10.0851]},"properties":{"icao_code":"VVCT","name":"","location":"","country":""}},{"type":"Feature","geometry":{"type":"Point","coordinates":[103.008003,21.397499]},"properties":{"icao_code":"VVDB","name":"","location":"","country":""}},{"type":"Feature","geometry":{"type":"Point","coordinates":[106.590556,17.515]},"properties":{"icao_code":"VVDH","name":"","location":"","country":""}},{"type":"Feature","geometry":{"type":"Point","coordinates":[108.366997,11.750556]},"properties":{"icao_code":"VVDL","name":"","location":"","country":""}},{"type":"Feature","geometry":{"type":"Point","coordinates":[108.198997,16.0439]},"properties":{"icao_code":"VVDN","name":"","location":"","country":""}},{"type":"Feature","geometry":{"type":"Point","coordinates":[105.806999,21.221201]},"properties":{"icao_code":"VVNB","name":"","location":"","country":""}},{"type":"Feature","geometry":{"type":"Point","coordinates":[107.703094,16.400628]},"properties":{"icao_code":"VVPB","name":"","location":"","country":""}},{"type":"Feature","geometry":{"type":"Point","coordinates":[109.042,13.955]},"properties":{"icao_code":"VVPC","name":"","location":"","country":""}},{"type":"Feature","geometry":{"type":"Point","coordinates":[108.016998,14.0045]},"properties":{"icao_code":"VVPK","name":"","location":"","country":""}},{"type":"Feature","geometry":{"type":"Point","coordinates":[103.9931,10.1698]},"properties":{"icao_code":"VVPQ","name":"","location":"","country":""}},{"type":"Feature","geometry":{"type":"Point","coordinates":[105.13238,9.95803]},"properties":{"icao_code":"VVRG","name":"","location":"","country":""}},{"type":"Feature","geometry":{"type":"Point","coordinates":[109.334,13.0496]},"properties":{"icao_code":"VVTH","name":"","location":"","country":""}},{"type":"Feature","geometry":{"type":"Point","coordinates":[106.652,10.8188]},"properties":{"icao_code":"VVTS","name":"","location":"","country":""}},{"type":"Feature","geometry":{"type":"Point","coordinates":[107.41539,21.120693]},"properties":{"icao_code":"VVVD","name":"","location":"","country":""}},{"type":"Feature","geometry":{"type":"Point","coordinates":[105.670998,18.7376]},"properties":{"icao_code":"VVVH","name":"","location":"","country":""}},{"type":"Feature","geometry":{"type":"Point","coordinates":[98.203598,14.1039]},"properties":{"icao_code":"VYDW","name":"","location":"","country":""}},{"type":"Feature","geometry":{"type":"Point","coordinates":[99.636002,21.3016]},"properties":{"icao_code":"VYKG","name":"","location":"","country":""}},{"type":"Feature","geometry":{"type":"Point","coordinates":[93.534798,19.426399]},"properties":{"icao_code":"VYKP","name":"","location":"","country":""}},{"type":"Feature","geometry":{"type":"Point","coordinates":[98.538002,10.0493]},"properties":{"icao_code":"VYKT","name":"","location":"","country":""}},{"type":"Feature","geometry":{"type":"Point","coordinates":[97.214798,19.6915]},"properties":{"icao_code":"VYLK","name":"","location":"","country":""}},{"type":"Feature","geometry":{"type":"Point","coordinates":[97.752197,22.9779]},"properties":{"icao_code":"VYLS","name":"","location":"","country":""}},{"type":"Feature","geometry":{"type":"Point","coordinates":[95.977898,21.7022]},"properties":{"icao_code":"VYMD","name":"","location":"","country":""}},{"type":"Feature","geometry":{"type":"Point","coordinates":[98.621498,12.4398]},"properties":{"icao_code":"VYME","name":"","location":"","country":""}},{"type":"Feature","geometry":{"type":"Point","coordinates":[97.351898,25.3836]},"properties":{"icao_code":"VYMK","name":"","location":"","country":""}},{"type":"Feature","geometry":{"type":"Point","coordinates":[96.645302,23.092501]},"properties":{"icao_code":"VYMO","name":"","location":"","country":""}},{"type":"Feature","geometry":{"type":"Point","coordinates":[99.256798,20.5168]},"properties":{"icao_code":"VYMS","name":"","location":"","country":""}},{"type":"Feature","geometry":{"type":"Point","coordinates":[97.735901,20.890499]},"properties":{"icao_code":"VYNS","name":"","location":"","country":""}},{"type":"Feature","geometry":{"type":"Point","coordinates":[96.200996,19.623501]},"properties":{"icao_code":"VYNT","name":"","location":"","country":""}},{"type":"Feature","geometry":{"type":"Point","coordinates":[97.4263,27.329901]},"properties":{"icao_code":"VYPT","name":"","location":"","country":""}},{"type":"Feature","geometry":{"type":"Point","coordinates":[92.870693,20.133165]},"properties":{"icao_code":"VYSW","name":"","location":"","country":""}},{"type":"Feature","geometry":{"type":"Point","coordinates":[94.300102,18.460699]},"properties":{"icao_code":"VYTD","name":"","location":"","country":""}},{"type":"Feature","geometry":{"type":"Point","coordinates":[99.935402,20.483801]},"properties":{"icao_code":"VYTL","name":"","location":"","country":""}},{"type":"Feature","geometry":{"type":"Point","coordinates":[96.133202,16.907301]},"properties":{"icao_code":"VYYY","name":"","location":"","country":""}},{"type":"Feature","geometry":{"type":"Point","coordinates":[119.554001,-5.06163]},"properties":{"icao_code":"WAAA","name":"","location":"","country":""}},{"type":"Feature","geometry":{"type":"Point","coordinates":[136.108002,-1.19002]},"properties":{"icao_code":"WABB","name":"","location":"","country":""}},{"type":"Feature","geometry":{"type":"Point","coordinates":[135.393071,-3.397973]},"properties":{"icao_code":"WABI","name":"","location":"","country":""}},{"type":"Feature","geometry":{"type":"Point","coordinates":[136.062402,-1.82842]},"properties":{"icao_code":"WABO","name":"","location":"","country":""}},{"type":"Feature","geometry":{"type":"Point","coordinates":[115.167123,-8.748409]},"properties":{"icao_code":"WADD","name":"","location":"","country":""}},{"type":"Feature","geometry":{"type":"Point","coordinates":[116.278169,-8.759962]},"properties":{"icao_code":"WADL","name":"","location":"","country":""}},{"type":"Feature","geometry":{"type":"Point","coordinates":[127.381611,0.831012]},"properties":{"icao_code":"WAEE","name":"","location":"","country":""}},{"type":"Feature","geometry":{"type":"Point","coordinates":[119.91775,-3.185833]},"properties":{"icao_code":"WAFB","name":"","location":"","country":""}},{"type":"Feature","geometry":{"type":"Point","coordinates":[119.908647,-0.916462]},"properties":{"icao_code":"WAFF","name":"","location":"","country":""}},{"type":"Feature","geometry":{"type":"Point","coordinates":[122.773934,-1.035893]},"properties":{"icao_code":"WAFW","name":"","location":"","country":""}},{"type":"Feature","geometry":{"type":"Point","coordinates":[113.943388,-2.227146]},"properties":{"icao_code":"WAGG","name":"","location":"","country":""}},{"type":"Feature","geometry":{"type":"Point","coordinates":[110.057264,-7.905338]},"properties":{"icao_code":"WAHI","name":"","location":"","country":""}},{"type":"Feature","geometry":{"type":"Point","coordinates":[109.033997,-7.64506]},"properties":{"icao_code":"WAHL","name":"","location":"","country":""}},{"type":"Feature","geometry":{"type":"Point","coordinates":[140.519857,-2.579627]},"properties":{"icao_code":"WAJJ","name":"","location":"","country":""}},{"type":"Feature","geometry":{"type":"Point","coordinates":[140.6277,-4.9071]},"properties":{"icao_code":"WAJO","name":"","location":"","country":""}},{"type":"Feature","geometry":{"type":"Point","coordinates":[140.419693,-8.523898]},"properties":{"icao_code":"WAKK","name":"","location":"","country":""}},{"type":"Feature","geometry":{"type":"Point","coordinates":[140.303521,-6.09669]},"properties":{"icao_code":"WAKT","name":"","location":"","country":""}},{"type":"Feature","geometry":{"type":"Point","coordinates":[116.89452,-1.268342]},"properties":{"icao_code":"WALL","name":"","location":"","country":""}},{"type":"Feature","geometry":{"type":"Point","coordinates":[117.564169,3.325145]},"properties":{"icao_code":"WAQQ","name":"","location":"","country":""}},{"type":"Feature","geometry":{"type":"Point","coordinates":[117.250128,-0.374478]},"properties":{"icao_code":"WALS","name":"","location":"","country":""}},{"type":"Feature","geometry":{"type":"Point","coordinates":[125.527162,3.68478]},"properties":{"icao_code":"WAMH","name":"","location":"","country":""}},{"type":"Feature","geometry":{"type":"Point","coordinates":[124.926319,1.549266]},"properties":{"icao_code":"WAMM","name":"","location":"","country":""}},{"type":"Feature","geometry":{"type":"Point","coordinates":[115.435997,-2.21656]},"properties":{"icao_code":"WAON","name":"","location":"","country":""}},{"type":"Feature","geometry":{"type":"Point","coordinates":[114.763,-3.44236]},"properties":{"icao_code":"WAOO","name":"","location":"","country":""}},{"type":"Feature","geometry":{"type":"Point","coordinates":[132.759444,-5.760278]},"properties":{"icao_code":"WAPF","name":"","location":"","country":""}},{"type":"Feature","geometry":{"type":"Point","coordinates":[126.976469,-3.143159]},"properties":{"icao_code":"WAPN","name":"","location":"","country":""}},{"type":"Feature","geometry":{"type":"Point","coordinates":[128.089005,-3.71026]},"properties":{"icao_code":"WAPP","name":"","location":"","country":""}},{"type":"Feature","geometry":{"type":"Point","coordinates":[117.430705,2.14776]},"properties":{"icao_code":"WAQT","name":"","location":"","country":""}},{"type":"Feature","geometry":{"type":"Point","coordinates":[112.714233,-7.929099]},"properties":{"icao_code":"WARA","name":"","location":"","country":""}},{"type":"Feature","geometry":{"type":"Point","coordinates":[110.431999,-7.78818]},"properties":{"icao_code":"WAHH","name":"","location":"","country":""}},{"type":"Feature","geometry":{"type":"Point","coordinates":[110.757492,-7.516044]},"properties":{"icao_code":"WAHQ","name":"","location":"","country":""}},{"type":"Feature","geometry":{"type":"Point","coordinates":[112.787003,-7.37983]},"properties":{"icao_code":"WARR","name":"","location":"","country":""}},{"type":"Feature","geometry":{"type":"Point","coordinates":[110.373244,-6.970732]},"properties":{"icao_code":"WAHS","name":"","location":"","country":""}},{"type":"Feature","geometry":{"type":"Point","coordinates":[132.267011,-2.920508]},"properties":{"icao_code":"WASF","name":"","location":"","country":""}},{"type":"Feature","geometry":{"type":"Point","coordinates":[133.695116,-3.6446]},"properties":{"icao_code":"WASK","name":"","location":"","country":""}},{"type":"Feature","geometry":{"type":"Point","coordinates":[133.438995,-2.53224]},"properties":{"icao_code":"WASO","name":"","location":"","country":""}},{"type":"Feature","geometry":{"type":"Point","coordinates":[134.048996,-0.891833]},"properties":{"icao_code":"WAUU","name":"","location":"","country":""}},{"type":"Feature","geometry":{"type":"Point","coordinates":[131.287,-0.894]},"properties":{"icao_code":"WASS","name":"","location":"","country":""}},{"type":"Feature","geometry":{"type":"Point","coordinates":[138.952417,-4.097324]},"properties":{"icao_code":"WAVV","name":"","location":"","country":""}},{"type":"Feature","geometry":{"type":"Point","coordinates":[123.634,-5.293996]},"properties":{"icao_code":"WAWD","name":"","location":"","country":""}},{"type":"Feature","geometry":{"type":"Point","coordinates":[121.524047,-4.338158]},"properties":{"icao_code":"WAWP","name":"","location":"","country":""}},{"type":"Feature","geometry":{"type":"Point","coordinates":[113.019997,3.12385]},"properties":{"icao_code":"WBGB","name":"","location":"","country":""}},{"type":"Feature","geometry":{"type":"Point","coordinates":[110.352859,1.487364]},"properties":{"icao_code":"WBGG","name":"","location":"","country":""}},{"type":"Feature","geometry":{"type":"Point","coordinates":[115.010002,4.8083]},"properties":{"icao_code":"WBGJ","name":"","location":"","country":""}},{"type":"Feature","geometry":{"type":"Point","coordinates":[112.043333,2.881944]},"properties":{"icao_code":"WBGK","name":"","location":"","country":""}},{"type":"Feature","geometry":{"type":"Point","coordinates":[114.330318,4.178734]},"properties":{"icao_code":"WBGM","name":"","location":"","country":""}},{"type":"Feature","geometry":{"type":"Point","coordinates":[113.987,4.32201]},"properties":{"icao_code":"WBGR","name":"","location":"","country":""}},{"type":"Feature","geometry":{"type":"Point","coordinates":[111.985001,2.2616]},"properties":{"icao_code":"WBGS","name":"","location":"","country":""}},{"type":"Feature","geometry":{"type":"Point","coordinates":[115.478548,3.734648]},"properties":{"icao_code":"WBGZ","name":"","location":"","country":""}},{"type":"Feature","geometry":{"type":"Point","coordinates":[118.32376,5.03241]},"properties":{"icao_code":"WBKD","name":"","location":"","country":""}},{"type":"Feature","geometry":{"type":"Point","coordinates":[116.049324,5.932743]},"properties":{"icao_code":"WBKK","name":"","location":"","country":""}},{"type":"Feature","geometry":{"type":"Point","coordinates":[115.248333,5.301667]},"properties":{"icao_code":"WBKL","name":"","location":"","country":""}},{"type":"Feature","geometry":{"type":"Point","coordinates":[118.058998,5.9009]},"properties":{"icao_code":"WBKS","name":"","location":"","country":""}},{"type":"Feature","geometry":{"type":"Point","coordinates":[118.12152,4.31338]},"properties":{"icao_code":"WBKW","name":"","location":"","country":""}},{"type":"Feature","geometry":{"type":"Point","coordinates":[114.805,4.04833]},"properties":{"icao_code":"WBMU","name":"","location":"","country":""}},{"type":"Feature","geometry":{"type":"Point","coordinates":[114.928001,4.9442]},"properties":{"icao_code":"WBSB","name":"","location":"","country":""}},{"type":"Feature","geometry":{"type":"Point","coordinates":[101.444321,0.458647]},"properties":{"icao_code":"WIBB","name":"","location":"","country":""}},{"type":"Feature","geometry":{"type":"Point","coordinates":[101.433492,1.609114]},"properties":{"icao_code":"WIBD","name":"","location":"","country":""}},{"type":"Feature","geometry":{"type":"Point","coordinates":[102.334999,-0.352808]},"properties":{"icao_code":"WIBJ","name":"","location":"","country":""}},{"type":"Feature","geometry":{"type":"Point","coordinates":[108.166692,-6.648924]},"properties":{"icao_code":"WICA","name":"","location":"","country":""}},{"type":"Feature","geometry":{"type":"Point","coordinates":[107.575996,-6.90063]},"properties":{"icao_code":"WICC","name":"","location":"","country":""}},{"type":"Feature","geometry":{"type":"Point","coordinates":[104.119003,1.12103]},"properties":{"icao_code":"WIDD","name":"","location":"","country":""}},{"type":"Feature","geometry":{"type":"Point","coordinates":[106.890999,-6.26661]},"properties":{"icao_code":"WIHH","name":"","location":"","country":""}},{"type":"Feature","geometry":{"type":"Point","coordinates":[106.655998,-6.12557]},"properties":{"icao_code":"WIII","name":"","location":"","country":""}},{"type":"Feature","geometry":{"type":"Point","coordinates":[105.182531,-5.246803]},"properties":{"icao_code":"WILL","name":"","location":"","country":""}},{"type":"Feature","geometry":{"type":"Point","coordinates":[97.704327,1.16628]},"properties":{"icao_code":"WIMB","name":"","location":"","country":""}},{"type":"Feature","geometry":{"type":"Point","coordinates":[99.430496,1.4001]},"properties":{"icao_code":"WIME","name":"","location":"","country":""}},{"type":"Feature","geometry":{"type":"Point","coordinates":[98.672275,3.558425]},"properties":{"icao_code":"WIMK","name":"","location":"","country":""}},{"type":"Feature","geometry":{"type":"Point","coordinates":[98.870566,3.637847]},"properties":{"icao_code":"WIMM","name":"","location":"","country":""}},{"type":"Feature","geometry":{"type":"Point","coordinates":[98.887145,1.557127]},"properties":{"icao_code":"WIMS","name":"","location":"","country":""}},{"type":"Feature","geometry":{"type":"Point","coordinates":[111.746155,-0.34864]},"properties":{"icao_code":"WIOG","name":"","location":"","country":""}},{"type":"Feature","geometry":{"type":"Point","coordinates":[109.963469,-1.817165]},"properties":{"icao_code":"WIOK","name":"","location":"","country":""}},{"type":"Feature","geometry":{"type":"Point","coordinates":[109.403999,-0.150711]},"properties":{"icao_code":"WIOO","name":"","location":"","country":""}},{"type":"Feature","geometry":{"type":"Point","coordinates":[112.940217,0.834579]},"properties":{"icao_code":"WIOP","name":"","location":"","country":""}},{"type":"Feature","geometry":{"type":"Point","coordinates":[111.458049,-0.045214]},"properties":{"icao_code":"WIOS","name":"","location":"","country":""}},{"type":"Feature","geometry":{"type":"Point","coordinates":[106.139,-2.1622]},"properties":{"icao_code":"WIKK","name":"","location":"","country":""}},{"type":"Feature","geometry":{"type":"Point","coordinates":[102.338997,-3.8637]},"properties":{"icao_code":"WIGG","name":"","location":"","country":""}},{"type":"Feature","geometry":{"type":"Point","coordinates":[104.698147,-2.897653]},"properties":{"icao_code":"WIPP","name":"","location":"","country":""}},{"type":"Feature","geometry":{"type":"Point","coordinates":[103.879997,-3.28607]},"properties":{"icao_code":"WIPQ","name":"","location":"","country":""}},{"type":"Feature","geometry":{"type":"Point","coordinates":[100.280998,-0.786917]},"properties":{"icao_code":"WIEE","name":"","location":"","country":""}},{"type":"Feature","geometry":{"type":"Point","coordinates":[96.253312,4.040998]},"properties":{"icao_code":"WITC","name":"","location":"","country":""}},{"type":"Feature","geometry":{"type":"Point","coordinates":[96.851943,4.72113]},"properties":{"icao_code":"WITK","name":"","location":"","country":""}},{"type":"Feature","geometry":{"type":"Point","coordinates":[97.259201,5.06951]},"properties":{"icao_code":"WITL","name":"","location":"","country":""}},{"type":"Feature","geometry":{"type":"Point","coordinates":[95.41997,5.525087]},"properties":{"icao_code":"WITT","name":"","location":"","country":""}},{"type":"Feature","geometry":{"type":"Point","coordinates":[104.160004,2.81818]},"properties":{"icao_code":"WMBT","name":"","location":"","country":""}},{"type":"Feature","geometry":{"type":"Point","coordinates":[100.398003,6.18967]},"properties":{"icao_code":"WMKA","name":"","location":"","country":""}},{"type":"Feature","geometry":{"type":"Point","coordinates":[100.390999,5.46592]},"properties":{"icao_code":"WMKB","name":"","location":"","country":""}},{"type":"Feature","geometry":{"type":"Point","coordinates":[102.292999,6.16685]},"properties":{"icao_code":"WMKC","name":"","location":"","country":""}},{"type":"Feature","geometry":{"type":"Point","coordinates":[103.209,3.77539]},"properties":{"icao_code":"WMKD","name":"","location":"","country":""}},{"type":"Feature","geometry":{"type":"Point","coordinates":[103.427002,4.53722]},"properties":{"icao_code":"WMKE","name":"","location":"","country":""}},{"type":"Feature","geometry":{"type":"Point","coordinates":[101.092003,4.56797]},"properties":{"icao_code":"WMKI","name":"","location":"","country":""}},{"type":"Feature","geometry":{"type":"Point","coordinates":[103.669998,1.64131]},"properties":{"icao_code":"WMKJ","name":"","location":"","country":""}},{"type":"Feature","geometry":{"type":"Point","coordinates":[101.709999,2.74558]},"properties":{"icao_code":"WMKK","name":"","location":"","country":""}},{"type":"Feature","geometry":{"type":"Point","coordinates":[99.728699,6.32973]},"properties":{"icao_code":"WMKL","name":"","location":"","country":""}},{"type":"Feature","geometry":{"type":"Point","coordinates":[102.252778,2.265613]},"properties":{"icao_code":"WMKM","name":"","location":"","country":""}},{"type":"Feature","geometry":{"type":"Point","coordinates":[103.102997,5.38264]},"properties":{"icao_code":"WMKN","name":"","location":"","country":""}},{"type":"Feature","geometry":{"type":"Point","coordinates":[100.277,5.29714]},"properties":{"icao_code":"WMKP","name":"","location":"","country":""}},{"type":"Feature","geometry":{"type":"Point","coordinates":[101.549004,3.13058]},"properties":{"icao_code":"WMSA","name":"","location":"","country":""}},{"type":"Feature","geometry":{"type":"Point","coordinates":[125.287003,-9.30331]},"properties":{"icao_code":"WPDB","name":"","location":"","country":""}},{"type":"Feature","geometry":{"type":"Point","coordinates":[125.524507,-8.546562]},"properties":{"icao_code":"WPDL","name":"","location":"","country":""}},{"type":"Feature","geometry":{"type":"Point","coordinates":[126.399981,-8.486479]},"properties":{"icao_code":"WPEC","name":"","location":"","country":""}},{"type":"Feature","geometry":{"type":"Point","coordinates":[124.343002,-9.19806]},"properties":{"icao_code":"WPOC","name":"","location":"","country":""}},{"type":"Feature","geometry":{"type":"Point","coordinates":[103.910004,1.36042]},"properties":{"icao_code":"WSAP","name":"","location":"","country":""}},{"type":"Feature","geometry":{"type":"Point","coordinates":[103.708291,1.387561]},"properties":{"icao_code":"WSAT","name":"","location":"","country":""}},{"type":"Feature","geometry":{"type":"Point","coordinates":[103.86673,1.41555]},"properties":{"icao_code":"WSSL","name":"","location":"","country":""}},{"type":"Feature","geometry":{"type":"Point","coordinates":[103.994003,1.35019]},"properties":{"icao_code":"WSSS","name":"","location":"","country":""}},{"type":"Feature","geometry":{"type":"Point","coordinates":[12,10]},"properties":{"icao_code":"CCAA","name":"","location":"","country":""}},{"type":"Feature","geometry":{"type":"Point","coordinates":[117.808998,-34.943298]},"properties":{"icao_code":"YABA","name":"","location":"","country":""}},{"type":"Feature","geometry":{"type":"Point","coordinates":[152.713688,-27.640976]},"properties":{"icao_code":"YAMB","name":"","location":"","country":""}},{"type":"Feature","geometry":{"type":"Point","coordinates":[142.988688,-37.309978]},"properties":{"icao_code":"YARA","name":"","location":"","country":""}},{"type":"Feature","geometry":{"type":"Point","coordinates":[151.617004,-30.528099]},"properties":{"icao_code":"YARM","name":"","location":"","country":""}},{"type":"Feature","geometry":{"type":"Point","coordinates":[130.97703,-25.185913]},"properties":{"icao_code":"YAYE","name":"","location":"","country":""}},{"type":"Feature","geometry":{"type":"Point","coordinates":[145.302086,-23.566268]},"properties":{"icao_code":"YBAR","name":"","location":"","country":""}},{"type":"Feature","geometry":{"type":"Point","coordinates":[133.903427,-23.806588]},"properties":{"icao_code":"YBAS","name":"","location":"","country":""}},{"type":"Feature","geometry":{"type":"Point","coordinates":[153.117004,-27.384199]},"properties":{"icao_code":"YBBN","name":"","location":"","country":""}},{"type":"Feature","geometry":{"type":"Point","coordinates":[153.506641,-28.165962]},"properties":{"icao_code":"YBCG","name":"","location":"","country":""}},{"type":"Feature","geometry":{"type":"Point","coordinates":[145.429716,-24.431678]},"properties":{"icao_code":"YBCK","name":"","location":"","country":""}},{"type":"Feature","geometry":{"type":"Point","coordinates":[145.74948,-16.878921]},"properties":{"icao_code":"YBCS","name":"","location":"","country":""}},{"type":"Feature","geometry":{"type":"Point","coordinates":[146.261993,-26.4133]},"properties":{"icao_code":"YBCV","name":"","location":"","country":""}},{"type":"Feature","geometry":{"type":"Point","coordinates":[139.348007,-25.897499]},"properties":{"icao_code":"YBDV","name":"","location":"","country":""}},{"type":"Feature","geometry":{"type":"Point","coordinates":[141.472,-32.0014]},"properties":{"icao_code":"YBHI","name":"","location":"","country":""}},{"type":"Feature","geometry":{"type":"Point","coordinates":[148.951996,-20.358101]},"properties":{"icao_code":"YBHM","name":"","location":"","country":""}},{"type":"Feature","geometry":{"type":"Point","coordinates":[139.460007,-24.3461]},"properties":{"icao_code":"YBIE","name":"","location":"","country":""}},{"type":"Feature","geometry":{"type":"Point","coordinates":[145.951996,-30.0392]},"properties":{"icao_code":"YBKE","name":"","location":"","country":""}},{"type":"Feature","geometry":{"type":"Point","coordinates":[146.007004,-36.551899]},"properties":{"icao_code":"YBLA","name":"","location":"","country":""}},{"type":"Feature","geometry":{"type":"Point","coordinates":[139.488468,-20.66638]},"properties":{"icao_code":"YBMA","name":"","location":"","country":""}},{"type":"Feature","geometry":{"type":"Point","coordinates":[149.182588,-21.170816]},"properties":{"icao_code":"YBMK","name":"","location":"","country":""}},{"type":"Feature","geometry":{"type":"Point","coordinates":[153.561471,-28.833236]},"properties":{"icao_code":"YBNA","name":"","location":"","country":""}},{"type":"Feature","geometry":{"type":"Point","coordinates":[147.569379,-37.887539]},"properties":{"icao_code":"YBNS","name":"","location":"","country":""}},{"type":"Feature","geometry":{"type":"Point","coordinates":[151.736727,-27.409262]},"properties":{"icao_code":"YBOK","name":"","location":"","country":""}},{"type":"Feature","geometry":{"type":"Point","coordinates":[139.899994,-22.9133]},"properties":{"icao_code":"YBOU","name":"","location":"","country":""}},{"type":"Feature","geometry":{"type":"Point","coordinates":[148.553583,-20.494416]},"properties":{"icao_code":"YBPN","name":"","location":"","country":""}},{"type":"Feature","geometry":{"type":"Point","coordinates":[150.475359,-23.380019]},"properties":{"icao_code":"YBRK","name":"","location":"","country":""}},{"type":"Feature","geometry":{"type":"Point","coordinates":[122.227407,-17.948789]},"properties":{"icao_code":"YBRM","name":"","location":"","country":""}},{"type":"Feature","geometry":{"type":"Point","coordinates":[143.577114,-34.624834]},"properties":{"icao_code":"YBRN","name":"","location":"","country":""}},{"type":"Feature","geometry":{"type":"Point","coordinates":[146.81438,-29.975792]},"properties":{"icao_code":"YBRW","name":"","location":"","country":""}},{"type":"Feature","geometry":{"type":"Point","coordinates":[153.08319,-26.593324]},"properties":{"icao_code":"YBSU","name":"","location":"","country":""}},{"type":"Feature","geometry":{"type":"Point","coordinates":[149.651161,-33.406817]},"properties":{"icao_code":"YBTH","name":"","location":"","country":""}},{"type":"Feature","geometry":{"type":"Point","coordinates":[130.615774,-11.764966]},"properties":{"icao_code":"YBTI","name":"","location":"","country":""}},{"type":"Feature","geometry":{"type":"Point","coordinates":[146.766512,-19.252904]},"properties":{"icao_code":"YBTL","name":"","location":"","country":""}},{"type":"Feature","geometry":{"type":"Point","coordinates":[148.807007,-23.6031]},"properties":{"icao_code":"YBTR","name":"","location":"","country":""}},{"type":"Feature","geometry":{"type":"Point","coordinates":[152.322612,-24.905039]},"properties":{"icao_code":"YBUD","name":"","location":"","country":""}},{"type":"Feature","geometry":{"type":"Point","coordinates":[141.922618,-12.677493]},"properties":{"icao_code":"YBWP","name":"","location":"","country":""}},{"type":"Feature","geometry":{"type":"Point","coordinates":[151.793335,-27.558332]},"properties":{"icao_code":"YBWW","name":"","location":"","country":""}},{"type":"Feature","geometry":{"type":"Point","coordinates":[113.670752,-24.880091]},"properties":{"icao_code":"YCAR","name":"","location":"","country":""}},{"type":"Feature","geometry":{"type":"Point","coordinates":[145.794006,-31.5383]},"properties":{"icao_code":"YCBA","name":"","location":"","country":""}},{"type":"Feature","geometry":{"type":"Point","coordinates":[149.266998,-31.3325]},"properties":{"icao_code":"YCBB","name":"","location":"","country":""}},{"type":"Feature","geometry":{"type":"Point","coordinates":[134.722166,-29.038312]},"properties":{"icao_code":"YCBP","name":"","location":"","country":""}},{"type":"Feature","geometry":{"type":"Point","coordinates":[150.617571,-26.771947]},"properties":{"icao_code":"YCCA","name":"","location":"","country":""}},{"type":"Feature","geometry":{"type":"Point","coordinates":[140.503998,-20.6686]},"properties":{"icao_code":"YCCY","name":"","location":"","country":""}},{"type":"Feature","geometry":{"type":"Point","coordinates":[133.710007,-32.1306]},"properties":{"icao_code":"YCDU","name":"","location":"","country":""}},{"type":"Feature","geometry":{"type":"Point","coordinates":[136.505005,-33.709702]},"properties":{"icao_code":"YCEE","name":"","location":"","country":""}},{"type":"Feature","geometry":{"type":"Point","coordinates":[153.115997,-30.320601]},"properties":{"icao_code":"YCFS","name":"","location":"","country":""}},{"type":"Feature","geometry":{"type":"Point","coordinates":[123.828449,-17.580458]},"properties":{"icao_code":"YCIN","name":"","location":"","country":""}},{"type":"Feature","geometry":{"type":"Point","coordinates":[145.183221,-15.443649]},"properties":{"icao_code":"YCKN","name":"","location":"","country":""}},{"type":"Feature","geometry":{"type":"Point","coordinates":[147.621002,-22.7731]},"properties":{"icao_code":"YCMT","name":"","location":"","country":""}},{"type":"Feature","geometry":{"type":"Point","coordinates":[145.621994,-28.030001]},"properties":{"icao_code":"YCMU","name":"","location":"","country":""}},{"type":"Feature","geometry":{"type":"Point","coordinates":[148.377833,-30.980946]},"properties":{"icao_code":"YCNM","name":"","location":"","country":""}},{"type":"Feature","geometry":{"type":"Point","coordinates":[143.113311,-13.761133]},"properties":{"icao_code":"YCOE","name":"","location":"","country":""}},{"type":"Feature","geometry":{"type":"Point","coordinates":[148.972408,-36.300445]},"properties":{"icao_code":"YCOM","name":"","location":"","country":""}},{"type":"Feature","geometry":{"type":"Point","coordinates":[146.356995,-35.994701]},"properties":{"icao_code":"YCOR","name":"","location":"","country":""}},{"type":"Feature","geometry":{"type":"Point","coordinates":[147.888,-36.1828]},"properties":{"icao_code":"YCRG","name":"","location":"","country":""}},{"type":"Feature","geometry":{"type":"Point","coordinates":[148.036641,-34.624283]},"properties":{"icao_code":"YCTM","name":"","location":"","country":""}},{"type":"Feature","geometry":{"type":"Point","coordinates":[148.648007,-33.846894]},"properties":{"icao_code":"YCWR","name":"","location":"","country":""}},{"type":"Feature","geometry":{"type":"Point","coordinates":[148.217161,-28.587912]},"properties":{"icao_code":"YDBI","name":"","location":"","country":""}},{"type":"Feature","geometry":{"type":"Point","coordinates":[123.66221,-17.37193]},"properties":{"icao_code":"YDBY","name":"","location":"","country":""}},{"type":"Feature","geometry":{"type":"Point","coordinates":[144.945999,-35.559399]},"properties":{"icao_code":"YDLQ","name":"","location":"","country":""}},{"type":"Feature","geometry":{"type":"Point","coordinates":[146.429993,-41.169701]},"properties":{"icao_code":"YDPO","name":"","location":"","country":""}},{"type":"Feature","geometry":{"type":"Point","coordinates":[148.363998,-22.6222]},"properties":{"icao_code":"YDYS","name":"","location":"","country":""}},{"type":"Feature","geometry":{"type":"Point","coordinates":[144.761993,-36.1572]},"properties":{"icao_code":"YECH","name":"","location":"","country":""}},{"type":"Feature","geometry":{"type":"Point","coordinates":[135.570999,-12.0194]},"properties":{"icao_code":"YELD","name":"","location":"","country":""}},{"type":"Feature","geometry":{"type":"Point","coordinates":[148.179001,-23.567499]},"properties":{"icao_code":"YEML","name":"","location":"","country":""}},{"type":"Feature","geometry":{"type":"Point","coordinates":[121.822998,-33.684399]},"properties":{"icao_code":"YESP","name":"","location":"","country":""}},{"type":"Feature","geometry":{"type":"Point","coordinates":[147.934998,-33.363602]},"properties":{"icao_code":"YFBS","name":"","location":"","country":""}},{"type":"Feature","geometry":{"type":"Point","coordinates":[128.112811,-30.83662]},"properties":{"icao_code":"YFRT","name":"","location":"","country":""}},{"type":"Feature","geometry":{"type":"Point","coordinates":[125.559783,-18.183596]},"properties":{"icao_code":"YFTZ","name":"","location":"","country":""}},{"type":"Feature","geometry":{"type":"Point","coordinates":[150.248981,-30.957511]},"properties":{"icao_code":"YGDH","name":"","location":"","country":""}},{"type":"Feature","geometry":{"type":"Point","coordinates":[114.707001,-28.796101]},"properties":{"icao_code":"YGEL","name":"","location":"","country":""}},{"type":"Feature","geometry":{"type":"Point","coordinates":[153.031234,-29.754795]},"properties":{"icao_code":"YGFN","name":"","location":"","country":""}},{"type":"Feature","geometry":{"type":"Point","coordinates":[151.225439,-23.869763]},"properties":{"icao_code":"YGLA","name":"","location":"","country":""}},{"type":"Feature","geometry":{"type":"Point","coordinates":[149.725998,-34.810299]},"properties":{"icao_code":"YGLB","name":"","location":"","country":""}},{"type":"Feature","geometry":{"type":"Point","coordinates":[151.691156,-29.676029]},"properties":{"icao_code":"YGLI","name":"","location":"","country":""}},{"type":"Feature","geometry":{"type":"Point","coordinates":[130.425568,-11.399686]},"properties":{"icao_code":"YGPT","name":"","location":"","country":""}},{"type":"Feature","geometry":{"type":"Point","coordinates":[136.458553,-13.972405]},"properties":{"icao_code":"YGTE","name":"","location":"","country":""}},{"type":"Feature","geometry":{"type":"Point","coordinates":[146.067001,-34.250801]},"properties":{"icao_code":"YGTH","name":"","location":"","country":""}},{"type":"Feature","geometry":{"type":"Point","coordinates":[144.830002,-34.531399]},"properties":{"icao_code":"YHAY","name":"","location":"","country":""}},{"type":"Feature","geometry":{"type":"Point","coordinates":[152.880662,-25.320127]},"properties":{"icao_code":"YHBA","name":"","location":"","country":""}},{"type":"Feature","geometry":{"type":"Point","coordinates":[142.292653,-10.585628]},"properties":{"icao_code":"YHID","name":"","location":"","country":""}},{"type":"Feature","geometry":{"type":"Point","coordinates":[127.669998,-18.2339]},"properties":{"icao_code":"YHLC","name":"","location":"","country":""}},{"type":"Feature","geometry":{"type":"Point","coordinates":[142.065002,-37.648899]},"properties":{"icao_code":"YHML","name":"","location":"","country":""}},{"type":"Feature","geometry":{"type":"Point","coordinates":[147.334,-37.047501]},"properties":{"icao_code":"YHOT","name":"","location":"","country":""}},{"type":"Feature","geometry":{"type":"Point","coordinates":[142.360001,-35.715302]},"properties":{"icao_code":"YHPN","name":"","location":"","country":""}},{"type":"Feature","geometry":{"type":"Point","coordinates":[142.173004,-36.669701]},"properties":{"icao_code":"YHSM","name":"","location":"","country":""}},{"type":"Feature","geometry":{"type":"Point","coordinates":[151.143997,-29.8883]},"properties":{"icao_code":"YIVL","name":"","location":"","country":""}},{"type":"Feature","geometry":{"type":"Point","coordinates":[143.938995,-35.7514]},"properties":{"icao_code":"YKER","name":"","location":"","country":""}},{"type":"Feature","geometry":{"type":"Point","coordinates":[143.878006,-39.877499]},"properties":{"icao_code":"YKII","name":"","location":"","country":""}},{"type":"Feature","geometry":{"type":"Point","coordinates":[152.765313,-31.07232]},"properties":{"icao_code":"YKMP","name":"","location":"","country":""}},{"type":"Feature","geometry":{"type":"Point","coordinates":[141.752572,-15.485369]},"properties":{"icao_code":"YKOW","name":"","location":"","country":""}},{"type":"Feature","geometry":{"type":"Point","coordinates":[151.839927,-26.581077]},"properties":{"icao_code":"YKRY","name":"","location":"","country":""}},{"type":"Feature","geometry":{"type":"Point","coordinates":[137.520996,-35.713902]},"properties":{"icao_code":"YKSC","name":"","location":"","country":""}},{"type":"Feature","geometry":{"type":"Point","coordinates":[138.425995,-30.598301]},"properties":{"icao_code":"YLEC","name":"","location":"","country":""}},{"type":"Feature","geometry":{"type":"Point","coordinates":[121.315002,-28.878099]},"properties":{"icao_code":"YLEO","name":"","location":"","country":""}},{"type":"Feature","geometry":{"type":"Point","coordinates":[143.304993,-12.7869]},"properties":{"icao_code":"YLHR","name":"","location":"","country":""}},{"type":"Feature","geometry":{"type":"Point","coordinates":[153.258419,-28.830689]},"properties":{"icao_code":"YLIS","name":"","location":"","country":""}},{"type":"Feature","geometry":{"type":"Point","coordinates":[147.977146,-29.452857]},"properties":{"icao_code":"YLRD","name":"","location":"","country":""}},{"type":"Feature","geometry":{"type":"Point","coordinates":[144.279999,-23.4342]},"properties":{"icao_code":"YLRE","name":"","location":"","country":""}},{"type":"Feature","geometry":{"type":"Point","coordinates":[120.703003,-27.8433]},"properties":{"icao_code":"YLST","name":"","location":"","country":""}},{"type":"Feature","geometry":{"type":"Point","coordinates":[146.470817,-38.211004]},"properties":{"icao_code":"YLTV","name":"","location":"","country":""}},{"type":"Feature","geometry":{"type":"Point","coordinates":[144.468994,-38.039398]},"properties":{"icao_code":"YMAV","name":"","location":"","country":""}},{"type":"Feature","geometry":{"type":"Point","coordinates":[146.959148,-36.066758]},"properties":{"icao_code":"YMAY","name":"","location":"","country":""}},{"type":"Feature","geometry":{"type":"Point","coordinates":[145.424228,-17.070277]},"properties":{"icao_code":"YMBA","name":"","location":"","country":""}},{"type":"Feature","geometry":{"type":"Point","coordinates":[149.609452,-32.564794]},"properties":{"icao_code":"YMDG","name":"","location":"","country":""}},{"type":"Feature","geometry":{"type":"Point","coordinates":[118.547997,-26.6117]},"properties":{"icao_code":"YMEK","name":"","location":"","country":""}},{"type":"Feature","geometry":{"type":"Point","coordinates":[144.901993,-37.7281]},"properties":{"icao_code":"YMEN","name":"","location":"","country":""}},{"type":"Feature","geometry":{"type":"Point","coordinates":[149.901001,-36.9086]},"properties":{"icao_code":"YMER","name":"","location":"","country":""}},{"type":"Feature","geometry":{"type":"Point","coordinates":[134.233994,-12.0561]},"properties":{"icao_code":"YMGD","name":"","location":"","country":""}},{"type":"Feature","geometry":{"type":"Point","coordinates":[147.51295,-42.8371]},"properties":{"icao_code":"YMHB","name":"","location":"","country":""}},{"type":"Feature","geometry":{"type":"Point","coordinates":[142.085999,-34.229198]},"properties":{"icao_code":"YMIA","name":"","location":"","country":""}},{"type":"Feature","geometry":{"type":"Point","coordinates":[147.210785,-41.544935]},"properties":{"icao_code":"YMLT","name":"","location":"","country":""}},{"type":"Feature","geometry":{"type":"Point","coordinates":[145.102005,-37.9758]},"properties":{"icao_code":"YMMB","name":"","location":"","country":""}},{"type":"Feature","geometry":{"type":"Point","coordinates":[144.836432,-37.661548]},"properties":{"icao_code":"YMML","name":"","location":"","country":""}},{"type":"Feature","geometry":{"type":"Point","coordinates":[120.554937,-27.28733]},"properties":{"icao_code":"YMNE","name":"","location":"","country":""}},{"type":"Feature","geometry":{"type":"Point","coordinates":[117.842003,-28.1161]},"properties":{"icao_code":"YMOG","name":"","location":"","country":""}},{"type":"Feature","geometry":{"type":"Point","coordinates":[149.845001,-29.498899]},"properties":{"icao_code":"YMOR","name":"","location":"","country":""}},{"type":"Feature","geometry":{"type":"Point","coordinates":[148.076996,-22.0578]},"properties":{"icao_code":"YMRB","name":"","location":"","country":""}},{"type":"Feature","geometry":{"type":"Point","coordinates":[150.143997,-35.8978]},"properties":{"icao_code":"YMRY","name":"","location":"","country":""}},{"type":"Feature","geometry":{"type":"Point","coordinates":[140.780561,-37.744382]},"properties":{"icao_code":"YMTG","name":"","location":"","country":""}},{"type":"Feature","geometry":{"type":"Point","coordinates":[146.511993,-34.702202]},"properties":{"icao_code":"YNAR","name":"","location":"","country":""}},{"type":"Feature","geometry":{"type":"Point","coordinates":[149.826996,-30.319201]},"properties":{"icao_code":"YNBR","name":"","location":"","country":""}},{"type":"Feature","geometry":{"type":"Point","coordinates":[134.746994,-14.7228]},"properties":{"icao_code":"YNGU","name":"","location":"","country":""}},{"type":"Feature","geometry":{"type":"Point","coordinates":[141.069664,-17.68409]},"properties":{"icao_code":"YNTN","name":"","location":"","country":""}},{"type":"Feature","geometry":{"type":"Point","coordinates":[119.803001,-23.417801]},"properties":{"icao_code":"YNWN","name":"","location":"","country":""}},{"type":"Feature","geometry":{"type":"Point","coordinates":[149.131262,-33.382014]},"properties":{"icao_code":"YORG","name":"","location":"","country":""}},{"type":"Feature","geometry":{"type":"Point","coordinates":[138.533393,-34.947512]},"properties":{"icao_code":"YPAD","name":"","location":"","country":""}},{"type":"Feature","geometry":{"type":"Point","coordinates":[137.716995,-32.506901]},"properties":{"icao_code":"YPAG","name":"","location":"","country":""}},{"type":"Feature","geometry":{"type":"Point","coordinates":[117.745003,-23.171101]},"properties":{"icao_code":"YPBO","name":"","location":"","country":""}},{"type":"Feature","geometry":{"type":"Point","coordinates":[96.833696,-12.19134]},"properties":{"icao_code":"YPCC","name":"","location":"","country":""}},{"type":"Feature","geometry":{"type":"Point","coordinates":[130.88185,-12.41497]},"properties":{"icao_code":"YPDN","name":"","location":"","country":""}},{"type":"Feature","geometry":{"type":"Point","coordinates":[136.817993,-12.2694]},"properties":{"icao_code":"YPGV","name":"","location":"","country":""}},{"type":"Feature","geometry":{"type":"Point","coordinates":[137.994995,-33.238899]},"properties":{"icao_code":"YPIR","name":"","location":"","country":""}},{"type":"Feature","geometry":{"type":"Point","coordinates":[115.880997,-32.0975]},"properties":{"icao_code":"YPJT","name":"","location":"","country":""}},{"type":"Feature","geometry":{"type":"Point","coordinates":[116.773003,-20.7122]},"properties":{"icao_code":"YPKA","name":"","location":"","country":""}},{"type":"Feature","geometry":{"type":"Point","coordinates":[121.464586,-30.791543]},"properties":{"icao_code":"YPKG","name":"","location":"","country":""}},{"type":"Feature","geometry":{"type":"Point","coordinates":[148.238998,-33.131401]},"properties":{"icao_code":"YPKS","name":"","location":"","country":""}},{"type":"Feature","geometry":{"type":"Point","coordinates":[128.707993,-15.7781]},"properties":{"icao_code":"YPKU","name":"","location":"","country":""}},{"type":"Feature","geometry":{"type":"Point","coordinates":[135.880005,-34.605301]},"properties":{"icao_code":"YPLC","name":"","location":"","country":""}},{"type":"Feature","geometry":{"type":"Point","coordinates":[114.090024,-22.235201]},"properties":{"icao_code":"YPLM","name":"","location":"","country":""}},{"type":"Feature","geometry":{"type":"Point","coordinates":[152.863007,-31.435801]},"properties":{"icao_code":"YPMQ","name":"","location":"","country":""}},{"type":"Feature","geometry":{"type":"Point","coordinates":[141.470993,-38.3181]},"properties":{"icao_code":"YPOD","name":"","location":"","country":""}},{"type":"Feature","geometry":{"type":"Point","coordinates":[118.625999,-20.3778]},"properties":{"icao_code":"YPPD","name":"","location":"","country":""}},{"type":"Feature","geometry":{"type":"Point","coordinates":[115.967003,-31.9403]},"properties":{"icao_code":"YPPH","name":"","location":"","country":""}},{"type":"Feature","geometry":{"type":"Point","coordinates":[132.378006,-14.5211]},"properties":{"icao_code":"YPTN","name":"","location":"","country":""}},{"type":"Feature","geometry":{"type":"Point","coordinates":[105.690931,-10.449382]},"properties":{"icao_code":"YPXM","name":"","location":"","country":""}},{"type":"Feature","geometry":{"type":"Point","coordinates":[144.253006,-26.6122]},"properties":{"icao_code":"YQLP","name":"","location":"","country":""}},{"type":"Feature","geometry":{"type":"Point","coordinates":[140.673996,-34.1964]},"properties":{"icao_code":"YREN","name":"","location":"","country":""}},{"type":"Feature","geometry":{"type":"Point","coordinates":[148.774994,-26.545]},"properties":{"icao_code":"YROM","name":"","location":"","country":""}},{"type":"Feature","geometry":{"type":"Point","coordinates":[150.990792,-33.923618]},"properties":{"icao_code":"YSBK","name":"","location":"","country":""}},{"type":"Feature","geometry":{"type":"Point","coordinates":[149.195007,-35.3069]},"properties":{"icao_code":"YSCB","name":"","location":"","country":""}},{"type":"Feature","geometry":{"type":"Point","coordinates":[150.686406,-34.038338]},"properties":{"icao_code":"YSCN","name":"","location":"","country":""}},{"type":"Feature","geometry":{"type":"Point","coordinates":[148.574997,-32.216702]},"properties":{"icao_code":"YSDU","name":"","location":"","country":""}},{"type":"Feature","geometry":{"type":"Point","coordinates":[113.575802,-25.897294]},"properties":{"icao_code":"YSHK","name":"","location":"","country":""}},{"type":"Feature","geometry":{"type":"Point","coordinates":[145.391473,-36.428341]},"properties":{"icao_code":"YSHT","name":"","location":"","country":""}},{"type":"Feature","geometry":{"type":"Point","coordinates":[145.084,-40.834999]},"properties":{"icao_code":"YSMI","name":"","location":"","country":""}},{"type":"Feature","geometry":{"type":"Point","coordinates":[167.939616,-29.041887]},"properties":{"icao_code":"YSNF","name":"","location":"","country":""}},{"type":"Feature","geometry":{"type":"Point","coordinates":[150.542451,-34.9466]},"properties":{"icao_code":"YSNW","name":"","location":"","country":""}},{"type":"Feature","geometry":{"type":"Point","coordinates":[150.783051,-33.604652]},"properties":{"icao_code":"YSRI","name":"","location":"","country":""}},{"type":"Feature","geometry":{"type":"Point","coordinates":[151.177002,-33.946098]},"properties":{"icao_code":"YSSY","name":"","location":"","country":""}},{"type":"Feature","geometry":{"type":"Point","coordinates":[150.845484,-31.077898]},"properties":{"icao_code":"YSTW","name":"","location":"","country":""}},{"type":"Feature","geometry":{"type":"Point","coordinates":[147.46832,-35.163484]},"properties":{"icao_code":"YSWG","name":"","location":"","country":""}},{"type":"Feature","geometry":{"type":"Point","coordinates":[143.533005,-35.375801]},"properties":{"icao_code":"YSWH","name":"","location":"","country":""}},{"type":"Feature","geometry":{"type":"Point","coordinates":[142.740997,-37.071701]},"properties":{"icao_code":"YSWL","name":"","location":"","country":""}},{"type":"Feature","geometry":{"type":"Point","coordinates":[122.228996,-21.715]},"properties":{"icao_code":"YTEF","name":"","location":"","country":""}},{"type":"Feature","geometry":{"type":"Point","coordinates":[147.511993,-34.421398]},"properties":{"icao_code":"YTEM","name":"","location":"","country":""}},{"type":"Feature","geometry":{"type":"Point","coordinates":[143.812065,-27.986368]},"properties":{"icao_code":"YTGM","name":"","location":"","country":""}},{"type":"Feature","geometry":{"type":"Point","coordinates":[142.057999,-29.451099]},"properties":{"icao_code":"YTIB","name":"","location":"","country":""}},{"type":"Feature","geometry":{"type":"Point","coordinates":[148.240526,-35.26832]},"properties":{"icao_code":"YTMU","name":"","location":"","country":""}},{"type":"Feature","geometry":{"type":"Point","coordinates":[150.577967,-24.494863]},"properties":{"icao_code":"YTNG","name":"","location":"","country":""}},{"type":"Feature","geometry":{"type":"Point","coordinates":[134.182999,-19.634399]},"properties":{"icao_code":"YTNK","name":"","location":"","country":""}},{"type":"Feature","geometry":{"type":"Point","coordinates":[152.514008,-31.888599]},"properties":{"icao_code":"YTRE","name":"","location":"","country":""}},{"type":"Feature","geometry":{"type":"Point","coordinates":[142.668428,-25.410641]},"properties":{"icao_code":"YWDH","name":"","location":"","country":""}},{"type":"Feature","geometry":{"type":"Point","coordinates":[146.306896,-36.417914]},"properties":{"icao_code":"YWGT","name":"","location":"","country":""}},{"type":"Feature","geometry":{"type":"Point","coordinates":[137.514008,-33.058899]},"properties":{"icao_code":"YWHA","name":"","location":"","country":""}},{"type":"Feature","geometry":{"type":"Point","coordinates":[142.419006,-36.321098]},"properties":{"icao_code":"YWKB","name":"","location":"","country":""}},{"type":"Feature","geometry":{"type":"Point","coordinates":[148.126007,-30.032801]},"properties":{"icao_code":"YWLG","name":"","location":"","country":""}},{"type":"Feature","geometry":{"type":"Point","coordinates":[151.834,-32.794998]},"properties":{"icao_code":"YWLM","name":"","location":"","country":""}},{"type":"Feature","geometry":{"type":"Point","coordinates":[120.221001,-26.6292]},"properties":{"icao_code":"YWLU","name":"","location":"","country":""}},{"type":"Feature","geometry":{"type":"Point","coordinates":[146.965335,-38.090827]},"properties":{"icao_code":"YWSL","name":"","location":"","country":""}},{"type":"Feature","geometry":{"type":"Point","coordinates":[143.085999,-22.3636]},"properties":{"icao_code":"YWTN","name":"","location":"","country":""}},{"type":"Feature","geometry":{"type":"Point","coordinates":[147.190994,-33.937199]},"properties":{"icao_code":"YWWL","name":"","location":"","country":""}},{"type":"Feature","geometry":{"type":"Point","coordinates":[145.726,-40.997039]},"properties":{"icao_code":"YWYY","name":"","location":"","country":""}},{"type":"Feature","geometry":{"type":"Point","coordinates":[148.248001,-34.2556]},"properties":{"icao_code":"YYNG","name":"","location":"","country":""}},{"type":"Feature","geometry":{"type":"Point","coordinates":[116.584999,40.080101]},"properties":{"icao_code":"ZBAA","name":"","location":"","country":""}},{"type":"Feature","geometry":{"type":"Point","coordinates":[116.41092,39.509945]},"properties":{"icao_code":"ZBAD","name":"","location":"","country":""}},{"type":"Feature","geometry":{"type":"Point","coordinates":[116.256765,39.958592]},"properties":{"icao_code":"ZBBB","name":"","location":"","country":""}},{"type":"Feature","geometry":{"type":"Point","coordinates":[118.073889,41.1225]},"properties":{"icao_code":"ZBCD","name":"","location":"","country":""}},{"type":"Feature","geometry":{"type":"Point","coordinates":[118.840971,42.159723]},"properties":{"icao_code":"ZBCF","name":"","location":"","country":""}},{"type":"Feature","geometry":{"type":"Point","coordinates":[119.061384,39.666384]},"properties":{"icao_code":"ZBDH","name":"","location":"","country":""}},{"type":"Feature","geometry":{"type":"Point","coordinates":[109.8599,39.493514]},"properties":{"icao_code":"ZBDS","name":"","location":"","country":""}},{"type":"Feature","geometry":{"type":"Point","coordinates":[112.096667,43.4225]},"properties":{"icao_code":"ZBER","name":"","location":"","country":""}},{"type":"Feature","geometry":{"type":"Point","coordinates":[119.9117,47.3106]},"properties":{"icao_code":"ZBES","name":"","location":"","country":""}},{"type":"Feature","geometry":{"type":"Point","coordinates":[114.425556,36.525833]},"properties":{"icao_code":"ZBHD","name":"","location":"","country":""}},{"type":"Feature","geometry":{"type":"Point","coordinates":[111.824598,40.849658]},"properties":{"icao_code":"ZBHH","name":"","location":"","country":""}},{"type":"Feature","geometry":{"type":"Point","coordinates":[119.407222,45.487222]},"properties":{"icao_code":"ZBHZ","name":"","location":"","country":""}},{"type":"Feature","geometry":{"type":"Point","coordinates":[119.824997,49.205002]},"properties":{"icao_code":"ZBLA","name":"","location":"","country":""}},{"type":"Feature","geometry":{"type":"Point","coordinates":[111.641236,36.132629]},"properties":{"icao_code":"ZBLF","name":"","location":"","country":""}},{"type":"Feature","geometry":{"type":"Point","coordinates":[111.142778,37.683333]},"properties":{"icao_code":"ZBLL","name":"","location":"","country":""}},{"type":"Feature","geometry":{"type":"Point","coordinates":[117.33,49.566667]},"properties":{"icao_code":"ZBMZ","name":"","location":"","country":""}},{"type":"Feature","geometry":{"type":"Point","coordinates":[109.997002,40.560001]},"properties":{"icao_code":"ZBOW","name":"","location":"","country":""}},{"type":"Feature","geometry":{"type":"Point","coordinates":[114.696999,38.280701]},"properties":{"icao_code":"ZBSJ","name":"","location":"","country":""}},{"type":"Feature","geometry":{"type":"Point","coordinates":[117.346001,39.124401]},"properties":{"icao_code":"ZBTJ","name":"","location":"","country":""}},{"type":"Feature","geometry":{"type":"Point","coordinates":[122.199997,43.556702]},"properties":{"icao_code":"ZBTL","name":"","location":"","country":""}},{"type":"Feature","geometry":{"type":"Point","coordinates":[115.963997,43.9156]},"properties":{"icao_code":"ZBXH","name":"","location":"","country":""}},{"type":"Feature","geometry":{"type":"Point","coordinates":[111.031389,35.116391]},"properties":{"icao_code":"ZBYC","name":"","location":"","country":""}},{"type":"Feature","geometry":{"type":"Point","coordinates":[112.627998,37.746899]},"properties":{"icao_code":"ZBYN","name":"","location":"","country":""}},{"type":"Feature","geometry":{"type":"Point","coordinates":[107.7428,40.926]},"properties":{"icao_code":"ZBYZ","name":"","location":"","country":""}},{"type":"Feature","geometry":{"type":"Point","coordinates":[114.930278,40.738602]},"properties":{"icao_code":"ZBZJ","name":"","location":"","country":""}},{"type":"Feature","geometry":{"type":"Point","coordinates":[122.768662,47.865942]},"properties":{"icao_code":"ZBZL","name":"","location":"","country":""}},{"type":"Feature","geometry":{"type":"Point","coordinates":[109.293999,21.5394]},"properties":{"icao_code":"ZGBH","name":"","location":"","country":""}},{"type":"Feature","geometry":{"type":"Point","coordinates":[106.959999,23.7206]},"properties":{"icao_code":"ZGBS","name":"","location":"","country":""}},{"type":"Feature","geometry":{"type":"Point","coordinates":[111.639999,28.9189]},"properties":{"icao_code":"ZGCD","name":"","location":"","country":""}},{"type":"Feature","geometry":{"type":"Point","coordinates":[109.704666,27.443087]},"properties":{"icao_code":"ZGCJ","name":"","location":"","country":""}},{"type":"Feature","geometry":{"type":"Point","coordinates":[112.845404,25.753419]},"properties":{"icao_code":"ZGCZ","name":"","location":"","country":""}},{"type":"Feature","geometry":{"type":"Point","coordinates":[113.070833,23.0825]},"properties":{"icao_code":"ZGFS","name":"","location":"","country":""}},{"type":"Feature","geometry":{"type":"Point","coordinates":[113.299004,23.392401]},"properties":{"icao_code":"ZGGG","name":"","location":"","country":""}},{"type":"Feature","geometry":{"type":"Point","coordinates":[113.220001,28.189199]},"properties":{"icao_code":"ZGHA","name":"","location":"","country":""}},{"type":"Feature","geometry":{"type":"Point","coordinates":[107.710819,24.804344]},"properties":{"icao_code":"ZGHC","name":"","location":"","country":""}},{"type":"Feature","geometry":{"type":"Point","coordinates":[114.599998,23.049999]},"properties":{"icao_code":"ZGHZ","name":"","location":"","country":""}},{"type":"Feature","geometry":{"type":"Point","coordinates":[110.039553,25.219828]},"properties":{"icao_code":"ZGKL","name":"","location":"","country":""}},{"type":"Feature","geometry":{"type":"Point","coordinates":[111.610043,26.338661]},"properties":{"icao_code":"ZGLG","name":"","location":"","country":""}},{"type":"Feature","geometry":{"type":"Point","coordinates":[108.175335,22.608544]},"properties":{"icao_code":"ZGNN","name":"","location":"","country":""}},{"type":"Feature","geometry":{"type":"Point","coordinates":[116.5033,23.552]},"properties":{"icao_code":"ZGOW","name":"","location":"","country":""}},{"type":"Feature","geometry":{"type":"Point","coordinates":[113.375999,22.006399]},"properties":{"icao_code":"ZGSD","name":"","location":"","country":""}},{"type":"Feature","geometry":{"type":"Point","coordinates":[110.641042,26.806123]},"properties":{"icao_code":"ZGSY","name":"","location":"","country":""}},{"type":"Feature","geometry":{"type":"Point","coordinates":[113.810997,22.639299]},"properties":{"icao_code":"ZGSZ","name":"","location":"","country":""}},{"type":"Feature","geometry":{"type":"Point","coordinates":[111.09331,23.40316]},"properties":{"icao_code":"ZGWZ","name":"","location":"","country":""}},{"type":"Feature","geometry":{"type":"Point","coordinates":[110.120833,22.438056]},"properties":{"icao_code":"ZGYL","name":"","location":"","country":""}},{"type":"Feature","geometry":{"type":"Point","coordinates":[113.281574,29.311699]},"properties":{"icao_code":"ZGYY","name":"","location":"","country":""}},{"type":"Feature","geometry":{"type":"Point","coordinates":[109.390999,24.2075]},"properties":{"icao_code":"ZGZH","name":"","location":"","country":""}},{"type":"Feature","geometry":{"type":"Point","coordinates":[110.590278,21.481667]},"properties":{"icao_code":"ZGZJ","name":"","location":"","country":""}},{"type":"Feature","geometry":{"type":"Point","coordinates":[113.849165,34.526497]},"properties":{"icao_code":"ZHCC","name":"","location":"","country":""}},{"type":"Feature","geometry":{"type":"Point","coordinates":[115.03926,30.341178]},"properties":{"icao_code":"ZHEC","name":"","location":"","country":""}},{"type":"Feature","geometry":{"type":"Point","coordinates":[109.485001,30.320299]},"properties":{"icao_code":"ZHES","name":"","location":"","country":""}},{"type":"Feature","geometry":{"type":"Point","coordinates":[111.69425,32.38866]},"properties":{"icao_code":"ZHGH","name":"","location":"","country":""}},{"type":"Feature","geometry":{"type":"Point","coordinates":[114.213723,30.774798]},"properties":{"icao_code":"ZHHH","name":"","location":"","country":""}},{"type":"Feature","geometry":{"type":"Point","coordinates":[112.44854,30.29281]},"properties":{"icao_code":"ZHJZ","name":"","location":"","country":""}},{"type":"Feature","geometry":{"type":"Point","coordinates":[112.388,34.7411]},"properties":{"icao_code":"ZHLY","name":"","location":"","country":""}},{"type":"Feature","geometry":{"type":"Point","coordinates":[110.34,31.626]},"properties":{"icao_code":"ZHSN","name":"","location":"","country":""}},{"type":"Feature","geometry":{"type":"Point","coordinates":[110.906296,32.592889]},"properties":{"icao_code":"ZHSY","name":"","location":"","country":""}},{"type":"Feature","geometry":{"type":"Point","coordinates":[112.291666,32.152222]},"properties":{"icao_code":"ZHXF","name":"","location":"","country":""}},{"type":"Feature","geometry":{"type":"Point","coordinates":[114.079141,32.540819]},"properties":{"icao_code":"ZHXY","name":"","location":"","country":""}},{"type":"Feature","geometry":{"type":"Point","coordinates":[111.482563,30.554132]},"properties":{"icao_code":"ZHYC","name":"","location":"","country":""}},{"type":"Feature","geometry":{"type":"Point","coordinates":[110.459,19.9349]},"properties":{"icao_code":"ZJHK","name":"","location":"","country":""}},{"type":"Feature","geometry":{"type":"Point","coordinates":[110.452766,19.140951]},"properties":{"icao_code":"ZJQH","name":"","location":"","country":""}},{"type":"Feature","geometry":{"type":"Point","coordinates":[109.412003,18.3029]},"properties":{"icao_code":"ZJSY","name":"","location":"","country":""}},{"type":"Feature","geometry":{"type":"Point","coordinates":[129.647555,41.428538]},"properties":{"icao_code":"ZKHM","name":"","location":"","country":""}},{"type":"Feature","geometry":{"type":"Point","coordinates":[125.669998,39.224098]},"properties":{"icao_code":"ZKPY","name":"","location":"","country":""}},{"type":"Feature","geometry":{"type":"Point","coordinates":[127.473999,39.745201]},"properties":{"icao_code":"ZKSD","name":"","location":"","country":""}},{"type":"Feature","geometry":{"type":"Point","coordinates":[127.486,39.166801]},"properties":{"icao_code":"ZKWS","name":"","location":"","country":""}},{"type":"Feature","geometry":{"type":"Point","coordinates":[94.809196,40.161098]},"properties":{"icao_code":"ZLDH","name":"","location":"","country":""}},{"type":"Feature","geometry":{"type":"Point","coordinates":[100.301144,34.418066]},"properties":{"icao_code":"ZLGL","name":"","location":"","country":""}},{"type":"Feature","geometry":{"type":"Point","coordinates":[94.786102,36.4006]},"properties":{"icao_code":"ZLGM","name":"","location":"","country":""}},{"type":"Feature","geometry":{"type":"Point","coordinates":[106.216944,36.078889]},"properties":{"icao_code":"ZLGY","name":"","location":"","country":""}},{"type":"Feature","geometry":{"type":"Point","coordinates":[90.837843,38.201645]},"properties":{"icao_code":"ZLHX","name":"","location":"","country":""}},{"type":"Feature","geometry":{"type":"Point","coordinates":[106.393214,38.322758]},"properties":{"icao_code":"ZLIC","name":"","location":"","country":""}},{"type":"Feature","geometry":{"type":"Point","coordinates":[103.620003,36.515202]},"properties":{"icao_code":"ZLLL","name":"","location":"","country":""}},{"type":"Feature","geometry":{"type":"Point","coordinates":[105.790014,33.789918]},"properties":{"icao_code":"ZLLN","name":"","location":"","country":""}},{"type":"Feature","geometry":{"type":"Point","coordinates":[107.598896,35.802638]},"properties":{"icao_code":"ZLQY","name":"","location":"","country":""}},{"type":"Feature","geometry":{"type":"Point","coordinates":[109.120003,34.376701]},"properties":{"icao_code":"ZLSN","name":"","location":"","country":""}},{"type":"Feature","geometry":{"type":"Point","coordinates":[105.860343,34.5601]},"properties":{"icao_code":"ZLTS","name":"","location":"","country":""}},{"type":"Feature","geometry":{"type":"Point","coordinates":[102.622261,34.819014]},"properties":{"icao_code":"ZLXH","name":"","location":"","country":""}},{"type":"Feature","geometry":{"type":"Point","coordinates":[102.040062,36.530093]},"properties":{"icao_code":"ZLXN","name":"","location":"","country":""}},{"type":"Feature","geometry":{"type":"Point","coordinates":[108.751999,34.447102]},"properties":{"icao_code":"ZLXY","name":"","location":"","country":""}},{"type":"Feature","geometry":{"type":"Point","coordinates":[109.464083,36.479413]},"properties":{"icao_code":"ZLYA","name":"","location":"","country":""}},{"type":"Feature","geometry":{"type":"Point","coordinates":[97.036389,32.836389]},"properties":{"icao_code":"ZLYS","name":"","location":"","country":""}},{"type":"Feature","geometry":{"type":"Point","coordinates":[105.154454,37.573125]},"properties":{"icao_code":"ZLZW","name":"","location":"","country":""}},{"type":"Feature","geometry":{"type":"Point","coordinates":[102.802002,46.250301]},"properties":{"icao_code":"ZMAH","name":"","location":"","country":""}},{"type":"Feature","geometry":{"type":"Point","coordinates":[96.2211,46.3764]},"properties":{"icao_code":"ZMAT","name":"","location":"","country":""}},{"type":"Feature","geometry":{"type":"Point","coordinates":[100.704002,46.1633]},"properties":{"icao_code":"ZMBH","name":"","location":"","country":""}},{"type":"Feature","geometry":{"type":"Point","coordinates":[103.475998,48.855]},"properties":{"icao_code":"ZMBN","name":"","location":"","country":""}},{"type":"Feature","geometry":{"type":"Point","coordinates":[113.285004,46.660301]},"properties":{"icao_code":"ZMBU","name":"","location":"","country":""}},{"type":"Feature","geometry":{"type":"Point","coordinates":[114.646004,48.1357]},"properties":{"icao_code":"ZMCD","name":"","location":"","country":""}},{"type":"Feature","geometry":{"type":"Point","coordinates":[106.819833,47.646916]},"properties":{"icao_code":"ZMCK","name":"","location":"","country":""}},{"type":"Feature","geometry":{"type":"Point","coordinates":[104.367734,43.608628]},"properties":{"icao_code":"ZMDZ","name":"","location":"","country":""}},{"type":"Feature","geometry":{"type":"Point","coordinates":[91.628197,47.954102]},"properties":{"icao_code":"ZMKD","name":"","location":"","country":""}},{"type":"Feature","geometry":{"type":"Point","coordinates":[100.098999,49.6633]},"properties":{"icao_code":"ZMMN","name":"","location":"","country":""}},{"type":"Feature","geometry":{"type":"Point","coordinates":[106.766998,47.843102]},"properties":{"icao_code":"ZMUB","name":"","location":"","country":""}},{"type":"Feature","geometry":{"type":"Point","coordinates":[99.168297,25.053301]},"properties":{"icao_code":"ZPBS","name":"","location":"","country":""}},{"type":"Feature","geometry":{"type":"Point","coordinates":[99.373169,23.276331]},"properties":{"icao_code":"ZPCW","name":"","location":"","country":""}},{"type":"Feature","geometry":{"type":"Point","coordinates":[100.319,25.649401]},"properties":{"icao_code":"ZPDL","name":"","location":"","country":""}},{"type":"Feature","geometry":{"type":"Point","coordinates":[99.6772,27.7936]},"properties":{"icao_code":"ZPDQ","name":"","location":"","country":""}},{"type":"Feature","geometry":{"type":"Point","coordinates":[100.762224,21.974648]},"properties":{"icao_code":"ZPJH","name":"","location":"","country":""}},{"type":"Feature","geometry":{"type":"Point","coordinates":[99.784012,22.417733]},"properties":{"icao_code":"ZPJM","name":"","location":"","country":""}},{"type":"Feature","geometry":{"type":"Point","coordinates":[100.025002,23.7381]},"properties":{"icao_code":"ZPLC","name":"","location":"","country":""}},{"type":"Feature","geometry":{"type":"Point","coordinates":[100.246002,26.68]},"properties":{"icao_code":"ZPLJ","name":"","location":"","country":""}},{"type":"Feature","geometry":{"type":"Point","coordinates":[98.5317,24.4011]},"properties":{"icao_code":"ZPMS","name":"","location":"","country":""}},{"type":"Feature","geometry":{"type":"Point","coordinates":[102.936743,25.110313]},"properties":{"icao_code":"ZPPP","name":"","location":"","country":""}},{"type":"Feature","geometry":{"type":"Point","coordinates":[101.882004,25.737499]},"properties":{"icao_code":"ZPYM","name":"","location":"","country":""}},{"type":"Feature","geometry":{"type":"Point","coordinates":[118.127998,24.544001]},"properties":{"icao_code":"ZSAM","name":"","location":"","country":""}},{"type":"Feature","geometry":{"type":"Point","coordinates":[117.050003,30.582199]},"properties":{"icao_code":"ZSAQ","name":"","location":"","country":""}},{"type":"Feature","geometry":{"type":"Point","coordinates":[117.320244,32.847733]},"properties":{"icao_code":"ZSBB","name":"","location":"","country":""}},{"type":"Feature","geometry":{"type":"Point","coordinates":[119.77546,31.920485]},"properties":{"icao_code":"ZSCG","name":"","location":"","country":""}},{"type":"Feature","geometry":{"type":"Point","coordinates":[115.90271,28.864815]},"properties":{"icao_code":"ZSCN","name":"","location":"","country":""}},{"type":"Feature","geometry":{"type":"Point","coordinates":[118.789863,37.50137]},"properties":{"icao_code":"ZSDY","name":"","location":"","country":""}},{"type":"Feature","geometry":{"type":"Point","coordinates":[115.734364,32.882157]},"properties":{"icao_code":"ZSFY","name":"","location":"","country":""}},{"type":"Feature","geometry":{"type":"Point","coordinates":[119.66318,25.934669]},"properties":{"icao_code":"ZSFZ","name":"","location":"","country":""}},{"type":"Feature","geometry":{"type":"Point","coordinates":[120.428865,30.23609]},"properties":{"icao_code":"ZSHC","name":"","location":"","country":""}},{"type":"Feature","geometry":{"type":"Point","coordinates":[115.736748,35.212972]},"properties":{"icao_code":"ZSHZ","name":"","location":"","country":""}},{"type":"Feature","geometry":{"type":"Point","coordinates":[117.176003,29.3386]},"properties":{"icao_code":"ZSJD","name":"","location":"","country":""}},{"type":"Feature","geometry":{"type":"Point","coordinates":[116.743269,35.647358]},"properties":{"icao_code":"ZSJG","name":"","location":"","country":""}},{"type":"Feature","geometry":{"type":"Point","coordinates":[117.216003,36.857201]},"properties":{"icao_code":"ZSJN","name":"","location":"","country":""}},{"type":"Feature","geometry":{"type":"Point","coordinates":[118.898793,28.96613]},"properties":{"icao_code":"ZSJU","name":"","location":"","country":""}},{"type":"Feature","geometry":{"type":"Point","coordinates":[119.17899,34.41406]},"properties":{"icao_code":"ZSLG","name":"","location":"","country":""}},{"type":"Feature","geometry":{"type":"Point","coordinates":[116.745907,25.67592]},"properties":{"icao_code":"ZSLO","name":"","location":"","country":""}},{"type":"Feature","geometry":{"type":"Point","coordinates":[121.429001,28.562201]},"properties":{"icao_code":"ZSLQ","name":"","location":"","country":""}},{"type":"Feature","geometry":{"type":"Point","coordinates":[118.411828,35.052918]},"properties":{"icao_code":"ZSLY","name":"","location":"","country":""}},{"type":"Feature","geometry":{"type":"Point","coordinates":[121.461998,29.8267]},"properties":{"icao_code":"ZSNB","name":"","location":"","country":""}},{"type":"Feature","geometry":{"type":"Point","coordinates":[118.865949,31.735032]},"properties":{"icao_code":"ZSNJ","name":"","location":"","country":""}},{"type":"Feature","geometry":{"type":"Point","coordinates":[120.980076,32.073566]},"properties":{"icao_code":"ZSNT","name":"","location":"","country":""}},{"type":"Feature","geometry":{"type":"Point","coordinates":[116.9769,31.98779]},"properties":{"icao_code":"ZSOF","name":"","location":"","country":""}},{"type":"Feature","geometry":{"type":"Point","coordinates":[121.805,31.1434]},"properties":{"icao_code":"ZSPD","name":"","location":"","country":""}},{"type":"Feature","geometry":{"type":"Point","coordinates":[120.088171,36.361953]},"properties":{"icao_code":"ZSQD","name":"","location":"","country":""}},{"type":"Feature","geometry":{"type":"Point","coordinates":[118.588883,24.796587]},"properties":{"icao_code":"ZSQZ","name":"","location":"","country":""}},{"type":"Feature","geometry":{"type":"Point","coordinates":[120.501131,32.258341]},"properties":{"icao_code":"ZSRG","name":"","location":"","country":""}},{"type":"Feature","geometry":{"type":"Point","coordinates":[119.324403,35.405033]},"properties":{"icao_code":"ZSRZ","name":"","location":"","country":""}},{"type":"Feature","geometry":{"type":"Point","coordinates":[119.125,33.790833]},"properties":{"icao_code":"ZSSH","name":"","location":"","country":""}},{"type":"Feature","geometry":{"type":"Point","coordinates":[117.8336,26.4263]},"properties":{"icao_code":"ZSSM","name":"","location":"","country":""}},{"type":"Feature","geometry":{"type":"Point","coordinates":[117.9643,28.3797]},"properties":{"icao_code":"ZSSR","name":"","location":"","country":""}},{"type":"Feature","geometry":{"type":"Point","coordinates":[121.33426,31.198104]},"properties":{"icao_code":"ZSSS","name":"","location":"","country":""}},{"type":"Feature","geometry":{"type":"Point","coordinates":[120.401001,31.2631]},"properties":{"icao_code":"ZSSZ","name":"","location":"","country":""}},{"type":"Feature","geometry":{"type":"Point","coordinates":[118.255997,29.733299]},"properties":{"icao_code":"ZSTX","name":"","location":"","country":""}},{"type":"Feature","geometry":{"type":"Point","coordinates":[118.66687,31.1045]},"properties":{"icao_code":"ZSWA","name":"","location":"","country":""}},{"type":"Feature","geometry":{"type":"Point","coordinates":[119.119003,36.646702]},"properties":{"icao_code":"ZSWF","name":"","location":"","country":""}},{"type":"Feature","geometry":{"type":"Point","coordinates":[122.228996,37.187099]},"properties":{"icao_code":"ZSWH","name":"","location":"","country":""}},{"type":"Feature","geometry":{"type":"Point","coordinates":[120.429001,31.4944]},"properties":{"icao_code":"ZSWX","name":"","location":"","country":""}},{"type":"Feature","geometry":{"type":"Point","coordinates":[118.000999,27.7019]},"properties":{"icao_code":"ZSWY","name":"","location":"","country":""}},{"type":"Feature","geometry":{"type":"Point","coordinates":[120.853465,27.910572]},"properties":{"icao_code":"ZSWZ","name":"","location":"","country":""}},{"type":"Feature","geometry":{"type":"Point","coordinates":[117.555278,34.059056]},"properties":{"icao_code":"ZSXZ","name":"","location":"","country":""}},{"type":"Feature","geometry":{"type":"Point","coordinates":[119.7198,32.5634]},"properties":{"icao_code":"ZSYA","name":"","location":"","country":""}},{"type":"Feature","geometry":{"type":"Point","coordinates":[114.3062,27.8025]},"properties":{"icao_code":"ZSYC","name":"","location":"","country":""}},{"type":"Feature","geometry":{"type":"Point","coordinates":[120.203056,33.425833]},"properties":{"icao_code":"ZSYN","name":"","location":"","country":""}},{"type":"Feature","geometry":{"type":"Point","coordinates":[120.978124,37.659724]},"properties":{"icao_code":"ZSYT","name":"","location":"","country":""}},{"type":"Feature","geometry":{"type":"Point","coordinates":[120.03116,29.342095]},"properties":{"icao_code":"ZSYW","name":"","location":"","country":""}},{"type":"Feature","geometry":{"type":"Point","coordinates":[122.362,29.9342]},"properties":{"icao_code":"ZSZS","name":"","location":"","country":""}},{"type":"Feature","geometry":{"type":"Point","coordinates":[80.053971,32.09794]},"properties":{"icao_code":"ZUAL","name":"","location":"","country":""}},{"type":"Feature","geometry":{"type":"Point","coordinates":[105.873333,26.260556]},"properties":{"icao_code":"ZUAS","name":"","location":"","country":""}},{"type":"Feature","geometry":{"type":"Point","coordinates":[97.108299,30.5536]},"properties":{"icao_code":"ZUBD","name":"","location":"","country":""}},{"type":"Feature","geometry":{"type":"Point","coordinates":[105.472097,27.267066]},"properties":{"icao_code":"ZUBJ","name":"","location":"","country":""}},{"type":"Feature","geometry":{"type":"Point","coordinates":[106.651895,29.712254]},"properties":{"icao_code":"ZUCK","name":"","location":"","country":""}},{"type":"Feature","geometry":{"type":"Point","coordinates":[107.435646,31.048815]},"properties":{"icao_code":"ZUDA","name":"","location":"","country":""}},{"type":"Feature","geometry":{"type":"Point","coordinates":[100.060317,29.31632]},"properties":{"icao_code":"ZUDC","name":"","location":"","country":""}},{"type":"Feature","geometry":{"type":"Point","coordinates":[105.694571,32.390254]},"properties":{"icao_code":"ZUGU","name":"","location":"","country":""}},{"type":"Feature","geometry":{"type":"Point","coordinates":[106.803331,26.541466]},"properties":{"icao_code":"ZUGY","name":"","location":"","country":""}},{"type":"Feature","geometry":{"type":"Point","coordinates":[102.35224,32.53154]},"properties":{"icao_code":"ZUHY","name":"","location":"","country":""}},{"type":"Feature","geometry":{"type":"Point","coordinates":[103.682222,32.853333]},"properties":{"icao_code":"ZUJZ","name":"","location":"","country":""}},{"type":"Feature","geometry":{"type":"Point","coordinates":[101.73872,30.142464]},"properties":{"icao_code":"ZUKD","name":"","location":"","country":""}},{"type":"Feature","geometry":{"type":"Point","coordinates":[107.988,26.972]},"properties":{"icao_code":"ZUKJ","name":"","location":"","country":""}},{"type":"Feature","geometry":{"type":"Point","coordinates":[90.911951,29.298001]},"properties":{"icao_code":"ZULS","name":"","location":"","country":""}},{"type":"Feature","geometry":{"type":"Point","coordinates":[105.468407,29.030357]},"properties":{"icao_code":"ZULZ","name":"","location":"","country":""}},{"type":"Feature","geometry":{"type":"Point","coordinates":[106.435416,27.961837]},"properties":{"icao_code":"ZUMT","name":"","location":"","country":""}},{"type":"Feature","geometry":{"type":"Point","coordinates":[104.740997,31.428101]},"properties":{"icao_code":"ZUMY","name":"","location":"","country":""}},{"type":"Feature","geometry":{"type":"Point","coordinates":[109.1499,26.32217]},"properties":{"icao_code":"ZUNP","name":"","location":"","country":""}},{"type":"Feature","geometry":{"type":"Point","coordinates":[94.335297,29.303301]},"properties":{"icao_code":"ZUNZ","name":"","location":"","country":""}},{"type":"Feature","geometry":{"type":"Point","coordinates":[104.979,26.609417]},"properties":{"icao_code":"ZUPS","name":"","location":"","country":""}},{"type":"Feature","geometry":{"type":"Point","coordinates":[108.831111,29.513333]},"properties":{"icao_code":"ZUQJ","name":"","location":"","country":""}},{"type":"Feature","geometry":{"type":"Point","coordinates":[89.311401,29.3519]},"properties":{"icao_code":"ZURK","name":"","location":"","country":""}},{"type":"Feature","geometry":{"type":"Point","coordinates":[98.485833,24.938056]},"properties":{"icao_code":"ZPTC","name":"","location":"","country":""}},{"type":"Feature","geometry":{"type":"Point","coordinates":[104.441284,30.31252]},"properties":{"icao_code":"ZUTF","name":"","location":"","country":""}},{"type":"Feature","geometry":{"type":"Point","coordinates":[109.308889,27.883333]},"properties":{"icao_code":"ZUTR","name":"","location":"","country":""}},{"type":"Feature","geometry":{"type":"Point","coordinates":[103.945966,30.558257]},"properties":{"icao_code":"ZUUU","name":"","location":"","country":""}},{"type":"Feature","geometry":{"type":"Point","coordinates":[107.693664,29.465658]},"properties":{"icao_code":"ZUWL","name":"","location":"","country":""}},{"type":"Feature","geometry":{"type":"Point","coordinates":[102.183998,27.9891]},"properties":{"icao_code":"ZUXC","name":"","location":"","country":""}},{"type":"Feature","geometry":{"type":"Point","coordinates":[104.526157,28.858431]},"properties":{"icao_code":"ZUYB","name":"","location":"","country":""}},{"type":"Feature","geometry":{"type":"Point","coordinates":[104.960804,25.083423]},"properties":{"icao_code":"ZUYI","name":"","location":"","country":""}},{"type":"Feature","geometry":{"type":"Point","coordinates":[101.79852,26.54]},"properties":{"icao_code":"ZUZH","name":"","location":"","country":""}},{"type":"Feature","geometry":{"type":"Point","coordinates":[107.247189,27.810723]},"properties":{"icao_code":"ZUZY","name":"","location":"","country":""}},{"type":"Feature","geometry":{"type":"Point","coordinates":[80.291702,41.262501]},"properties":{"icao_code":"ZWAK","name":"","location":"","country":""}},{"type":"Feature","geometry":{"type":"Point","coordinates":[88.085808,47.749886]},"properties":{"icao_code":"ZWAT","name":"","location":"","country":""}},{"type":"Feature","geometry":{"type":"Point","coordinates":[82.30007,44.895461]},"properties":{"icao_code":"ZWBL","name":"","location":"","country":""}},{"type":"Feature","geometry":{"type":"Point","coordinates":[85.465462,38.234516]},"properties":{"icao_code":"ZWCM","name":"","location":"","country":""}},{"type":"Feature","geometry":{"type":"Point","coordinates":[89.512006,46.804169]},"properties":{"icao_code":"ZWFY","name":"","location":"","country":""}},{"type":"Feature","geometry":{"type":"Point","coordinates":[93.669197,42.8414]},"properties":{"icao_code":"ZWHM","name":"","location":"","country":""}},{"type":"Feature","geometry":{"type":"Point","coordinates":[86.140817,41.614979]},"properties":{"icao_code":"ZWKL","name":"","location":"","country":""}},{"type":"Feature","geometry":{"type":"Point","coordinates":[86.9959,48.2223]},"properties":{"icao_code":"ZWKN","name":"","location":"","country":""}},{"type":"Feature","geometry":{"type":"Point","coordinates":[83.3786,43.4318]},"properties":{"icao_code":"ZWNL","name":"","location":"","country":""}},{"type":"Feature","geometry":{"type":"Point","coordinates":[88.008333,38.974722]},"properties":{"icao_code":"ZWRQ","name":"","location":"","country":""}},{"type":"Feature","geometry":{"type":"Point","coordinates":[77.056149,38.24542]},"properties":{"icao_code":"ZWSC","name":"","location":"","country":""}},{"type":"Feature","geometry":{"type":"Point","coordinates":[76.019997,39.5429]},"properties":{"icao_code":"ZWSH","name":"","location":"","country":""}},{"type":"Feature","geometry":{"type":"Point","coordinates":[90.247498,42.911701]},"properties":{"icao_code":"ZWSS","name":"","location":"","country":""}},{"type":"Feature","geometry":{"type":"Point","coordinates":[89.0987,43.0308]},"properties":{"icao_code":"ZWTL","name":"","location":"","country":""}},{"type":"Feature","geometry":{"type":"Point","coordinates":[79.864899,37.038502]},"properties":{"icao_code":"ZWTN","name":"","location":"","country":""}},{"type":"Feature","geometry":{"type":"Point","coordinates":[87.474197,43.907101]},"properties":{"icao_code":"ZWWW","name":"","location":"","country":""}},{"type":"Feature","geometry":{"type":"Point","coordinates":[122.853996,41.105301]},"properties":{"icao_code":"ZYAS","name":"","location":"","country":""}},{"type":"Feature","geometry":{"type":"Point","coordinates":[123.019722,45.505278]},"properties":{"icao_code":"ZYBA","name":"","location":"","country":""}},{"type":"Feature","geometry":{"type":"Point","coordinates":[127.602222,42.066944]},"properties":{"icao_code":"ZYBS","name":"","location":"","country":""}},{"type":"Feature","geometry":{"type":"Point","coordinates":[125.684998,43.996201]},"properties":{"icao_code":"ZYCC","name":"","location":"","country":""}},{"type":"Feature","geometry":{"type":"Point","coordinates":[122.666944,39.266667]},"properties":{"icao_code":"ZYCH","name":"","location":"","country":""}},{"type":"Feature","geometry":{"type":"Point","coordinates":[120.434998,41.538101]},"properties":{"icao_code":"ZYCY","name":"","location":"","country":""}},{"type":"Feature","geometry":{"type":"Point","coordinates":[124.28669,40.025453]},"properties":{"icao_code":"ZYDD","name":"","location":"","country":""}},{"type":"Feature","geometry":{"type":"Point","coordinates":[126.128374,48.441037]},"properties":{"icao_code":"ZYDU","name":"","location":"","country":""}},{"type":"Feature","geometry":{"type":"Point","coordinates":[134.36298,48.197219]},"properties":{"icao_code":"ZYFY","name":"","location":"","country":""}},{"type":"Feature","geometry":{"type":"Point","coordinates":[126.25,45.623402]},"properties":{"icao_code":"ZYHB","name":"","location":"","country":""}},{"type":"Feature","geometry":{"type":"Point","coordinates":[127.308884,50.171621]},"properties":{"icao_code":"ZYHE","name":"","location":"","country":""}},{"type":"Feature","geometry":{"type":"Point","coordinates":[124.1175,50.371389]},"properties":{"icao_code":"ZYJD","name":"","location":"","country":""}},{"type":"Feature","geometry":{"type":"Point","coordinates":[130.464996,46.843399]},"properties":{"icao_code":"ZYJM","name":"","location":"","country":""}},{"type":"Feature","geometry":{"type":"Point","coordinates":[132.65792,47.108248]},"properties":{"icao_code":"ZYJS","name":"","location":"","country":""}},{"type":"Feature","geometry":{"type":"Point","coordinates":[131.193,45.293]},"properties":{"icao_code":"ZYJX","name":"","location":"","country":""}},{"type":"Feature","geometry":{"type":"Point","coordinates":[121.277114,40.936032]},"properties":{"icao_code":"ZYJZ","name":"","location":"","country":""}},{"type":"Feature","geometry":{"type":"Point","coordinates":[129.019125,47.752056]},"properties":{"icao_code":"ZYLD","name":"","location":"","country":""}},{"type":"Feature","geometry":{"type":"Point","coordinates":[129.569,44.524101]},"properties":{"icao_code":"ZYMD","name":"","location":"","country":""}},{"type":"Feature","geometry":{"type":"Point","coordinates":[122.422759,52.916871]},"properties":{"icao_code":"ZYMH","name":"","location":"","country":""}},{"type":"Feature","geometry":{"type":"Point","coordinates":[123.917999,47.239601]},"properties":{"icao_code":"ZYQQ","name":"","location":"","country":""}},{"type":"Feature","geometry":{"type":"Point","coordinates":[124.550178,44.938114]},"properties":{"icao_code":"ZYSQ","name":"","location":"","country":""}},{"type":"Feature","geometry":{"type":"Point","coordinates":[121.538477,38.965719]},"properties":{"icao_code":"ZYTL","name":"","location":"","country":""}},{"type":"Feature","geometry":{"type":"Point","coordinates":[125.733963,42.048435]},"properties":{"icao_code":"ZYTN","name":"","location":"","country":""}},{"type":"Feature","geometry":{"type":"Point","coordinates":[123.483002,41.639801]},"properties":{"icao_code":"ZYTX","name":"","location":"","country":""}},{"type":"Feature","geometry":{"type":"Point","coordinates":[120.700374,40.580328]},"properties":{"icao_code":"ZYXC","name":"","location":"","country":""}},{"type":"Feature","geometry":{"type":"Point","coordinates":[129.451004,42.882801]},"properties":{"icao_code":"ZYYJ","name":"","location":"","country":""}},{"type":"Feature","geometry":{"type":"Point","coordinates":[122.3586,40.542524]},"properties":{"icao_code":"ZYYK","name":"","location":"","country":""}}]}